source,destination,action,sha256,size_bytes
3. Семинары/Лекция 1/Пояснения/complete_modernized.ipynb,01_foundations/01_business_analytics/notebooks/data_analytics_foundations_complete.ipynb,selected,9c03ab4391f7963bd805c6d48b1f172c39937ced11d418cdc26ea0432d019f84,192469
3. Семинары/Лекция 1/Пояснения/Лекция по аналитике данных.pdf,01_foundations/01_business_analytics/materials/data_analytics_lecture.pdf,selected,b7515a0d01a22f4658a27dd369704a826732aa5d9429695eaa6169f18601e9c6,178596
3. Семинары/Лекция 1/Инструкция_ipynb.docx,01_foundations/01_business_analytics/materials/jupyter_notebook_quick_guide.docx,selected,173598c90318a8639f4922fc20fff769574aba89d1a0f9b18967ff40cc3d5541,214450
2. Вебинары/Вебинар 1/data_sources_webinar_kit_v2/data_sources_student_handout.docx,01_foundations/02_data_sources/materials/data_sources_student_handout.docx,selected,2a2ba39cc408ac32d63484c202011e48d859dfc0d9f69c021f3e377d565900bd,39628
2. Вебинары/Вебинар 1/data_sources_webinar_kit_v2/data_sources_webinar_presentation.pptx,01_foundations/02_data_sources/materials/data_sources_webinar_presentation.pptx,selected,a23feb96476c9379f6d54289d0172afa67efec37221392853ae660669fc17afc,666913
2. Вебинары/Вебинар 1/data_sources_webinar_kit_v2/data_sources_practice_csv/README_practice_dataset.md,01_foundations/02_data_sources/practice/data_sources_practice_csv/README_practice_dataset.md,selected_tree,8f3a8cb0b653118683f7e15170aeab8d5bc1d789a42fc25d6a495b504946f895,3646
2. Вебинары/Вебинар 1/data_sources_webinar_kit_v2/data_sources_practice_csv/csv/business_questions.csv,01_foundations/02_data_sources/practice/data_sources_practice_csv/csv/business_questions.csv,selected_tree,1edfeb1e2617a664ca140c12f0bf718efb9f34e27c35c0ad21de37237a4e0447,801
2. Вебинары/Вебинар 1/data_sources_webinar_kit_v2/data_sources_practice_csv/csv/clients.csv,01_foundations/02_data_sources/practice/data_sources_practice_csv/csv/clients.csv,selected_tree,ba97af97e47d4aa3f024d44897a50d8c1bef9ed54cfadcb374ea3f131dc5cccb,3252
2. Вебинары/Вебинар 1/data_sources_webinar_kit_v2/data_sources_practice_csv/csv/customer_reviews.csv,01_foundations/02_data_sources/practice/data_sources_practice_csv/csv/customer_reviews.csv,selected_tree,351eb3b71cd988f5aebb37877e8eaad3023f5dfdd8760f5d58271a6c1d18d62a,4752
2. Вебинары/Вебинар 1/data_sources_webinar_kit_v2/data_sources_practice_csv/csv/data_dictionary.csv,01_foundations/02_data_sources/practice/data_sources_practice_csv/csv/data_dictionary.csv,selected_tree,45f40d0c40bafa25da17d98254eeef6891ce6bc8a289455c72d829b889aaf7c9,2827
2. Вебинары/Вебинар 1/data_sources_webinar_kit_v2/data_sources_practice_csv/csv/external_source_links.csv,01_foundations/02_data_sources/practice/data_sources_practice_csv/csv/external_source_links.csv,selected_tree,ccf4dfc4bd5abf87ae245816be6db88960366e21206a484bec7f5c0cfb1577e3,1022
2. Вебинары/Вебинар 1/data_sources_webinar_kit_v2/data_sources_practice_csv/csv/marketing_channels.csv,01_foundations/02_data_sources/practice/data_sources_practice_csv/csv/marketing_channels.csv,selected_tree,21eb537ae87af6ed81f7aef9e6ae8beadbdd79ec50bbfe4d341f926da786df14,1349
2. Вебинары/Вебинар 1/data_sources_webinar_kit_v2/data_sources_practice_csv/csv/products.csv,01_foundations/02_data_sources/practice/data_sources_practice_csv/csv/products.csv,selected_tree,ea26cd450e41897c328379e055efe7bbd6e126a140b0716d575ebf5c6395113d,1764
2. Вебинары/Вебинар 1/data_sources_webinar_kit_v2/data_sources_practice_csv/csv/regions.csv,01_foundations/02_data_sources/practice/data_sources_practice_csv/csv/regions.csv,selected_tree,a64b02bfecbfaad9935708debb647321972d5106db0b2fe5c78d83be576eaaf9,861
2. Вебинары/Вебинар 1/data_sources_webinar_kit_v2/data_sources_practice_csv/csv/sales.csv,01_foundations/02_data_sources/practice/data_sources_practice_csv/csv/sales.csv,selected_tree,f281009c93fdb9abb8bb46364f6197219016ab3fc36e6778130553cdea0d6106,9949
2. Вебинары/Вебинар 1/data_sources_webinar_kit_v2/data_sources_practice_csv/csv/site_events_log.csv,01_foundations/02_data_sources/practice/data_sources_practice_csv/csv/site_events_log.csv,selected_tree,8716e22ba5bfbecb52d51dbc2ac103bc278be8bc4f8a47cff93b1d424534d8f2,17303
2. Вебинары/Вебинар 1/data_sources_webinar_kit_v2/data_sources_practice_csv/csv/source_catalog.csv,01_foundations/02_data_sources/practice/data_sources_practice_csv/csv/source_catalog.csv,selected_tree,9e1948699b5807f88ffeba32541fc44f6d02ac7f44d6c7a5f235975689c7e089,2390
2. Вебинары/Вебинар 1/data_sources_webinar_kit_v2/data_sources_practice_csv/data_sources_templates.xlsx,01_foundations/02_data_sources/practice/data_sources_practice_csv/data_sources_templates.xlsx,selected_tree,f664139e28769fc142fe4303e7eb136f54c418ccb26909f3717c48de9b25a8e2,13362
2. Вебинары/Вебинар 1/data_sources_webinar_kit_v2/data_sources_practice_csv/student_practice_instruction.md,01_foundations/02_data_sources/practice/data_sources_practice_csv/student_practice_instruction.md,selected_tree,6ff86bd2e0f6e35f2ff65be5a3a7b24bff54c23130ab02a435b78adc04ce2f7e,1754
3. Семинары/Лекция 2/01_mysql_start_crud_beginner.md,01_foundations/04_sql/materials/01_mysql_start_crud_beginner.md,selected,435511522e88ee06cbb1726811b39fe35b192051aa50a63f5b66f78d963fe2f8,33120
3. Семинары/Лекция 2/01_mysql_start_crud_beginner.pdf,01_foundations/04_sql/materials/01_mysql_start_crud_beginner.pdf,selected,cc52cf805eaef5b0f128fdbd88edf93c3624a072f403650e8d7581d77053496b,557684
3. Семинары/Лекция 2/02_mysql_relations_joins_beginner.md,01_foundations/04_sql/materials/02_mysql_relations_joins_beginner.md,selected,772253665c004dd84db352ef4ad7aaa30f54772bd34e0afc4df63ad26c555279,45310
3. Семинары/Лекция 2/02_mysql_relations_joins_beginner.pdf,01_foundations/04_sql/materials/02_mysql_relations_joins_beginner.pdf,selected,622efd97e912b3e0e96331d68e802f2d7703e15ada414ea99dc297281e76ea24,635413
3. Семинары/Лекция 2/03_sql_result_as_dataframe_intro.ipynb,01_foundations/04_sql/notebooks/03_sql_result_as_dataframe_intro.ipynb,selected,0350e667c4921842ca26bde9ac3fb29164991e4c627ca708cee4cea332e337ba,31395
3. Семинары/Лекция 2/04_assignment_sql_pandas_bridge.ipynb,01_foundations/04_sql/notebooks/04_assignment_sql_pandas_bridge.ipynb,selected,9c93acb28b9e46622e2e1596f7ab355abc752682c0fce94fb6e10e13eca9a9f4,31599
3. Семинары/Лекция 2/Альтернатива/00_sqlite_backup_no_docker_no_mysql_student.ipynb,01_foundations/04_sql/notebooks/sqlite_backup_student.ipynb,selected,d0aaa08ffb4e2df406d808d95eac39c6d68bf02e0f1a7d962027b8c0bc36acf5,45633
3. Семинары/Лекция 2/Альтернатива/00_sqlite_backup_instruction_for_LMS.md,01_foundations/04_sql/materials/sqlite_backup_instruction.md,selected,ed20879c25f90cb2c1ec940795584d8b0a83db09ef126121b9cc8c17a9189b17,3251
3. Семинары/Лекция 2/Лекционный_материал_SQL_MySQL_pandas_для_слушателей.docx,01_foundations/04_sql/materials/sql_mysql_pandas_student_guide.docx,selected,69d110655db9add02c6a7e6471eba75642df8b7961780935859cefd3522a8a1a,50982
2. Вебинары/Вебинар 4/sql_web_presentation_mockup_QA_clean.html,01_foundations/04_sql/materials/sql_web_presentation.html,selected,fd3b8b2efe8d5fa2c327cb39d36a4bcbfe722bfaea66200be91872ab87ec631f,37664
2. Вебинары/Вебинар 3/web_presentation_data_collection_tools.html,01_foundations/05_collection_tools/materials/data_collection_tools_presentation.html,selected,294f5db79f46ab109970b06baf5f95413fbcc6c93bead6cbc344446d662d32bd,54241
2. Вебинары/Вебинар 3/Гайдбук- как защищать токены и секреты в Jupyter Notebook и Google Colab.pdf,01_foundations/05_collection_tools/materials/jupyter_colab_secrets_security_guide.pdf,selected,01ea55dc371adfcb50cc981b05227a1cb5f58fc8c7ef8865506f75d0f69b92c0,124813
3. Семинары/Лекция 3/README.md,01_foundations/06_data_integration/integrated_project/README.md,selected_tree,8a8d4d8e9664a4f871f32c6f76950457228864b24ec585c21a0bed0f2a28c951,20893
3. Семинары/Лекция 3/data/raw/clients.csv,01_foundations/06_data_integration/integrated_project/data/raw/clients.csv,selected_tree,441794ff3b2a872ff9f8833ff5951643eaeb09abdaff23b22d08e3ec578e8369,1083
3. Семинары/Лекция 3/data/raw/products.xlsx,01_foundations/06_data_integration/integrated_project/data/raw/products.xlsx,selected_tree,6861fd07bb4771bf72a48fa1dac3cbce9824ad9b786cb1b687a95d166b04abaf,8928
3. Семинары/Лекция 3/data/raw/regions.json,01_foundations/06_data_integration/integrated_project/data/raw/regions.json,selected_tree,a28367733d519a8948aa44546a5e56ba12dbe1585ac5d26261f3516bd7e22608,1841
3. Семинары/Лекция 3/data/raw/sales.csv,01_foundations/06_data_integration/integrated_project/data/raw/sales.csv,selected_tree,956cc015b4959059d79800c8d2cd905308b7bec732ac3cac2dfc9c20ed66ebf3,3153
3. Семинары/Лекция 3/data/raw/web_table_sample.html,01_foundations/06_data_integration/integrated_project/data/raw/web_table_sample.html,selected_tree,92422c5df7f6e0e445dbb431c21638292648c9cc62ec646d801be5052d532d93,1830
3. Семинары/Лекция 3/docs/DATA_DICTIONARY.md,01_foundations/06_data_integration/integrated_project/docs/DATA_DICTIONARY.md,selected_tree,0954202db7b5e8732b5bb52754f82429bb020fd006c3e6e0e52fcc521915f5b4,2258
3. Семинары/Лекция 3/docs/README_datasets.md,01_foundations/06_data_integration/integrated_project/docs/README_datasets.md,selected_tree,9036cbba75f57f9850ef69a341212a4a86e31cc6863fee17387b834c496ff53b,2028
3. Семинары/Лекция 3/docs/chart_type_selection.md,01_foundations/06_data_integration/integrated_project/docs/chart_type_selection.md,selected_tree,8e709c6ed91cd5542abfdf33d63d006bb68f2f774e6f7eaa2fe7cf570f5b793d,18407
3. Семинары/Лекция 3/docs/data_formats_explanation.md,01_foundations/06_data_integration/integrated_project/docs/data_formats_explanation.md,selected_tree,694732eece76a89e60320099a0782f53751d220637a70d6d7e962dffe5e5fc44,21255
3. Семинары/Лекция 3/docs/groupby_explanation.md,01_foundations/06_data_integration/integrated_project/docs/groupby_explanation.md,selected_tree,3424f2599bab15eb374d80fee2b2377c40a7c6a050ea0583ee41358a9916705b,26022
3. Семинары/Лекция 3/docs/listener_handout.md,01_foundations/06_data_integration/integrated_project/docs/listener_handout.md,selected_tree,c53dc6b527a617f2b5cde97d479f10e2d6cfd28fe845ec012190bb957bbe5c78,32995
3. Семинары/Лекция 3/docs/merge_join_explanation.md,01_foundations/06_data_integration/integrated_project/docs/merge_join_explanation.md,selected_tree,5e39ca83345fbdd14de0c08fab4c03fd08bd50788cb032d683e457ee90f4ec14,24345
3. Семинары/Лекция 3/docs/offline_install_guide.md,01_foundations/06_data_integration/integrated_project/docs/offline_install_guide.md,selected_tree,dfe9637172390dce3d389ec0792fabd243aa14354c2282a03e5c3ae1f3307e93,23459
3. Семинары/Лекция 3/docs/pivot_table_explanation.md,01_foundations/06_data_integration/integrated_project/docs/pivot_table_explanation.md,selected_tree,2db22ad01cb42d1fe960d688f7c49eb6ffad018358ae5f678caccfb9be2a6985,26809
3. Семинары/Лекция 3/docs/software_alternatives_ru.md,01_foundations/06_data_integration/integrated_project/docs/software_alternatives_ru.md,selected_tree,4c60922cbb866a6d85221963f697eee86e30fe53f103312e4a008f6667379909,35973
3. Семинары/Лекция 3/docs/vscode_workflow.md,01_foundations/06_data_integration/integrated_project/docs/vscode_workflow.md,selected_tree,71b2b3cc957eca4d6cdd4e1864a736f5019bc1025449a5e554b9bce0105cd353,21013
3. Семинары/Лекция 3/environment_check.py,01_foundations/06_data_integration/integrated_project/environment_check.py,selected_tree,45ce4ff3accf609785e202ed197b96203fba33a37da29485014c32d2d176ac8f,6557
3. Семинары/Лекция 3/notebooks_student/00_setup_and_check.ipynb,01_foundations/06_data_integration/integrated_project/notebooks_student/00_setup_and_check.ipynb,selected_tree,6befb58970b95e00556f0705dceb033db741d6e3b5255c104f0cedd9898b6bb3,20565
3. Семинары/Лекция 3/notebooks_student/00_setup_and_check_fixed.ipynb,01_foundations/06_data_integration/integrated_project/notebooks_student/00_setup_and_check_fixed.ipynb,selected_tree,08e5d37ae39969b003700c3402ed45a7b498f918bd226aae98133bb3322382b4,18716
3. Семинары/Лекция 3/notebooks_student/01_data_loading_formats.ipynb,01_foundations/06_data_integration/integrated_project/notebooks_student/01_data_loading_formats.ipynb,selected_tree,7606e1099a08ade61aaa44290b98722d8bc0f11164c44e96240e76237ebb0a60,38864
3. Семинары/Лекция 3/notebooks_student/02_dataframe_types_and_quality.ipynb,01_foundations/06_data_integration/integrated_project/notebooks_student/02_dataframe_types_and_quality.ipynb,selected_tree,99ed773791f1110e10dcd9ac74ac2c0bace4e88d61ac9dd47386ef2a66b1956a,44903
3. Семинары/Лекция 3/notebooks_student/03_data_integration.ipynb,01_foundations/06_data_integration/integrated_project/notebooks_student/03_data_integration.ipynb,selected_tree,644e749dda6d19a7761a67a46e555436b91b9ff77d7bb11548c0303ac734f328,50679
3. Семинары/Лекция 3/notebooks_student/04_basic_analysis.ipynb,01_foundations/06_data_integration/integrated_project/notebooks_student/04_basic_analysis.ipynb,selected_tree,10641f78c2d041ee3f070aff09c173008928db937208c12bbb49f24fbab5a845,43039
3. Семинары/Лекция 3/notebooks_student/05_basic_visualization.ipynb,01_foundations/06_data_integration/integrated_project/notebooks_student/05_basic_visualization.ipynb,selected_tree,14db55ab9507de7909c604af441f20eeed3b208d70db7b476db9e4af60f1953a,37957
3. Семинары/Лекция 3/notebooks_student/06_python_to_r_bridge.ipynb,01_foundations/06_data_integration/integrated_project/notebooks_student/06_python_to_r_bridge.ipynb,selected_tree,f36adb52324f2d9822858f072b8db7d3ddc910e34c547eebe1bb0482ce9baae2,43042
3. Семинары/Лекция 3/notebooks_student/07_final_practice_case.ipynb,01_foundations/06_data_integration/integrated_project/notebooks_student/07_final_practice_case.ipynb,selected_tree,3ed693f1c7d56ca92d8f1937b966312c57caca3689059d7a9e262ce4ac9b3e0b,41427
3. Семинары/Лекция 3/quarto/python_r_report.qmd,01_foundations/06_data_integration/integrated_project/quarto/python_r_report.qmd,selected_tree,edac21c7d0e6b36541be45bac3572cb237592b55cb1f16aff72f395fb101a337,15041
3. Семинары/Лекция 3/r/01_read_python_result.R,01_foundations/06_data_integration/integrated_project/r/01_read_python_result.R,selected_tree,5d0cf3e13c77c87b3179efffe89f24a775766e61d1578f006caedc7b5c716be3,4671
3. Семинары/Лекция 3/r/02_duckdb_from_r.R,01_foundations/06_data_integration/integrated_project/r/02_duckdb_from_r.R,selected_tree,b4a6789130be1388a82b25d93fe0ddd54a9567ba14245e5da4b2c6e3c6e24e21,4971
3. Семинары/Лекция 3/r/03_basic_r_visualization.R,01_foundations/06_data_integration/integrated_project/r/03_basic_r_visualization.R,selected_tree,fbec664cb5a448bf224446d411d87d2597f7f5e13d3940cf704cd6293e258467,6175
3. Семинары/Лекция 3/r/install_packages.R,01_foundations/06_data_integration/integrated_project/r/install_packages.R,selected_tree,530280dace62855d5b6260c2ba7130ce61fc1d27b1b066ca9f33353f1fd97b1c,4290
3. Семинары/Лекция 3/requirements.txt,01_foundations/06_data_integration/integrated_project/requirements.txt,selected_tree,fd5ba3a68ee6b7f28dc2dc34ba3d6c0b915623b7a54c0c75f3fc724024b6d874,59
2. Вебинары/Вебинар 22.06.26/integrated_practice_webinar_files_v2/integrated_practice_webinar_files_v2/README.md,02_processing/01_python/integrated_practice/README.md,selected_tree,c80800f280f28b41aa338d6038d353ff2def9a080ba4ae4bc2d460a0f007b1c2,4857
2. Вебинары/Вебинар 22.06.26/integrated_practice_webinar_files_v2/integrated_practice_webinar_files_v2/data/processed/.gitkeep,02_processing/01_python/integrated_practice/data/processed/.gitkeep,selected_tree,e3b0c44298fc1c149afbf4c8996fb92427ae41e4649b934ca495991b7852b855,0
2. Вебинары/Вебинар 22.06.26/integrated_practice_webinar_files_v2/integrated_practice_webinar_files_v2/data/processed/README.md,02_processing/01_python/integrated_practice/data/processed/README.md,selected_tree,6b68994a72ced2d209512c7bc5ea4e50fb5d4864594ceb96b26cf066a4b9d8b3,130
2. Вебинары/Вебинар 22.06.26/integrated_practice_webinar_files_v2/integrated_practice_webinar_files_v2/data/raw/clients.csv,02_processing/01_python/integrated_practice/data/raw/clients.csv,selected_tree,f435a3257dfa7d396ce640ebe426b2bd42dff9db451d7087142dea5c52485cb1,1957
2. Вебинары/Вебинар 22.06.26/integrated_practice_webinar_files_v2/integrated_practice_webinar_files_v2/data/raw/products.xlsx,02_processing/01_python/integrated_practice/data/raw/products.xlsx,selected_tree,96fd736e60491d67176901bcdde487573b6586a02c89aac45ae3d3399a138a3e,6364
2. Вебинары/Вебинар 22.06.26/integrated_practice_webinar_files_v2/integrated_practice_webinar_files_v2/data/raw/regions.json,02_processing/01_python/integrated_practice/data/raw/regions.json,selected_tree,c0a3e6ae6b767efac8c19d41ebaac9196bdc6f27adfe02a69954db70f8239a9b,1064
2. Вебинары/Вебинар 22.06.26/integrated_practice_webinar_files_v2/integrated_practice_webinar_files_v2/data/raw/sales.csv,02_processing/01_python/integrated_practice/data/raw/sales.csv,selected_tree,45f583ddbd44e079df26fe997f7d05df9001bcb4910d3e3a52a579ac41c28fc6,17209
2. Вебинары/Вебинар 22.06.26/integrated_practice_webinar_files_v2/integrated_practice_webinar_files_v2/docs/data_dictionary.md,02_processing/01_python/integrated_practice/docs/data_dictionary.md,selected_tree,c04ca6428c8b5d49b02374bd92f4ed23a54de7f4d307b42ef5017f81a8eef892,5008
2. Вебинары/Вебинар 22.06.26/integrated_practice_webinar_files_v2/integrated_practice_webinar_files_v2/docs/extra_practice_student_handout.md,02_processing/01_python/integrated_practice/docs/extra_practice_student_handout.md,selected_tree,1a1b0bb65174ed3710b72d48e4936241ee2ebd4ddb0eb8e2a96e0700a47eba54,6018
2. Вебинары/Вебинар 22.06.26/integrated_practice_webinar_files_v2/integrated_practice_webinar_files_v2/docs/manifest.json,02_processing/01_python/integrated_practice/docs/manifest.json,selected_tree,2ea5e9a0ad28c7aeef39c6f686e58e529bff9a5b05f7d30662bf3270f5fd1a2c,2467
2. Вебинары/Вебинар 22.06.26/integrated_practice_webinar_files_v2/integrated_practice_webinar_files_v2/docs/post_assignment.md,02_processing/01_python/integrated_practice/docs/post_assignment.md,selected_tree,165fb8d4ef7ee96ff04d6792525a9abbfdfa7316ed850e2eeebf57e09263d4f9,9219
2. Вебинары/Вебинар 22.06.26/integrated_practice_webinar_files_v2/integrated_practice_webinar_files_v2/docs/post_assignment_checklist.md,02_processing/01_python/integrated_practice/docs/post_assignment_checklist.md,selected_tree,94a616dabbda57caea7af620f7858844a7ef58b841c003cf3c63f343567f041c,1953
2. Вебинары/Вебинар 22.06.26/integrated_practice_webinar_files_v2/integrated_practice_webinar_files_v2/docs/post_assignment_rubric.md,02_processing/01_python/integrated_practice/docs/post_assignment_rubric.md,selected_tree,111e17f0f4eb8e3e4d65d7d8a0e7452bca22d9865b7ffa986c765207147170ad,2565
2. Вебинары/Вебинар 22.06.26/integrated_practice_webinar_files_v2/integrated_practice_webinar_files_v2/docs/russian_terms_glossary.md,02_processing/01_python/integrated_practice/docs/russian_terms_glossary.md,selected_tree,1cff9e8f09b866e2eac05005f9a5b0247b4c83205559b845dceaac64938a5781,6767
2. Вебинары/Вебинар 22.06.26/integrated_practice_webinar_files_v2/integrated_practice_webinar_files_v2/notebooks/extra_practice_analytics_report.ipynb,02_processing/01_python/integrated_practice/notebooks/extra_practice_analytics_report.ipynb,selected_tree,3f2a4e741a95ec7864b42875d4a9f75c735d0a7b73a172193bc9ed43b6bae40e,21663
2. Вебинары/Вебинар 22.06.26/integrated_practice_webinar_files_v2/integrated_practice_webinar_files_v2/notebooks/post_assignment_template.ipynb,02_processing/01_python/integrated_practice/notebooks/post_assignment_template.ipynb,selected_tree,a2ebf318b83c65379388de32b3672713c8c4c1e229a58d44636774316420724d,16553
2. Вебинары/Вебинар 22.06.26/integrated_practice_webinar_files_v2/integrated_practice_webinar_files_v2/notebooks/student_practice.ipynb,02_processing/01_python/integrated_practice/notebooks/student_practice.ipynb,selected_tree,538f744e9959e171040c05669b875d8e6aca4945ca9c6aec4de8155d544fad26,43991
2. Вебинары/Вебинар 22.06.26/integrated_practice_webinar_files_v2/integrated_practice_webinar_files_v2/requirements.txt,02_processing/01_python/integrated_practice/requirements.txt,selected_tree,91079b94e9c8572554d30c7a329633cb985cb7c3e84c52b341ecfbc4db1bd26e,67
2. Вебинары/Вебинар 22.06.26/integrated_practice_webinar_files_v2/integrated_practice_webinar_files_v2/scripts/check_sqlite.py,02_processing/01_python/integrated_practice/scripts/check_sqlite.py,selected_tree,11acd6c8ff955401319b1d4b9790d135f792ae8aaeafd363d5284ee54d6b8b49,714
2. Вебинары/Вебинар 22.06.26/integrated_practice_webinar_files_v2/integrated_practice_webinar_files_v2/sql/analytics_demo.sqlite,02_processing/01_python/integrated_practice/sql/analytics_demo.sqlite,selected_tree,d8657ea51e11df8b73636d6163a69cfbd56d834404e954fcded7a21fa50d6a08,40960
2. Вебинары/Вебинар 22.06.26/integrated_practice_webinar_files_v2/integrated_practice_webinar_files_v2/sql/create_database.sql,02_processing/01_python/integrated_practice/sql/create_database.sql,selected_tree,6102fc002739dc0c433e80aa4fb7c29c2853d9e44e19d431b62a96f0364b0e65,886
2. Вебинары/Вебинар 22.06.26/integrated_practice_webinar_files_v2/integrated_practice_webinar_files_v2/sql/extra_practice_queries_template.sql,02_processing/01_python/integrated_practice/sql/extra_practice_queries_template.sql,selected_tree,e54ddcb218e5fd0bac18d191ab8dc97d1a73e932eedb5f12a9b64ee490cfd367,2441
2. Вебинары/Вебинар 22.06.26/integrated_practice_webinar_files_v2/integrated_practice_webinar_files_v2/sql/post_assignment_queries_template.sql,02_processing/01_python/integrated_practice/sql/post_assignment_queries_template.sql,selected_tree,7693c39f44005e4858e043eed13818f6ebac3ef7ec9b84c8c900aa01a5d2ffdc,1707
2. Вебинары/Вебинар 22.06.26/integrated_practice_webinar_files_v2/integrated_practice_webinar_files_v2/sql/practice_queries.sql,02_processing/01_python/integrated_practice/sql/practice_queries.sql,selected_tree,03d66d5ff3ae55f1a0d58c7fdd083a40f2eec4c1321025eb25f418a6ff00b029,1816
2. Вебинары/Вебинар 22.06.26/integrated_practice_webinar_files_v2/integrated_practice_webinar_files_v2/sql/queries_with_russian_labels.sql,02_processing/01_python/integrated_practice/sql/queries_with_russian_labels.sql,selected_tree,b1f8c734853bd17d423b20169cbce17b4213997f4105fbf6dd6b409867bbd6ca,2965
3. Семинары/Лекция 4/data_cleaning_full_practice_beginner.ipynb,02_processing/02_cleaning/notebooks/data_cleaning_full_practice_beginner.ipynb,selected,fbddc6bbd409e9f9ee1dabf9ba9c4c54dc8cdcebb4b65ea8fdd14a3759c4e5da,69892
3. Семинары/Лекция 4/instruction_before_practice_data_cleaning.md,02_processing/02_cleaning/materials/practice_instruction.md,selected,4bfcc1a91bdb1a4d78bf89b912c8c5a90f34a130cd758d5ae26e6748261e4d86,11598
2. Вебинары/Вебинра 23.06.26/data_transformation_practical_kit_v1_ready_for_webinar/data_transformation_practical_kit_v1_ready_for_webinar/README.md,02_processing/03_transformation/transformation_practice/README.md,selected_tree,bfade0f68967f5ac6ed021bfa15a55d35723c9024357310e4b5c37ffdc857ce5,3260
2. Вебинары/Вебинра 23.06.26/data_transformation_practical_kit_v1_ready_for_webinar/data_transformation_practical_kit_v1_ready_for_webinar/data/raw/clients.csv,02_processing/03_transformation/transformation_practice/data/raw/clients.csv,selected_tree,c29dfbf3e8755f04a991bc97dcb3cf9892e37c536f2012810f91dda03ea5ec84,1987
2. Вебинары/Вебинра 23.06.26/data_transformation_practical_kit_v1_ready_for_webinar/data_transformation_practical_kit_v1_ready_for_webinar/data/raw/products.xlsx,02_processing/03_transformation/transformation_practice/data/raw/products.xlsx,selected_tree,39411039925ea9e1491b44e5244d2a85195e62a73f572600e08f52456c9d03cf,5886
2. Вебинары/Вебинра 23.06.26/data_transformation_practical_kit_v1_ready_for_webinar/data_transformation_practical_kit_v1_ready_for_webinar/data/raw/regions.json,02_processing/03_transformation/transformation_practice/data/raw/regions.json,selected_tree,dffeee5678a8abc7ac23741ed1a88ee47d250d64725c1d2deb7d58c53aec573d,1122
2. Вебинары/Вебинра 23.06.26/data_transformation_practical_kit_v1_ready_for_webinar/data_transformation_practical_kit_v1_ready_for_webinar/data/raw/sales.csv,02_processing/03_transformation/transformation_practice/data/raw/sales.csv,selected_tree,044377c91680765218661101db89f05b9c5235c1e19b6ed0ed8c69a21b09a320,14219
2. Вебинары/Вебинра 23.06.26/data_transformation_practical_kit_v1_ready_for_webinar/data_transformation_practical_kit_v1_ready_for_webinar/notebooks/data_transformation_demo.ipynb,02_processing/03_transformation/transformation_practice/notebooks/data_transformation_demo.ipynb,selected_tree,eea7e5d0fb92aad64c0423265d462352328e4a5794ed3180537294fc30c77dd4,23189
2. Вебинары/Вебинра 23.06.26/data_transformation_practical_kit_v1_ready_for_webinar/data_transformation_practical_kit_v1_ready_for_webinar/requirements.txt,02_processing/03_transformation/transformation_practice/requirements.txt,selected_tree,5b7ec9fdf70bdb8708cc1803f90047795485f9278f2138413d6e0e5c96433994,116
3. Семинары/Лекция 5/data_quality_audit_case_v6/data_quality_audit_case_v1/data/raw/sales.csv,02_processing/04_scaling/normalization_case/data/raw/sales.csv,selected,a3714c2ff41a27345aefffa331754d1e5fbfd20cefe291ad1324cb7d3c67980f,13496
3. Семинары/Лекция 5/data_quality_audit_case_v6/data_quality_audit_case_v1/data/raw/clients.csv,02_processing/04_scaling/normalization_case/data/raw/clients.csv,selected,b6ce900ca6ff55b96fe685423c1adca51d00836a90c71d543fbec0a371daaa46,1265
3. Семинары/Лекция 5/data_quality_audit_case_v6/data_quality_audit_case_v1/data/raw/products.xlsx,02_processing/04_scaling/normalization_case/data/raw/products.xlsx,selected,ab46f12ae6a33e6672376d0682e18f7277b8f6a00a6fd672e53fa2215bb5d1d0,4930
3. Семинары/Лекция 5/data_quality_audit_case_v6/data_quality_audit_case_v1/data/raw/regions.json,02_processing/04_scaling/normalization_case/data/raw/regions.json,selected,83d3924b7f27e53bff1e1e1ee1ea011f423a4c358378f2f009be7b9058356ae8,720
3. Семинары/Лекция 5/data_quality_audit_case_v6/data_quality_audit_case_v1/docs/data_dictionary.md,02_processing/04_scaling/normalization_case/docs/data_dictionary.md,selected,ef58579e08ddcc136ff9695e7fa8ddee28b9c659f70ac3073d932848e7a99fea,1765
3. Семинары/Лекция 5/data_quality_audit_case_v6/data_quality_audit_case_v1/docs/normalization_standardization_guide.md,02_processing/04_scaling/normalization_case/docs/normalization_standardization_guide.md,selected,b6a7f372ebafdff7c3b74e7add9bf66eb9637a2f02d86b9ded839cf4a3946790,2094
3. Семинары/Лекция 5/data_quality_audit_case_v6/data_quality_audit_case_v1/docs/final_integration_student_instruction.md,02_processing/04_scaling/normalization_case/docs/final_integration_student_instruction.md,selected,3b7e71154b5451db81124f80471c8db796b9840210678961cd1e12a19a60fa88,3885
3. Семинары/Лекция 5/data_quality_audit_case_v6/data_quality_audit_case_v1/docs/final_seminar_checklist.md,02_processing/04_scaling/normalization_case/docs/final_seminar_checklist.md,selected,99af53c981ecfc705f9e8b179a4d6eb9713b9daf4b1ce83433802820f2de24ca,2751
3. Семинары/Лекция 5/data_quality_audit_case_v6/data_quality_audit_case_v1/docs/final_post_assignment.md,02_processing/04_scaling/normalization_case/docs/final_post_assignment.md,selected,44fcab4fb89d80c8934c9cb360702aa7f95ed7ef856b7a36a8c7d4e26c31aed5,2838
3. Семинары/Лекция 5/data_quality_audit_case_v6/data_quality_audit_case_v1/notebooks/02_normalization_standardization_datamart.ipynb,02_processing/04_scaling/normalization_case/notebooks/02_normalization_standardization_datamart.ipynb,selected,d582fa196a4b5fdd98bd2ddf10fe27f54388ff4952596c6b19317eefbbcf4402,20199
3. Семинары/Лекция 5/data_quality_audit_case_v6/data_quality_audit_case_v1/requirements.txt,02_processing/04_scaling/normalization_case/requirements.txt,selected,7b05a4cdb46287cce4845f050484b854f830da7e75a1ceb2e15914a10c3cbf0b,39
2. Вебинары/Вебинар 04.08.26/r_data_processing_webinar_v1/r_data_processing_webinar/MANIFEST.md,02_processing/05_r/r_practice/MANIFEST.md,selected_tree,687ef7a34f73f18b95e59f0303b2f2a77c56f601d4c58e1c451173011893742c,2646
2. Вебинары/Вебинар 04.08.26/r_data_processing_webinar_v1/r_data_processing_webinar/README.md,02_processing/05_r/r_practice/README.md,selected_tree,5a15824fb929b142867145692825454d26adce98825cc589576b5334593724e5,3988
2. Вебинары/Вебинар 04.08.26/r_data_processing_webinar_v1/r_data_processing_webinar/data/retail_sales.csv,02_processing/05_r/r_practice/data/retail_sales.csv,selected_tree,f3a63779bcdf196db3fa9eb882c852976503c5388a103baa86d9995336635f4f,85528
2. Вебинары/Вебинар 04.08.26/r_data_processing_webinar_v1/r_data_processing_webinar/materials/common_errors.md,02_processing/05_r/r_practice/materials/common_errors.md,selected_tree,c15fb82de9739dacb2ac91d52759d6aaaac74a7d36d37d79fba22cd44097e14a,1915
2. Вебинары/Вебинар 04.08.26/r_data_processing_webinar_v1/r_data_processing_webinar/materials/data_dictionary.md,02_processing/05_r/r_practice/materials/data_dictionary.md,selected_tree,cbda85bd0dfcc8b285ead0ccaa8dc656f8fdca44f34a13e0316379bab30db31e,1821
2. Вебинары/Вебинар 04.08.26/r_data_processing_webinar_v1/r_data_processing_webinar/materials/knowledge_check.md,02_processing/05_r/r_practice/materials/knowledge_check.md,selected_tree,1a24c5cba65bcc5eeafe5bc15113ee22e1671eb3c50e826739251ad23a95fea4,2142
2. Вебинары/Вебинар 04.08.26/r_data_processing_webinar_v1/r_data_processing_webinar/materials/post_assignment.md,02_processing/05_r/r_practice/materials/post_assignment.md,selected_tree,cfaed4731bb3b4c22ed3844776dfe8d24484184c1c223d0158f870f88331dc93,1908
2. Вебинары/Вебинар 04.08.26/r_data_processing_webinar_v1/r_data_processing_webinar/materials/self_checklist.md,02_processing/05_r/r_practice/materials/self_checklist.md,selected_tree,2071de2fb48f0cf2b4b97b4a3a05599577c6e9f360ca9716e2fc98891b87c22d,1108
2. Вебинары/Вебинар 04.08.26/r_data_processing_webinar_v1/r_data_processing_webinar/materials/student_handout.md,02_processing/05_r/r_practice/materials/student_handout.md,selected_tree,fa71ae9243db1dad03e4fec0c2342da7f2a4be0efc0f923254555134a45aa658,3386
2. Вебинары/Вебинар 04.08.26/r_data_processing_webinar_v1/r_data_processing_webinar/r_data_basics.Rproj,02_processing/05_r/r_practice/r_data_basics.Rproj,selected_tree,826f654e0d0eee1ede4be6707d554e549d37d39cead057600e57ab3e11acccb4,190
2. Вебинары/Вебинар 04.08.26/r_data_processing_webinar_v1/r_data_processing_webinar/scripts/environment_check.R,02_processing/05_r/r_practice/scripts/environment_check.R,selected_tree,6079dc0b50e673c89fd6ae3c97732d0537dd31e9c5f51653a270dc861bcedfec,678
2. Вебинары/Вебинар 04.08.26/r_data_processing_webinar_v1/r_data_processing_webinar/scripts/install_packages.R,02_processing/05_r/r_practice/scripts/install_packages.R,selected_tree,72b4f2b2403ceca95aab7e7eb6e990c7548039753dfbf310ce3876703e2924dd,456
2. Вебинары/Вебинар 04.08.26/r_data_processing_webinar_v1/r_data_processing_webinar/scripts/student_practice.R,02_processing/05_r/r_practice/scripts/student_practice.R,selected_tree,748e8a19c7fa5fb0502bbf05eac914d5b83ea5c9cd62d0848be22a4db6a26cdb,5032
2. Вебинары/Вебинар 04.08.26/r_data_processing_rstudio_presentation.pptx,02_processing/05_r/materials/r_data_processing_presentation.pptx,selected,e722510720f8d5cc8a6212061db7df37a213cc02afbec6979d0d1a6964748ce0,510975
3. Семинары/Лекция 5/data_quality_audit_case_v6/data_quality_audit_case_v1/r/03_r_check_environment.R,02_processing/05_r/r_practice/extensions/03_r_check_environment.R,selected,cf0ffbfa604c6ceb833e6535ebba45a8aacdc9cddb7c0be326f24fddc03f469f,1214
3. Семинары/Лекция 5/data_quality_audit_case_v6/data_quality_audit_case_v1/r/03_r_first_steps_student.R,02_processing/05_r/r_practice/extensions/03_r_first_steps_student.R,selected,08c73664f65b3e839ce55e9fcdf10eebfcea9ce73cf4eef4219690163e802c46,7554
3. Семинары/Лекция 5/data_quality_audit_case_v6/data_quality_audit_case_v1/r/03_setup_packages.R,02_processing/05_r/r_practice/extensions/03_setup_packages.R,selected,cb4ab0167df583b2fbee6d0a2d09924c1fee57055ab999c0e49e14c05241ef5c,1160
3. Семинары/Лекция 5/data_quality_audit_case_v6/data_quality_audit_case_v1/r/04_r_data_transformation_student.R,02_processing/05_r/r_practice/extensions/04_r_data_transformation_student.R,selected,1c26895ff73e7aeb50ce54640fed39ca200631ebef742cabe80062e46f8b9d85,12629
3. Семинары/Лекция 5/data_quality_audit_case_v6/data_quality_audit_case_v1/r/05_compare_results_in_r.R,02_processing/05_r/r_practice/extensions/05_compare_results_in_r.R,selected,dae3423bcf7227db0b96fb8d7832982f514a686a7260d9dbe3b3c4882195902c,2037
3. Семинары/Лекция 5/data_quality_audit_case_v6/data_quality_audit_case_v1/docs/r_data_transformation_guide.md,02_processing/05_r/r_practice/extensions/r_data_transformation_guide.md,selected,5498965355a462ada8e4e2d8f1072170eb46965aeaff55d3b5789d4fd6966320,4319
3. Семинары/Лекция 5/data_quality_audit_case_v6/data_quality_audit_case_v1/docs/r_installation_and_first_steps.md,02_processing/05_r/r_practice/extensions/r_installation_and_first_steps.md,selected,8124db11d09f5f51d3d997ebff1743028f702d96fc50750f3af2779891190938,4833
3. Семинары/Лекция 5/data_quality_audit_case_v6/data_quality_audit_case_v1/docs/r_student_instruction.md,02_processing/05_r/r_practice/extensions/r_student_instruction.md,selected,126098684cd98095da7d6f7223d491d246f40f8737399af966698ea2d779d540,2170
3. Семинары/Лекция 5/data_quality_audit_case_v6/data_quality_audit_case_v1/docs/r_transformation_student_instruction.md,02_processing/05_r/r_practice/extensions/r_transformation_student_instruction.md,selected,269c7f0fac26130eee5beacad429bb495f218848702d66088ddf08d57337e5c1,3233
3. Семинары/Лекция 5/data_quality_audit_case_v6/data_quality_audit_case_v1/docs/r_troubleshooting.md,02_processing/05_r/r_practice/extensions/r_troubleshooting.md,selected,d3a28deb6e08a15cdbfe1117df6ec27f18be2b1f78249b957ec237c253aa203c,2879
2. Вебинары/Вебинар 06.08.26/big_data_webinar_student_kit/big_data_webinar_student_kit/README.md,02_processing/06_big_data/big_data_student_kit/README.md,selected_tree,72cfd32c1156ba3392a048bef37ecf8b3dceb16abec4f86f6b6558254b6a3e3f,824
2. Вебинары/Вебинар 06.08.26/big_data_webinar_student_kit/big_data_webinar_student_kit/assessment/01_entry_diagnostic_student.md,02_processing/06_big_data/big_data_student_kit/assessment/01_entry_diagnostic_student.md,selected_tree,6ad89f97a60a6d8476c9bc3cce42cc3e3174f608f5e4f25eac0be1be715b71ff,4738
2. Вебинары/Вебинар 06.08.26/big_data_webinar_student_kit/big_data_webinar_student_kit/assessment/04_final_test_student.md,02_processing/06_big_data/big_data_student_kit/assessment/04_final_test_student.md,selected_tree,943172f0c1cd3bd324b6ef135e4b2fa8918012ab0fdf96627955b98a22f218cc,8549
2. Вебинары/Вебинар 06.08.26/big_data_webinar_student_kit/big_data_webinar_student_kit/assessment/06_post_assignment_student.md,02_processing/06_big_data/big_data_student_kit/assessment/06_post_assignment_student.md,selected_tree,b19cd18efea0336763cee10cc8fccb722d31d38a2d691f872d66c4d5bbe201da,5492
2. Вебинары/Вебинар 06.08.26/big_data_webinar_student_kit/big_data_webinar_student_kit/assessment/07_post_assignment_rubric.md,02_processing/06_big_data/big_data_student_kit/assessment/07_post_assignment_rubric.md,selected_tree,101acf58b108160659099446955c8a65871d9cf099d742373f9fb83ed33de94d,2996
2. Вебинары/Вебинар 06.08.26/big_data_webinar_student_kit/big_data_webinar_student_kit/data/raw/events_lite.csv,02_processing/06_big_data/big_data_student_kit/data/raw/events_lite.csv,selected_tree,1613142d95381015868984558f5823f9020c1f0d245fbb00368ff2a9882fe74c,35143489
2. Вебинары/Вебинар 06.08.26/big_data_webinar_student_kit/big_data_webinar_student_kit/materials/data_dictionary.md,02_processing/06_big_data/big_data_student_kit/materials/data_dictionary.md,selected_tree,a5c1199c151cde9125e7c02203d1de8ec4c4817cf7abdaece811cb29c2b59021,1934
2. Вебинары/Вебинар 06.08.26/big_data_webinar_student_kit/big_data_webinar_student_kit/materials/self_checklist.md,02_processing/06_big_data/big_data_student_kit/materials/self_checklist.md,selected_tree,89d23f1d8ba83ace9c015b20fd066a9ccc0c78f52356315b4ad5a7443f674012,1185
2. Вебинары/Вебинар 06.08.26/big_data_webinar_student_kit/big_data_webinar_student_kit/notebooks/student_practice.ipynb,02_processing/06_big_data/big_data_student_kit/notebooks/student_practice.ipynb,selected_tree,6ed896bf96526e09ebd9ff3bfdd86ad34e2003ddd8810f3bf060b02f9debbde2,24505
2. Вебинары/Вебинар 06.08.26/big_data_webinar_student_kit/big_data_webinar_student_kit/requirements.txt,02_processing/06_big_data/big_data_student_kit/requirements.txt,selected_tree,68dde27e64236127373594c6712127ec15daf8e72233d6045ecf6fa48b8b5e80,73
2. Вебинары/Вебинар 06.08.26/big_data_webinar_student_kit/big_data_webinar_student_kit/scripts/generate_events.py,02_processing/06_big_data/big_data_student_kit/scripts/generate_events.py,selected_tree,3930f61517943acaeb1fd59265374f1ccf51cbffae231aaba15acf35c64ce8e7,4797
2. Вебинары/Вебинар 06.08.26/big_data_webinar_student_kit/big_data_webinar_student_kit/ИНСТРУКЦИЯ.md,02_processing/06_big_data/big_data_student_kit/practice_instruction.md,selected_tree,13f6c9c5c0ce63dbf1a313163d954a07ce6ce70ab2b3055d16c6f3e61e8aac80,2612
3. Семинары/Лекция 7/support_service_student_package/README.md,03_analysis/01_statistics/support_service_case/README.md,selected_tree,5100f4968a26915e883b54165b749f37bd417bdcfc32cca7d89ff248679bdf3b,1512
3. Семинары/Лекция 7/support_service_student_package/data/raw/customers.csv,03_analysis/01_statistics/support_service_case/data/raw/customers.csv,selected_tree,c4363ec26fcb2fe394d2b7cb3a2eddfca12d3acb6a81b0bd5413b5f50a74d3d8,11152
3. Семинары/Лекция 7/support_service_student_package/data/raw/regions.csv,03_analysis/01_statistics/support_service_case/data/raw/regions.csv,selected_tree,a7362c7035ad78d027b0108f7a4bc1332301e26313f8cefdf04a5a87322d6b0c,420
3. Семинары/Лекция 7/support_service_student_package/data/raw/support_tickets.csv,03_analysis/01_statistics/support_service_case/data/raw/support_tickets.csv,selected_tree,7b5ed8a35427b179c82b753ecd45515533cc03ab291b52180395ec8505f460e6,121973
3. Семинары/Лекция 7/support_service_student_package/materials/data_dictionary.md,03_analysis/01_statistics/support_service_case/materials/data_dictionary.md,selected_tree,cf8ac3c566e94a12d62b26d88956654f4b6e18da0b73ca7cb69f18a491b018d1,4340
3. Семинары/Лекция 7/support_service_student_package/materials/hypothesis_cards.md,03_analysis/01_statistics/support_service_case/materials/hypothesis_cards.md,selected_tree,9009b9afe8be21887194423f808f88c0f9827c0d2ec36400556de456301d94a4,1835
3. Семинары/Лекция 7/support_service_student_package/materials/self_checklist.md,03_analysis/01_statistics/support_service_case/materials/self_checklist.md,selected_tree,d05c726e9d51554f2ee97ed71651d181b73f088bafc46c9675ffdff522a4dbab,1267
3. Семинары/Лекция 7/support_service_student_package/materials/student_instruction.md,03_analysis/01_statistics/support_service_case/materials/student_instruction.md,selected_tree,91cd449c9cff4e82633b4680f702ab9b2dc3f0e6af3396f7b73f8ee2195320e7,2756
3. Семинары/Лекция 7/support_service_student_package/notebooks/student_practice.ipynb,03_analysis/01_statistics/support_service_case/notebooks/student_practice.ipynb,selected_tree,abcc0e1e986701854af76f64bbd9e9d8e3eeef76f0ec3a490e60b3af573a3666,75071
3. Семинары/Лекция 7/support_service_student_package/requirements.txt,03_analysis/01_statistics/support_service_case/requirements.txt,selected_tree,9cbd8c9d21070e70ab75dcf0a5ca8c3a9beb7a88605ccbdc401fa624a44f57f6,73
nested_archive::item_7/relationships_and_hypothesis_testing_from_a_to_z_commented_executed.ipynb,03_analysis/02_relationships/notebooks/relationships_and_hypothesis_testing.ipynb,selected_nested_zip,2ab4b2c73f2fdf8b71170e6b37697806e0b77243e4bdf0ba3623bce2751a4d3e,467617
2. Вебинары/Вебинр 10.07.26/hypothesis_timeseries_student_package/README.md,03_analysis/03_hypotheses/hypothesis_timeseries_case/README.md,selected_tree,794df0f22f1344e36ba0e806a257c3e1b513449fb7b4efbd921121dc67a51058,3823
2. Вебинары/Вебинр 10.07.26/hypothesis_timeseries_student_package/data/raw/support_tickets.csv,03_analysis/03_hypotheses/hypothesis_timeseries_case/data/raw/support_tickets.csv,selected_tree,1bfceaf137dda22578c438664c5f4a91786ad00e6371dd6b81e8044898170a43,64137
2. Вебинары/Вебинр 10.07.26/hypothesis_timeseries_student_package/materials/data_dictionary.md,03_analysis/03_hypotheses/hypothesis_timeseries_case/materials/data_dictionary.md,selected_tree,01d23a8d7e564a55e51540f9e77c653b48a1ccdcece42709a8ffa375f5e9122f,2362
2. Вебинары/Вебинр 10.07.26/hypothesis_timeseries_student_package/materials/student_assignment_brief.md,03_analysis/03_hypotheses/hypothesis_timeseries_case/materials/student_assignment_brief.md,selected_tree,b4a94d081679fbbba9d5f23c3f8edbcd81bee2ca0345882dcbd0b5cc2a90428f,2054
2. Вебинары/Вебинр 10.07.26/hypothesis_timeseries_student_package/notebooks/hypothesis_timeseries_student_template.ipynb,03_analysis/03_hypotheses/hypothesis_timeseries_case/notebooks/hypothesis_timeseries_student_template.ipynb,selected_tree,d63749bde7da739e2b1b40d78def0ef64fca09aa703cb402067793a06378872f,20732
2. Вебинары/Вебинр 10.07.26/hypothesis_timeseries_student_package/requirements.txt,03_analysis/03_hypotheses/hypothesis_timeseries_case/requirements.txt,selected_tree,3186eca7ac78324bfc8851768f34cce079c063a73de47c35af96482d4fc2f6ba,51
2. Вебинары/Вебинр 10.07.26/hypothesis_timeseries_student_package/scripts/generate_support_tickets.py,03_analysis/03_hypotheses/hypothesis_timeseries_case/scripts/generate_support_tickets.py,selected_tree,055c162b859f6a6420e039aa5cc2a87b0761ada62b1f6e1637fe272dc17e2ed2,3592
2. Вебинары/Вебинр 10.07.26/hypothesis_timeseries_student_template_with_arima.ipynb,03_analysis/03_hypotheses/hypothesis_timeseries_case/notebooks/hypothesis_timeseries_arima_extension.ipynb,selected,ae2bcd5215b17bec54a28cfc992cefbaaaf951a9ae3c454b40aab271482b2dea,55094
3. Семинары/Лекция 8/support_analytics_seminar_420_production_student/README.md,shared/cases/support_analytics/README.md,selected_tree,2b3416d62445020057d2abbcce6ac29b87154875a75659d64dbd67f1d8babba7,3365
3. Семинары/Лекция 8/support_analytics_seminar_420_production_student/data/raw/calendar_events.csv,shared/cases/support_analytics/data/raw/calendar_events.csv,selected_tree,d6bbf61d34d16ccb58ecd742d4f120d0e82ac0c3d0df4d727947912975257002,17088
3. Семинары/Лекция 8/support_analytics_seminar_420_production_student/data/raw/load_log.csv,shared/cases/support_analytics/data/raw/load_log.csv,selected_tree,6a0ff8f3a7ac795a0f62deb0c66af009493bf28f5354ff6580b0d8fda5685977,331875
3. Семинары/Лекция 8/support_analytics_seminar_420_production_student/data/raw/regions.json,shared/cases/support_analytics/data/raw/regions.json,selected_tree,60e706902ddfaa3af63e1e8c80dba26696fdf611e706509fae45a34dacb5241b,2219
3. Семинары/Лекция 8/support_analytics_seminar_420_production_student/data/raw/team_capacity_daily.csv,shared/cases/support_analytics/data/raw/team_capacity_daily.csv,selected_tree,158b2c5f77ec17a00c71f272f92eb6c8bae8783ed1a4e7ad91e4fc967ab1afb6,1161615
3. Семинары/Лекция 8/support_analytics_seminar_420_production_student/data/raw/teams.xlsx,shared/cases/support_analytics/data/raw/teams.xlsx,selected_tree,b18d1feb75b7629a6741838d93be60c7a1ac1f446e27a9aab77c29db2a66d8c4,7793
3. Семинары/Лекция 8/support_analytics_seminar_420_production_student/data/raw/ticket_events.csv,shared/cases/support_analytics/data/raw/ticket_events.csv,selected_tree,2b4cfdc8d7c3ef6fc44e8ca394cd95bf6e7fe88a42a443210a3ff8ca28e3f5a5,19864725
3. Семинары/Лекция 8/support_analytics_seminar_420_production_student/data/raw/tickets.csv,shared/cases/support_analytics/data/raw/tickets.csv,selected_tree,bb014cd78512d94a819dfbc56a4badc38c8415a0077aabb1ef92703eb1eff549,7028574
3. Семинары/Лекция 8/support_analytics_seminar_420_production_student/datalens/acceptance_checklist.md,shared/cases/support_analytics/datalens/acceptance_checklist.md,selected_tree,2ef92713a0c1e26a89fb4ba799b418342d2a4b7abaca840c874bae5dcef21626,2838
3. Семинары/Лекция 8/support_analytics_seminar_420_production_student/datalens/calculated_fields.md,shared/cases/support_analytics/datalens/calculated_fields.md,selected_tree,83d7fd2f7744cb0a98ea772f532b0e94e7d49d8aa0c8ef8d496e57e14503ae1f,2023
3. Семинары/Лекция 8/support_analytics_seminar_420_production_student/datalens/chart_mapping.md,shared/cases/support_analytics/datalens/chart_mapping.md,selected_tree,7854aaf0191b8184833b82272adb1f76ed36e74a23fbd8d91d67270f5d82da80,2540
3. Семинары/Лекция 8/support_analytics_seminar_420_production_student/datalens/dashboard_spec.md,shared/cases/support_analytics/datalens/dashboard_spec.md,selected_tree,ef3b71729389f629f6c259e9802deb7cbe4f1cfa26ecafb7e5f5a250530c5344,5539
3. Семинары/Лекция 8/support_analytics_seminar_420_production_student/docs/data_dictionary.md,shared/cases/support_analytics/docs/data_dictionary.md,selected_tree,34fa78d78a9864589006e3c21c5ea3b3fb208f6d609614f55bcc507ee469f75b,11806
3. Семинары/Лекция 8/support_analytics_seminar_420_production_student/docs/data_quality_rules.md,shared/cases/support_analytics/docs/data_quality_rules.md,selected_tree,8617bc320a4ca0adb609bb74c21f32309aada6b5b20e331186056f8e8456edbf,6996
3. Семинары/Лекция 8/support_analytics_seminar_420_production_student/docs/learning_artifact_map.md,shared/cases/support_analytics/docs/learning_artifact_map.md,selected_tree,71eebb3451b9ad14d5068ed1003441b064a21632bdf81b4e3989b3041b23f044,1110
3. Семинары/Лекция 8/support_analytics_seminar_420_production_student/docs/official_references.md,shared/cases/support_analytics/docs/official_references.md,selected_tree,b70a2bcc86032288a71dd3390930beb4a36c609824db866f85926660d15c8da6,2079
3. Семинары/Лекция 8/support_analytics_seminar_420_production_student/materials/student/final_project_mapping.md,shared/cases/support_analytics/materials/student/final_project_mapping.md,selected_tree,7eab1038eb0a8a09f5be5a1d6d75d72c64cf0c1b7651e90fb51b943855983323,1198
3. Семинары/Лекция 8/support_analytics_seminar_420_production_student/materials/student/post_assignment.md,shared/cases/support_analytics/materials/student/post_assignment.md,selected_tree,139c94172451e41977c3116f21681617aaeed8c68e80550c6bbf19e7b97b3025,2500
3. Семинары/Лекция 8/support_analytics_seminar_420_production_student/materials/student/self_checklist.md,shared/cases/support_analytics/materials/student/self_checklist.md,selected_tree,77c1233b690558a9ce0f21e6dc65c128bb7e070f7ad8e1f64efb8ed070e6edb0,3126
3. Семинары/Лекция 8/support_analytics_seminar_420_production_student/materials/student/seminar_assignment.md,shared/cases/support_analytics/materials/student/seminar_assignment.md,selected_tree,e8caf996aedd4c563aa08e6a3c97c07bd3b86d7ecf50f668d6debf7052b367d8,5114
3. Семинары/Лекция 8/support_analytics_seminar_420_production_student/notebooks/student/00_data_validation_gate_student.ipynb,shared/cases/support_analytics/notebooks/student/00_data_validation_gate_student.ipynb,selected_tree,b528bc69a1f4707806f34f4e39a5d820c5ca24865d76510500f3817e8518eedd,9197
3. Семинары/Лекция 8/support_analytics_seminar_420_production_student/notebooks/student/01_data_quality_eda_student.ipynb,shared/cases/support_analytics/notebooks/student/01_data_quality_eda_student.ipynb,selected_tree,e86aa0aee08b67dd6453d834ae1c0511f1e3e5822a095f93d7ea7c6c55a13eeb,11105
3. Семинары/Лекция 8/support_analytics_seminar_420_production_student/notebooks/student/02_timeseries_forecast_student.ipynb,shared/cases/support_analytics/notebooks/student/02_timeseries_forecast_student.ipynb,selected_tree,f21de34dcb98e9687f97ca343904b1d823901301a6e05dc671d6e442e1332039,7524
3. Семинары/Лекция 8/support_analytics_seminar_420_production_student/notebooks/student/02b_forecast_uncertainty_scenarios_student.ipynb,shared/cases/support_analytics/notebooks/student/02b_forecast_uncertainty_scenarios_student.ipynb,selected_tree,753dd8d7d45594e6e3892701d0cf78a67cff665364f03b583e0443cd48bd977b,7265
3. Семинары/Лекция 8/support_analytics_seminar_420_production_student/notebooks/student/03_entity_clustering_student.ipynb,shared/cases/support_analytics/notebooks/student/03_entity_clustering_student.ipynb,selected_tree,eaedd6ad26f5470ed646b14c04d16c87d35231bf1510df113652532ed6345cef,7505
3. Семинары/Лекция 8/support_analytics_seminar_420_production_student/notebooks/student/04_sla_classification_student.ipynb,shared/cases/support_analytics/notebooks/student/04_sla_classification_student.ipynb,selected_tree,eb88e9901f2fa6fd9e814fd16c9202833185db1daab486b0f4a6be45763696b3,7616
3. Семинары/Лекция 8/support_analytics_seminar_420_production_student/notebooks/student/04b_probability_calibration_threshold_student.ipynb,shared/cases/support_analytics/notebooks/student/04b_probability_calibration_threshold_student.ipynb,selected_tree,dcb7ca5f3e0b63c547366ffb6f00dff14c45448a49f07b427269a375e6a8261a,7489
3. Семинары/Лекция 8/support_analytics_seminar_420_production_student/notebooks/student/04c_segment_error_analysis_student.ipynb,shared/cases/support_analytics/notebooks/student/04c_segment_error_analysis_student.ipynb,selected_tree,5593d39c1221718f713e2e39f2cda0752dc027c3022f803d1380a46f62e299f9,6699
3. Семинары/Лекция 8/support_analytics_seminar_420_production_student/notebooks/student/05_results_interpretation_student.ipynb,shared/cases/support_analytics/notebooks/student/05_results_interpretation_student.ipynb,selected_tree,5ce4bb4ae1600578168b196bb6e02b644193fa61bb756a01d136049b0c56ab4d,6350
3. Семинары/Лекция 8/support_analytics_seminar_420_production_student/requirements.txt,shared/cases/support_analytics/requirements.txt,selected_tree,a6031bddd9d9ca4481764b87fe822cc05c4707d75b0300bd47db9cca322e1a34,123
3. Семинары/Лекция 8/support_analytics_seminar_420_production_student/scripts/validate_support_analytics_data.py,shared/cases/support_analytics/scripts/validate_support_analytics_data.py,selected_tree,380ec138271f7f07a654d5a427133dad5468cd0e02f66f1672c0cd22c42baff7,7125
2. Вебинары/Вебинар 13.07.26 - 15.07.26/datalens_student_package/README.md,04_reporting/04_bi_visualization/datalens_student_package/README.md,selected_tree,c67de935f9253c6cb936dbef2906f4a5e342a696e9e1acabd7713d5b105024d6,3322
2. Вебинары/Вебинар 13.07.26 - 15.07.26/datalens_student_package/data/bi/daily_forecast_datalens.csv,04_reporting/04_bi_visualization/datalens_student_package/data/bi/daily_forecast_datalens.csv,selected_tree,8f951c7eedef2403f42927a7d7ce6656fe04037108f57abc42ad3bb7f3e651f3,14966
2. Вебинары/Вебинар 13.07.26 - 15.07.26/datalens_student_package/data/bi/forecast_metrics_datalens.csv,04_reporting/04_bi_visualization/datalens_student_package/data/bi/forecast_metrics_datalens.csv,selected_tree,3c03af4600051072e724fb37ef3bc1573c2cc5710936cbaecd23e5cb9d40a2ea,268
2. Вебинары/Вебинар 13.07.26 - 15.07.26/datalens_student_package/data/bi/hypothesis_summary_datalens.csv,04_reporting/04_bi_visualization/datalens_student_package/data/bi/hypothesis_summary_datalens.csv,selected_tree,8c3a0dd4f6d900e9c4fef736cfd6a482a22c758eafb6fe7ab5660898f3038f97,2416
2. Вебинары/Вебинар 13.07.26 - 15.07.26/datalens_student_package/data/bi/support_service_datalens.csv,04_reporting/04_bi_visualization/datalens_student_package/data/bi/support_service_datalens.csv,selected_tree,b8eaea007dff90a3751cd30a3daebac3585eae2c0de7e42bdb66b446ad67f8b6,472233
2. Вебинары/Вебинар 13.07.26 - 15.07.26/datalens_student_package/data/raw/customers.csv,04_reporting/04_bi_visualization/datalens_student_package/data/raw/customers.csv,selected_tree,c4363ec26fcb2fe394d2b7cb3a2eddfca12d3acb6a81b0bd5413b5f50a74d3d8,11152
2. Вебинары/Вебинар 13.07.26 - 15.07.26/datalens_student_package/data/raw/regions.csv,04_reporting/04_bi_visualization/datalens_student_package/data/raw/regions.csv,selected_tree,a7362c7035ad78d027b0108f7a4bc1332301e26313f8cefdf04a5a87322d6b0c,420
2. Вебинары/Вебинар 13.07.26 - 15.07.26/datalens_student_package/data/raw/support_tickets.csv,04_reporting/04_bi_visualization/datalens_student_package/data/raw/support_tickets.csv,selected_tree,7b5ed8a35427b179c82b753ecd45515533cc03ab291b52180395ec8505f460e6,121973
2. Вебинары/Вебинар 13.07.26 - 15.07.26/datalens_student_package/materials/dataset_design_handout.md,04_reporting/04_bi_visualization/datalens_student_package/materials/dataset_design_handout.md,selected_tree,a3aac4c903106689a330ace539513fd7e10602e2f3af7f42c25c02f137426c5b,11078
2. Вебинары/Вебинар 13.07.26 - 15.07.26/datalens_student_package/materials/final_self_checklist.md,04_reporting/04_bi_visualization/datalens_student_package/materials/final_self_checklist.md,selected_tree,d296dbb2664247217297719bd810755288ca574cfa207205a03b859a0506cd3d,2620
2. Вебинары/Вебинар 13.07.26 - 15.07.26/datalens_student_package/materials/relationships_and_joins_handout.md,04_reporting/04_bi_visualization/datalens_student_package/materials/relationships_and_joins_handout.md,selected_tree,9d6522411ef27dc929f394a8c845f8cf0e3096e1146cc8fcbfd579d2742f2377,10852
2. Вебинары/Вебинар 13.07.26 - 15.07.26/datalens_student_package/student_practice_180min.md,04_reporting/04_bi_visualization/datalens_student_package/student_practice_180min.md,selected_tree,5c1c80e12a75ccda3ce56db0b4147d7d22e6513888cfb6efd3d4fac3e585896e,12236
2. Вебинары/Вебинар 13.07.26 - 15.07.26/answer_multiple_tables_granularity.pdf,04_reporting/04_bi_visualization/materials/multiple_tables_granularity_answer.pdf,selected,521dcbff8ba19ab4a822250c15e4ee0b702c441119e09d1007c859911ac3dc35,82616
2. Вебинары/Вебинар 24.07.26/Часть 1/final_analytics_consultation_package_with_teleprompter/ecommerce_final_consultation_package/data/raw/customers.csv,04_reporting/05_results_presentation/final_consultation_case/data/raw/customers.csv,selected_tree,ea8e1380bda5f35d328e87aeb471d3232a73f9ecf12be12381f88e327bd38a90,287235
2. Вебинары/Вебинар 24.07.26/Часть 1/final_analytics_consultation_package_with_teleprompter/ecommerce_final_consultation_package/data/raw/orders.csv,04_reporting/05_results_presentation/final_consultation_case/data/raw/orders.csv,selected_tree,7695469efff1b956c374359766f50706ff84d4da9772032ce4dac9034ed22374,3720604
2. Вебинары/Вебинар 24.07.26/Часть 1/final_analytics_consultation_package_with_teleprompter/ecommerce_final_consultation_package/data/raw/products.csv,04_reporting/05_results_presentation/final_consultation_case/data/raw/products.csv,selected_tree,54150c7fb45b7f62b4ba439ced8da2ec489bf8c29fa7f1d864600a043ce1cbb0,11541
2. Вебинары/Вебинар 24.07.26/Часть 1/final_analytics_consultation_package_with_teleprompter/ecommerce_final_consultation_package/data/raw/regions.csv,04_reporting/05_results_presentation/final_consultation_case/data/raw/regions.csv,selected_tree,61401e20299a729cbf2fbbd67771fb3e43dc26bc780193b2b9792f133fae3cd3,1293
2. Вебинары/Вебинар 24.07.26/Часть 1/final_analytics_consultation_package_with_teleprompter/ecommerce_final_consultation_package/data/processed/abc_xyz_products.csv,04_reporting/05_results_presentation/final_consultation_case/data/processed/abc_xyz_products.csv,selected_tree,6c0ef6ab0753a095dff8d049258257c4a9dfc48a4e746234850d6f574b96fd25,20332
2. Вебинары/Вебинар 24.07.26/Часть 1/final_analytics_consultation_package_with_teleprompter/ecommerce_final_consultation_package/data/processed/category_summary.csv,04_reporting/05_results_presentation/final_consultation_case/data/processed/category_summary.csv,selected_tree,c9135932a0c03e097a639b1cc54759be6e609246245cd5ce564e4713cc3e3cd0,917
2. Вебинары/Вебинар 24.07.26/Часть 1/final_analytics_consultation_package_with_teleprompter/ecommerce_final_consultation_package/data/processed/ecommerce_datamart.csv,04_reporting/05_results_presentation/final_consultation_case/data/processed/ecommerce_datamart.csv,selected_tree,126863cf937c37cf0ab34ef6177d4928429afe53c3ce477c0e32ca0a5a60819b,15099476
2. Вебинары/Вебинар 24.07.26/Часть 1/final_analytics_consultation_package_with_teleprompter/ecommerce_final_consultation_package/data/processed/hypothesis_results.csv,04_reporting/05_results_presentation/final_consultation_case/data/processed/hypothesis_results.csv,selected_tree,ee1b48cea2f2454e0dd23f2a7eeb03c130d35b389a0544dbb2ea398aea6f029c,1062
2. Вебинары/Вебинар 24.07.26/Часть 1/final_analytics_consultation_package_with_teleprompter/ecommerce_final_consultation_package/data/processed/ml_model_metrics.csv,04_reporting/05_results_presentation/final_consultation_case/data/processed/ml_model_metrics.csv,selected_tree,e87e624bb33000ed6e6721adefd3097d0975eaf07ee92eb9c660d8d084e6a86a,268
2. Вебинары/Вебинар 24.07.26/Часть 1/final_analytics_consultation_package_with_teleprompter/ecommerce_final_consultation_package/data/processed/monthly_kpi.csv,04_reporting/05_results_presentation/final_consultation_case/data/processed/monthly_kpi.csv,selected_tree,7d81a46735f52c698ee94f66907002dc5bf7413194c75a32863c2b9f46e15c18,2907
2. Вебинары/Вебинар 24.07.26/Часть 1/final_analytics_consultation_package_with_teleprompter/ecommerce_final_consultation_package/data/processed/region_summary.csv,04_reporting/05_results_presentation/final_consultation_case/data/processed/region_summary.csv,selected_tree,0bc09d49966b9bbbfff523b7aeb7c3b9c7b2ac28510d32df53bef3e0daff3008,2618
2. Вебинары/Вебинар 24.07.26/Часть 1/final_analytics_consultation_package_with_teleprompter/ecommerce_final_consultation_package/data/processed/rfm_segments.csv,04_reporting/05_results_presentation/final_consultation_case/data/processed/rfm_segments.csv,selected_tree,6f3489280e74706c791fccad9faf02561f174f6ecbf79c58825e71afa9441cca,344519
2. Вебинары/Вебинар 24.07.26/Часть 1/final_analytics_consultation_package_with_teleprompter/ecommerce_final_consultation_package/data/processed/rfm_summary.csv,04_reporting/05_results_presentation/final_consultation_case/data/processed/rfm_summary.csv,selected_tree,c0bcac0e741eb91aa401e80fe40ab642d270ca7098badf60891d91697a224392,460
2. Вебинары/Вебинар 24.07.26/Часть 1/final_analytics_consultation_package_with_teleprompter/ecommerce_final_consultation_package/assets/figures/01_monthly_revenue_profit.png,04_reporting/05_results_presentation/final_consultation_case/assets/figures/01_monthly_revenue_profit.png,selected_tree,3ab11d1103bb25338bc1dbc11ab6d95a3409c4c368f1f68b4702914f12ad14ae,102626
2. Вебинары/Вебинар 24.07.26/Часть 1/final_analytics_consultation_package_with_teleprompter/ecommerce_final_consultation_package/assets/figures/02_category_revenue.png,04_reporting/05_results_presentation/final_consultation_case/assets/figures/02_category_revenue.png,selected_tree,d277ce10fd7b17410d84de446924475589d5e0d269a3b760288229773e676c5f,55105
2. Вебинары/Вебинар 24.07.26/Часть 1/final_analytics_consultation_package_with_teleprompter/ecommerce_final_consultation_package/assets/figures/03_region_late_rate.png,04_reporting/05_results_presentation/final_consultation_case/assets/figures/03_region_late_rate.png,selected_tree,afc4c14b659f466d8b5345eaa5715fef863819acfd9e8556f829d124eae5f70a,107463
2. Вебинары/Вебинар 24.07.26/Часть 1/final_analytics_consultation_package_with_teleprompter/ecommerce_final_consultation_package/assets/figures/04_category_return_rate.png,04_reporting/05_results_presentation/final_consultation_case/assets/figures/04_category_return_rate.png,selected_tree,da5df372ccdd2c4505f4376e782e48a6f745c0ea3b3d2314cfef5f3d6ce606f4,57599
2. Вебинары/Вебинар 24.07.26/Часть 1/final_analytics_consultation_package_with_teleprompter/ecommerce_final_consultation_package/assets/figures/05_rfm_segments.png,04_reporting/05_results_presentation/final_consultation_case/assets/figures/05_rfm_segments.png,selected_tree,fca6fec4661f50907f9e0b2326df6364a680aa03cb65f422e3134a923fec5827,50361
2. Вебинары/Вебинар 24.07.26/Часть 1/final_analytics_consultation_package_with_teleprompter/ecommerce_final_consultation_package/assets/figures/06_abc_xyz_matrix.png,04_reporting/05_results_presentation/final_consultation_case/assets/figures/06_abc_xyz_matrix.png,selected_tree,23863ddbd10bffb8572fa08635273910a1ebd9b9335e7313b4f08c8aeaf19f1d,39713
2. Вебинары/Вебинар 24.07.26/Часть 1/final_analytics_consultation_package_with_teleprompter/ecommerce_final_consultation_package/assets/figures/07_sla_by_delivery_type.png,04_reporting/05_results_presentation/final_consultation_case/assets/figures/07_sla_by_delivery_type.png,selected_tree,883b4743eadfa63472532f34861ad9a780fc4d3595c5c7dea5a8d5edb4ee1a98,36709
2. Вебинары/Вебинар 24.07.26/Часть 1/final_analytics_consultation_package_with_teleprompter/ecommerce_final_consultation_package/assets/figures/08_datalens_dashboard_mockup.png,04_reporting/05_results_presentation/final_consultation_case/assets/figures/08_datalens_dashboard_mockup.png,selected_tree,aa1826593283d2e153f29b036e3c594b171da82f3be359006a389153777ee500,214472
2. Вебинары/Вебинар 24.07.26/Часть 1/final_analytics_consultation_package_with_teleprompter/ecommerce_final_consultation_package/assets/figures/09_ml_metrics.png,04_reporting/05_results_presentation/final_consultation_case/assets/figures/09_ml_metrics.png,selected_tree,bd83da21b306591e44d4f6cca3a062cc05d364345c5cbebb25f4b495b08d01d8,39923
2. Вебинары/Вебинар 24.07.26/Часть 1/final_analytics_consultation_package_with_teleprompter/ecommerce_final_consultation_package/datalens/calculated_fields.md,04_reporting/05_results_presentation/final_consultation_case/datalens/calculated_fields.md,selected_tree,167fc775db8acc7d3bc6049db8f44003c555e42f2543455283b2c9f5ccc735e0,1187
2. Вебинары/Вебинар 24.07.26/Часть 1/final_analytics_consultation_package_with_teleprompter/ecommerce_final_consultation_package/datalens/datalens_build_guide.md,04_reporting/05_results_presentation/final_consultation_case/datalens/datalens_build_guide.md,selected_tree,f69c2a2142c6b1a5d26c5a2d2a24ec51a3e13812a1acf08ab33886d872671cea,5312
2. Вебинары/Вебинар 24.07.26/Часть 1/final_analytics_consultation_package_with_teleprompter/ecommerce_final_consultation_package/datalens/datalens_dashboard_specification.xlsx,04_reporting/05_results_presentation/final_consultation_case/datalens/datalens_dashboard_specification.xlsx,selected_tree,c694566eb72432629197fce8188c40c8727c577214081b33ad200e27844857e1,13651
2. Вебинары/Вебинар 24.07.26/Часть 1/final_analytics_consultation_package_with_teleprompter/ecommerce_final_consultation_package/materials/defense_questions.md,04_reporting/05_results_presentation/final_consultation_case/materials/defense_questions.md,selected,6111ad9794f1cafacbd374c30cf92cf6ef3eec3ae4cfc0b97a042a787861c8cd,3267
2. Вебинары/Вебинар 24.07.26/Часть 1/final_analytics_consultation_package_with_teleprompter/ecommerce_final_consultation_package/materials/data_dictionary.xlsx,04_reporting/05_results_presentation/final_consultation_case/materials/data_dictionary.xlsx,selected,84b90567d9be3467c4b0b93934e936c2d804e5837658c5a1d291cb8ba59300ab,8013
2. Вебинары/Вебинар 24.07.26/Часть 1/final_analytics_consultation_package_with_teleprompter/ecommerce_final_consultation_package/notebooks/02_student_consultation_template.ipynb,04_reporting/05_results_presentation/final_consultation_case/notebooks/02_student_consultation_template.ipynb,selected,bc04afdbf66fd263cf135a7f25b9cd4bdfecd2e391cbe272a2d63c469265e935,6240
2. Вебинары/Вебинар 24.07.26/Часть 1/final_analytics_consultation_package_with_teleprompter/ecommerce_final_consultation_package/notebooks/03_optional_ml_extension.ipynb,04_reporting/05_results_presentation/final_consultation_case/notebooks/03_optional_ml_extension.ipynb,selected,d37bb67f9555a6b92459ee7ff2b1e80424f4b65459e1728f76b26b5a0c9bf007,5758
2. Вебинары/Вебинар 24.07.26/Часть 1/final_analytics_consultation_package_with_teleprompter/ecommerce_final_consultation_package/report/example_final_report.docx,04_reporting/05_results_presentation/final_consultation_case/report/example_final_report.docx,selected,dbc56ec9797c0f145a122d755376031f4d5cd6df321e2e4629e8a9fc2879cb6f,600236
2. Вебинары/Вебинар 24.07.26/Часть 1/final_analytics_consultation_package_with_teleprompter/ecommerce_final_consultation_package/report/example_final_report.pdf,04_reporting/05_results_presentation/final_consultation_case/report/example_final_report.pdf,selected,9d229b280b981c18b67e45a7525323987d667c981d0965290cada04bfae9e6a2,917059
2. Вебинары/Вебинар 24.07.26/Часть 1/final_analytics_consultation_package_with_teleprompter/ecommerce_final_consultation_package/requirements.txt,04_reporting/05_results_presentation/final_consultation_case/requirements.txt,selected,f76cfdcf2bcdb03f58acc7e018ef0f2f6975cb64befaf681344fd4401571159d,82
2. Вебинары/Вебинар 24.07.26/Часть 2/prompting_data_analytics_webinar_final_v2_with_teleprompter/prompting_data_analytics_webinar_final/README.md,supplementary/prompting/README.md,selected_tree,a44f76667b1b51306bd99c0158e7d31018d8cc8183ac04b8e28cbd6643d334b1,5473
2. Вебинары/Вебинар 24.07.26/Часть 2/prompting_data_analytics_webinar_final_v2_with_teleprompter/prompting_data_analytics_webinar_final/assessment/data/support_tickets.csv,supplementary/prompting/assessment/data/support_tickets.csv,selected_tree,2c4d326d6a5c0fdf6a6bb457a25562dd00333b43192f32cb7e111be2289d8eca,91171
2. Вебинары/Вебинар 24.07.26/Часть 2/prompting_data_analytics_webinar_final_v2_with_teleprompter/prompting_data_analytics_webinar_final/assessment/materials/mini_test_student.md,supplementary/prompting/assessment/materials/mini_test_student.md,selected_tree,8e8491b3a2f6b6144d348cd44768c22ac2c880c255311679bc1f4d627064c1b8,6481
2. Вебинары/Вебинар 24.07.26/Часть 2/prompting_data_analytics_webinar_final_v2_with_teleprompter/prompting_data_analytics_webinar_final/assessment/materials/post_assignment_brief.md,supplementary/prompting/assessment/materials/post_assignment_brief.md,selected_tree,e5b8f9c69d06d9e971ae8331f5da610c6e63bbf35fe96e72c296076730585a26,6882
2. Вебинары/Вебинар 24.07.26/Часть 2/prompting_data_analytics_webinar_final_v2_with_teleprompter/prompting_data_analytics_webinar_final/assessment/materials/post_assignment_rubric.md,supplementary/prompting/assessment/materials/post_assignment_rubric.md,selected_tree,446b796cd70edc1431cb98632c3a903b5ea8cbbdd549c5087d8b0058a905787b,3042
2. Вебинары/Вебинар 24.07.26/Часть 2/prompting_data_analytics_webinar_final_v2_with_teleprompter/prompting_data_analytics_webinar_final/data/sales_sample.csv,supplementary/prompting/data/sales_sample.csv,selected_tree,9133959f0da50d0d36497f343510e2bc960416123a4a57eb68966edf4a045d59,89906
2. Вебинары/Вебинар 24.07.26/Часть 2/prompting_data_analytics_webinar_final_v2_with_teleprompter/prompting_data_analytics_webinar_final/materials/data_dictionary.md,supplementary/prompting/materials/data_dictionary.md,selected_tree,0a398ba1f0230cf93d2a770ea5ae937d28837042074fca4fcea64974e1529c39,2279
2. Вебинары/Вебинар 24.07.26/Часть 2/prompting_data_analytics_webinar_final_v2_with_teleprompter/prompting_data_analytics_webinar_final/materials/prompt_constructor.md,supplementary/prompting/materials/prompt_constructor.md,selected_tree,e15086122d52d09fa25dbb11849f73d8975dc08e10f4222aae769ae6ae2b9187,1292
2. Вебинары/Вебинар 24.07.26/Часть 2/prompting_data_analytics_webinar_final_v2_with_teleprompter/prompting_data_analytics_webinar_final/materials/security_checklist.md,supplementary/prompting/materials/security_checklist.md,selected_tree,6fa93bc618bd0cd1878b87a8fc63fccfaf00f6902b1de08601566ae2e843de76,898
2. Вебинары/Вебинар 24.07.26/Часть 2/prompting_data_analytics_webinar_final_v2_with_teleprompter/prompting_data_analytics_webinar_final/materials/validation_checklist.md,supplementary/prompting/materials/validation_checklist.md,selected_tree,6d1d286bf09c12aa981069bc84e3096960f0d27985b71ea098018a5effad62ea,1342
2. Вебинары/Вебинар 24.07.26/Часть 2/prompting_data_analytics_webinar_final_v2_with_teleprompter/prompting_data_analytics_webinar_final/notebooks/prompting_practice_student.ipynb,supplementary/prompting/notebooks/prompting_practice_student.ipynb,selected_tree,e159a616cdd3a58e9c804789d0d8432b3d36939c34c84da7404aac15006e8d49,36228
2. Вебинары/Вебинар 24.07.26/Часть 2/prompting_data_analytics_webinar_final_v2_with_teleprompter/prompting_data_analytics_webinar_final/presentation/prompting_data_analytics_webinar.pptx,supplementary/prompting/presentation/prompting_data_analytics_webinar.pptx,selected_tree,6bb2a281e82728593c067f6cd98cbd723f66ab6592962b5e3af1d06d1ca67ffa,83372
2. Вебинары/Вебинар 24.07.26/Часть 2/prompting_data_analytics_webinar_final_v2_with_teleprompter/prompting_data_analytics_webinar_final/requirements.txt,supplementary/prompting/requirements.txt,selected_tree,d2be6ab5d8ba92c1a59428ecb49f9b348430916c2e7505fa237cd805d69dafa3,50
nested_archive::item_7/ai_analysis_prompt_series_a_to_z_revised.md,supplementary/ai_workflows/ai_analysis_prompt_series_a_to_z_revised.md,selected_nested_zip,4251d98c017d8b006fb085d8f546c5f1619fc295c0859eb5db4aacdf80ec89cf,60576
nested_archive::item_7/analytical_pipeline_movies_example.md,supplementary/ai_workflows/analytical_pipeline_movies_example.md,selected_nested_zip,eb5c0364ada48051e978c110bf88a9c42e66c4138b44dfef8b84ee453d3a319f,60049
nested_archive::item_7/universal_analytics_pipeline_steps.md,supplementary/ai_workflows/universal_analytics_pipeline_steps.md,selected_nested_zip,b4938bb7a459d2779e84ab7e3979e05a4a43dfe666055f346bdbbb74fe7943bd,35594
nested_archive::item_7/AI_assist/AI_assist_preprompt.md,supplementary/ai_workflows/AI_assist/AI_assist_preprompt.md,selected_tree,f21c9c391682a5127e0d684d070c26279d3c58cb92d90e011c6a996040bf621c,8374
nested_archive::item_7/AI_assist/instruct.md,supplementary/ai_workflows/AI_assist/instruct.md,selected_tree,4d0127aac1e574aee54074ab040ac6a411465065b87e8aa9b9d32f33c2a9bfce,6613
nested_archive::item_7/MoviesOnStreamingPlatforms/MoviesOnStreamingPlatforms.csv,supplementary/ai_workflows/MoviesOnStreamingPlatforms/MoviesOnStreamingPlatforms.csv,selected_tree,a3c4e39e71b45435281b05a8d5e1e85eb93f5f01c35bd82f1a8cc020f2a1effd,515587
nested_archive::item_7/MoviesOnStreamingPlatforms/example.ipynb,supplementary/ai_workflows/MoviesOnStreamingPlatforms/example.ipynb,selected_tree,f114b7a8459caa0666c9f991b16c24f8b228ef3fe61ac4d7591618fa1eb80847,323251
3. Семинары/Лекция 6/capstone_student_delivery_package/capstone_student_project/README.md,supplementary/final_project/README.md,selected_tree,7dc8bc51566aa5caf2971dcb756fd66e5f2576cbf61397ab3030070d9f8e9798,2955
3. Семинары/Лекция 6/capstone_student_delivery_package/capstone_student_project/data/processed/.gitkeep,supplementary/final_project/data/processed/.gitkeep,selected_tree,e3b0c44298fc1c149afbf4c8996fb92427ae41e4649b934ca495991b7852b855,0
3. Семинары/Лекция 6/capstone_student_delivery_package/capstone_student_project/data/raw/clients.csv,supplementary/final_project/data/raw/clients.csv,selected_tree,17e54dd1785948731607dd7d845f04fb5b36a9dbb67de248b81187a0c1c3b1d7,582771
3. Семинары/Лекция 6/capstone_student_delivery_package/capstone_student_project/data/raw/orders_big.csv,supplementary/final_project/data/raw/orders_big.csv,selected_tree,68337852df36afbf6457b1f1fad188dc7ffcbf80b72e9d797f6b0206294ea7e2,14629651
3. Семинары/Лекция 6/capstone_student_delivery_package/capstone_student_project/data/raw/products.csv,supplementary/final_project/data/raw/products.csv,selected_tree,5df06451dfb791ce5167aedf5cf4b9bf7d3e2b9120b76cb4e42853bd6c631b48,43486
3. Семинары/Лекция 6/capstone_student_delivery_package/capstone_student_project/materials/abc_xyz_rfm_guide.md,supplementary/final_project/materials/abc_xyz_rfm_guide.md,selected_tree,f4f136416c7faa5c379614b2d147bfa8eec3795d226bc4ac9a9ebb5c10f7c7f5,4040
3. Семинары/Лекция 6/capstone_student_delivery_package/capstone_student_project/materials/capstone_assessment_rubric.md,supplementary/final_project/materials/capstone_assessment_rubric.md,selected_tree,8896a52cdc8f7c3ba8eeb71fdd9db05123e12c9fe97c375e04f7ea476ffa19dd,4836
3. Семинары/Лекция 6/capstone_student_delivery_package/capstone_student_project/materials/capstone_bi_dashboard_guide.md,supplementary/final_project/materials/capstone_bi_dashboard_guide.md,selected_tree,5122970ec01d486951caa9fbf70611c70e43d75097ee46958710c4f1f346eb03,16826
3. Семинары/Лекция 6/capstone_student_delivery_package/capstone_student_project/materials/capstone_post_assignment.md,supplementary/final_project/materials/capstone_post_assignment.md,selected_tree,ae0345766c1b9463e37a4fb225ed27609b5c68c0d50e40f264eaf4cc5674e1a8,19679
3. Семинары/Лекция 6/capstone_student_delivery_package/capstone_student_project/materials/capstone_roadmap.md,supplementary/final_project/materials/capstone_roadmap.md,selected_tree,43dcced0a7586f89592a9cbafa7e1e631ecb0198fcd00b0de9f8a6a187bf2c73,3520
3. Семинары/Лекция 6/capstone_student_delivery_package/capstone_student_project/materials/data_dictionary.md,supplementary/final_project/materials/data_dictionary.md,selected_tree,6927e6387b91b7a93620ebcb8c6e215e18be458ba65eb761d9269f5b1fe71f40,2295
3. Семинары/Лекция 6/capstone_student_delivery_package/capstone_student_project/materials/dataset_selection_guide.md,supplementary/final_project/materials/dataset_selection_guide.md,selected_tree,13bb22679fa657d6c3c22564bbaf127add15a15df06a947e61aa1b4cb329afe8,3430
3. Семинары/Лекция 6/capstone_student_delivery_package/capstone_student_project/materials/final_submission_instruction.md,supplementary/final_project/materials/final_submission_instruction.md,selected_tree,feb7bde8c563bb4d328072afddf3f2173efe44eebd53bea98aa362a8a4f38129,3189
3. Семинары/Лекция 6/capstone_student_delivery_package/capstone_student_project/materials/jupyter_colab_troubleshooting_faq.md,supplementary/final_project/materials/jupyter_colab_troubleshooting_faq.md,selected_tree,b5ba38a5d9c4f3a3dc6b6d348fb53509d73a0d8b71d18813c5e781a3faa1b640,6619
3. Семинары/Лекция 6/capstone_student_delivery_package/capstone_student_project/materials/lms_short_instruction.md,supplementary/final_project/materials/lms_short_instruction.md,selected_tree,75728de54fc7499b2967c859b4bc8df67c51480794f4ce7c172f242e6a68c833,4046
3. Семинары/Лекция 6/capstone_student_delivery_package/capstone_student_project/materials/message_for_students_capstone_project.md,supplementary/final_project/materials/message_for_students_capstone_project.md,selected_tree,576d4f9922305cebba71007b2f142a83efa70c36c4ae0b821ccbdfae983541c8,3896
3. Семинары/Лекция 6/capstone_student_delivery_package/capstone_student_project/materials/student_quick_start.md,supplementary/final_project/materials/student_quick_start.md,selected_tree,bdf690a1057c4b8c87fb98a37337a4954c5048b0627bd7a1eaf3c4aa89e40f36,1509
3. Семинары/Лекция 6/capstone_student_delivery_package/capstone_student_project/notebooks/01_capstone_draft_student_template.ipynb,supplementary/final_project/notebooks/01_capstone_draft_student_template.ipynb,selected_tree,95b17c81c3dbd0b66a71491b78f71be27124a05209024abd7d9390af08cd704d,39489
3. Семинары/Лекция 6/capstone_student_delivery_package/capstone_student_project/notebooks/02_abc_xyz_rfm_student.ipynb,supplementary/final_project/notebooks/02_abc_xyz_rfm_student.ipynb,selected_tree,e513716f085d7f0b2ba25327b9b2f4cb5636e311bcc46965c725da5843ee9fb7,30306
3. Семинары/Лекция 6/capstone_student_delivery_package/capstone_student_project/requirements.txt,supplementary/final_project/requirements.txt,selected_tree,94c42c58825b9044a80984094ca0bb5455f7078d9c8076272e80bf983dd5fea2,68
