order_id,order_date,region,channel,category,product,quantity,unit_price,discount_pct,status
ORD-100001,2026-02-06,Санкт-Петербург,retail,Ноутбуки,Ноутбук Pro 15,3,76871.82,0,completed
ORD-100002,2026-03-13,Москва,online,Сетевое оборудование,Wi-Fi роутер,2,6051.89,0.05,completed
ORD-100003,2026-01-05,Краснодар,partner,Хранение данных,SSD 1 ТБ,2,9498.38,0,completed
ORD-100004,2026-01-16,Новосибирск,retail,Ноутбуки,Ноутбук Pro 15,4,75779.49,0,completed
ORD-100005,2026-06-24,Екатеринбург,online,Хранение данных,SSD 1 ТБ,3,9641.99,0.1,completed
ORD-100006,2026-02-20,Краснодар,online,Ноутбуки,Ноутбук Pro 15,1,76505.53,0,completed
ORD-100007,2026-06-01,Санкт-Петербург,retail,Сетевое оборудование,Wi-Fi роутер,2,6177.51,0.1,completed
ORD-100008,2026-05-11,Санкт-Петербург,online,Ноутбуки,Ноутбук Start 14,1,52087.19,0,completed
ORD-100009,2026-01-15,Санкт-Петербург,retail,Аксессуары,Клавиатура,1,3462.3,0.05,cancelled
ORD-100010,2026-06-20,Москва,online,Хранение данных,Внешний диск 2 ТБ,1,9832.89,0.15,completed
ORD-100011,2026-05-21,Москва,retail,Аксессуары,Клавиатура,1,3205.4,0.05,completed
ORD-100012,2026-05-28,,online,Смартфоны,Смартфон Plus,3,40517.6,0.05,completed
ORD-100013,2026-04-25,Краснодар,retail,Сетевое оборудование,Wi-Fi роутер,2,6540.27,0.15,completed
ORD-100014,2026-02-01,Екатеринбург,online,Ноутбуки,Ноутбук Pro 15,2,74190.61,0,completed
ORD-100015,2026-04-21,Краснодар,online,Хранение данных,SSD 1 ТБ,2,8964.76,0.05,completed
ORD-100016,2026-05-31,Москва,online,Хранение данных,Внешний диск 2 ТБ,4,9980.12,0.05,cancelled
ORD-100017,2026-05-30,Москва,online,Ноутбуки,Ноутбук Pro 15,2,78021.78,0.05,completed
ORD-100018,2026-05-24,Новосибирск,retail,Мониторы,Монитор 27,3,23631.87,0,cancelled
ORD-100019,2026-06-06,Казань,online,Ноутбуки,Ноутбук Pro 15,2,75170.09,0.05,completed
ORD-100020,2026-03-25,Краснодар,partner,Аксессуары,Гарнитура,4,4481.89,0.05,completed
ORD-100021,2026-04-05,Екатеринбург,retail,Хранение данных,SSD 1 ТБ,1,9031.6,0,completed
ORD-100022,2026-01-07,Казань,online,Ноутбуки,Ноутбук Pro 15,2,71430.77,0.05,cancelled
ORD-100023,2026-02-26,Новосибирск,online,Аксессуары,Мышь беспроводная,1,1739.52,0.15,completed
ORD-100024,2026-06-03,Краснодар,retail,Аксессуары,Мышь беспроводная,3,1801.07,0.05,completed
ORD-100025,2026-05-07,Краснодар,retail,Мониторы,Монитор 27,2,24813.77,0,completed
ORD-100026,2026-06-19,Санкт-Петербург,retail,  Ноутбуки ,Ноутбук Pro 15,3,73021.51,0,completed
ORD-100027,2026-01-17,Краснодар,online,Ноутбуки,Ноутбук Pro 15,1,70994.37,0,completed
ORD-100028,2026-03-06,Казань,online,Сетевое оборудование,Wi-Fi роутер,4,5742.42,0,completed
ORD-100029,2026-04-30,Екатеринбург,online,Мониторы,Монитор 24,1,15787.38,0.05,completed
ORD-100030,2026-05-06,Москва,online,Ноутбуки,Ноутбук Pro 15,5,79049.46,0,completed
ORD-100031,2026-03-08,Санкт-Петербург,online,Сетевое оборудование,Коммутатор,1,8979.93,0.2,completed
ORD-100032,2026-06-28,Москва,retail,Хранение данных,Внешний диск 2 ТБ,2,9721.46,0,completed
ORD-100033,2026-05-13,Краснодар,partner,Мониторы,Монитор 27,3,23589.4,0.1,completed
ORD-100034,2026-03-04,Краснодар,retail,Ноутбуки,Ноутбук Start 14,4,47897.04,0,completed
ORD-100035,2026-04-13,Москва,online,Периферия,Сканер,2,15588.17,0.1,completed
ORD-100036,2026-01-14,Казань,retail,Периферия,Сканер,2,16375.29,0.1,cancelled
ORD-100037,2026-06-07,Краснодар,partner,Ноутбуки,Ноутбук Start 14,1,47975.46,0,completed
ORD-100038,2026-04-14,Санкт-Петербург,retail,Периферия,Принтер,1,19843.15,0,completed
ORD-100039,2026-03-21,Краснодар,online,Хранение данных,SSD 1 ТБ,1,9766.13,0.1,completed
ORD-100040,2026-04-25,Екатеринбург,online,Мониторы,Монитор 27,2,26524.85,0,completed
ORD-100041,2026-03-21,Москва,retail,Периферия,Принтер,1,19852.77,0,completed
ORD-100042,2026-02-16,Казань,online,Аксессуары,Клавиатура,2,3310.72,0.05,completed
ORD-100043,2026-03-09,Санкт-Петербург,retail,Сетевое оборудование,Коммутатор,1,8452.11,0.15,completed
ORD-100044,2026-06-16,Краснодар,partner,Хранение данных,SSD 1 ТБ,1,9139.14,0,completed
ORD-100045,2026-01-06,Екатеринбург  ,online,Хранение данных,SSD 1 ТБ,2,9593.48,0,completed
ORD-100046,2026-05-28,Москва,partner,Смартфоны,Смартфон Plus,1,37356.88,0.05,completed
ORD-100047,2026-05-29,Новосибирск,retail,Хранение данных,Внешний диск 2 ТБ,2,10538.19,0,completed
ORD-100048,2026-05-20,Краснодар,retail,Периферия,Принтер,1,18634.83,0.15,completed
ORD-100049,2026-05-31,Новосибирск,retail,Хранение данных,Внешний диск 2 ТБ,1,10313.97,0.1,completed
ORD-100050,2026-04-19,Санкт-Петербург,partner,Периферия,Сканер,1,14560.88,0.2,completed
ORD-100051,2026-04-22,Москва,retail,Сетевое оборудование,Коммутатор,2,8562.06,0,completed
ORD-100052,2026-03-09,Краснодар,online,Периферия,Сканер,1,15009.27,0,completed
ORD-100053,2026-01-25,Москва,retail,Аксессуары,Мышь беспроводная,1,1935.82,0.15,returned
ORD-100054,2026-04-17,Санкт-Петербург,retail,Аксессуары,Мышь беспроводная,2,1758.33,0.05,completed
ORD-100055,2026-06-15,Казань,online,Аксессуары,Мышь беспроводная,2,1932.56,0.1,returned
ORD-100056,2026-03-04,Москва,online,Аксессуары,Мышь беспроводная,0,1945.65,0,completed
ORD-100057,2026-03-14,Санкт-Петербург,retail,Периферия,Принтер,1,19884.55,0.05,completed
ORD-100058,2026-03-12,Санкт-Петербург,online,Периферия,Принтер,2,20469.84,0.2,completed
ORD-100059,2026-01-13,Казань,retail,Аксессуары,Гарнитура,1,4662.07,0,completed
ORD-100060,2026-02-23,Санкт-Петербург,partner,Мониторы,Монитор 24,2,16862.98,0.1,completed
ORD-100061,2026-06-18,Санкт-Петербург,retail,Мониторы,Монитор 27,1,24268.85,0.05,completed
ORD-100062,2026-05-10,Санкт-Петербург,online,Ноутбуки,Ноутбук Pro 15,4,71323.7,0.1,completed
ORD-100063,2026-01-12,Санкт-Петербург,retail,Аксессуары,Клавиатура,2,3073.03,0,completed
ORD-100064,2026-05-26,Новосибирск,retail,Мониторы,Монитор 24,2,17124.55,0,completed
ORD-100065,2026-02-28,Екатеринбург,retail,Ноутбуки,Ноутбук Pro 15,4,71100.16,0,completed
ORD-100066,2026-05-21,Краснодар,online,Хранение данных,Внешний диск 2 ТБ,1,10672.42,0.15,completed
ORD-100067,2026-05-31,Казань,partner,Смартфоны,Смартфон Lite,4,21053.34,0,completed
ORD-100068,2026-06-05,Краснодар,online,Аксессуары,Гарнитура,3,4463.42,0,completed
ORD-100069,2026-02-09,Краснодар,partner,Мониторы,Монитор 27,4,23605.28,0,completed
ORD-100070,2026-06-02,Екатеринбург,partner,Хранение данных,SSD 1 ТБ,1,9447.61,0,completed
ORD-100071,2026-02-01,Краснодар,online,Ноутбуки,Ноутбук Start 14,1,52125.26,0.1,completed
ORD-100072,2026-03-13,Новосибирск,online,Ноутбуки,Ноутбук Start 14,1,47377.64,0,completed
ORD-100073,2026-06-25,Казань,retail,Смартфоны,Смартфон Lite,2,0,0.05,completed
ORD-100074,2026-04-13,Екатеринбург,partner,Сетевое оборудование,Коммутатор,1,9104.0,0.2,completed
ORD-100075,2026-05-14,Екатеринбург,online,Сетевое оборудование,Wi-Fi роутер,3,6169.62,0.2,completed
ORD-100076,2026-06-06,Новосибирск,retail,Ноутбуки,Ноутбук Start 14,1,52207.45,0.15,completed
ORD-100077,2026-01-31,Санкт-Петербург,partner,Хранение данных,SSD 1 ТБ,1,9008.18,0,completed
ORD-100078,2026-02-28,Новосибирск,online,Мониторы,Монитор 24,2,16139.01,0.05,completed
ORD-100079,2026-06-08,Екатеринбург,retail,Периферия,Сканер,3,15938.89,0,completed
ORD-100080,2026-05-25,Краснодар,online,Смартфоны,Смартфон Plus,1,36802.09,0,completed
ORD-100081,2026-02-15,Екатеринбург,retail,Периферия,Сканер,1,15205.7,0.15,completed
ORD-100082,2026-01-08,Новосибирск,partner,Ноутбуки,Ноутбук Start 14,2,50145.71,0.05,completed
ORD-100083,2026-05-29,Краснодар,online,Хранение данных,Внешний диск 2 ТБ,1,10210.25,0.1,completed
ORD-100084,2026-02-18,Новосибирск,retail,Мониторы,Монитор 24,3,16752.46,0.05,completed
ORD-100085,2026-06-13,Санкт-Петербург,retail,Сетевое оборудование,Коммутатор,4,8724.27,0,completed
ORD-100086,2026-04-28,Екатеринбург,online,Хранение данных,SSD 1 ТБ,3,9654.61,0,completed
ORD-100087,2026-03-06,Москва,online,Сетевое оборудование,Коммутатор,4,8714.61,0.1,completed
ORD-100088,2026-03-11,Москва,online,Периферия,Сканер,1,16500.59,0.05,completed
ORD-100089,2026-04-23,Санкт-Петербург,online,Аксессуары,Мышь беспроводная,2,1881.55,0,completed
ORD-100090,2026-05-30,Москва,online,Мониторы,Монитор 27,1,25282.71,0,completed
ORD-100091,2026-02-07,Краснодар,retail,Сетевое оборудование,Wi-Fi роутер,1,6061.5,0.1,Completed 
ORD-100092,2026-04-02,Краснодар,retail,Сетевое оборудование,Wi-Fi роутер,5,5939.51,0.2,completed
ORD-100093,2026-01-07,Москва,retail,Аксессуары,Клавиатура,1,3126.99,0,completed
ORD-100094,2026-05-11,Москва,partner,Ноутбуки,Ноутбук Pro 15,2,78674.53,0.15,completed
ORD-100095,2026-03-07,Санкт-Петербург,retail,Мониторы,Монитор 24,1,15989.43,0.2,completed
ORD-100096,2026-06-01,Казань,retail,Сетевое оборудование,Коммутатор,1,8572.16,0.1,completed
ORD-100097,2026-02-19,Санкт-Петербург,online,Хранение данных,Внешний диск 2 ТБ,1,10065.16,0.05,completed
ORD-100098,2026-03-26,Москва,retail,Сетевое оборудование,Wi-Fi роутер,2,6431.34,0.1,completed
ORD-100099,2026-04-24,Казань,online,Хранение данных,Внешний диск 2 ТБ,2,11113.03,0.1,completed
ORD-100100,2026-03-24,Казань,online,Мониторы,Монитор 24,3,16971.48,0.05,completed
ORD-100101,2026-05-06,Новосибирск,online,Сетевое оборудование,Коммутатор,3,8716.18,0,cancelled
ORD-100102,2026-02-22,Санкт-Петербург,partner,Периферия,Принтер,1,20692.45,0,completed
ORD-100103,2026-03-14,Санкт-Петербург,online,Аксессуары,Мышь беспроводная,1,1881.81,0.1,completed
ORD-100104,2026-06-04,Новосибирск,retail,Ноутбуки,Ноутбук Pro 15,2,78550.77,0,cancelled
ORD-100105,2026-06-23,Краснодар,retail,Смартфоны,Смартфон Lite,1,23025.93,0.05,completed
ORD-100106,2026-01-28,Казань,online,Хранение данных,Внешний диск 2 ТБ,3,9972.68,0.1,completed
ORD-100107,2026-02-05,Новосибирск,online,Хранение данных,SSD 1 ТБ,3,9322.63,0.05,completed
ORD-100108,2026-05-15,Краснодар,online,Сетевое оборудование,Wi-Fi роутер,3,6253.94,0.2,cancelled
ORD-100109,2026-05-27,Новосибирск,online,Мониторы,Монитор 24,1,17491.11,0,completed
ORD-100110,2026-02-23,Краснодар,retail,Смартфоны,Смартфон Lite,1,21195.25,0,completed
ORD-100111,2026-02-17,Новосибирск,online,Аксессуары,Мышь беспроводная,1,1777.22,0,cancelled
ORD-100112,2026-06-09,Москва,online,Сетевое оборудование,Коммутатор,1,8709.17,0.1,completed
ORD-100113,2026-04-06,Казань,online,Хранение данных,SSD 1 ТБ,1,9765.77,0,returned
ORD-100114,2026-05-17,Казань,retail,Смартфоны,Смартфон Lite,1,22333.82,0.1,completed
ORD-100115,2026-02-19,Новосибирск,retail,Мониторы,Монитор 24,1,17247.95,0.2,cancelled
ORD-100116,2026-01-09,Краснодар,retail,Хранение данных,Внешний диск 2 ТБ,1,10057.14,0,completed
ORD-100117,2026-05-18,Екатеринбург,retail,Хранение данных,SSD 1 ТБ,1,8865.85,0.15,completed
ORD-100118,2026-02-10,,partner,Мониторы,Монитор 24,1,16823.51,0.2,cancelled
ORD-100119,2026-05-19,Санкт-Петербург,online,Мониторы,Монитор 24,2,15811.37,0.2,completed
ORD-100120,2026-01-11,Новосибирск,online,Аксессуары,Мышь беспроводная,2,1782.41,0,completed
ORD-100121,2026-05-19,Казань,online,Периферия,Сканер,1,15224.5,0.1,completed
ORD-100122,2026-04-14,Казань,retail,Аксессуары,Клавиатура,2,3498.14,0,completed
ORD-100123,2026-02-06,Санкт-Петербург,online,Мониторы,Монитор 24,1,16751.33,0.1,cancelled
ORD-100124,2026-05-05,Краснодар,online,Ноутбуки,Ноутбук Start 14,2,47056.67,0,completed
ORD-100125,2026-04-06,Краснодар,retail,Периферия,Сканер,1,15160.22,0.1,completed
ORD-100126,2026-03-07,Новосибирск,partner,Периферия,Сканер,4,14692.33,0.1,returned
ORD-100127,2026-06-07,Москва,online,Ноутбуки,Ноутбук Start 14,1,51957.3,0.05,completed
ORD-100128,2026-03-23,Новосибирск,online,Смартфоны,Смартфон Lite,3,21730.36,0.05,completed
ORD-100129,2026-03-26,Казань,retail,Хранение данных,SSD 1 ТБ,1,8839.23,0.1,completed
ORD-100130,2026-06-24,Екатеринбург,retail,Мониторы,Монитор 24,1,16408.43,0.15,cancelled
ORD-100131,2026-05-24,Новосибирск,online,Смартфоны,Смартфон Lite,1,21437.96,0.1,completed
ORD-100132,2026-06-08,Краснодар,online,Ноутбуки,Ноутбук Start 14,1,49120.06,0.1,cancelled
ORD-100133,2026-02-22,Санкт-Петербург,online,Хранение данных,SSD 1 ТБ,2,8906.03,0.1,completed
ORD-100134,2026-01-02,Казань,retail,Мониторы,Монитор 24,2,17312.29,0,completed
ORD-100135,2026-05-10,Екатеринбург,retail,Ноутбуки,Ноутбук Pro 15,3,71891.7,0.15,completed
ORD-100136,2026-03-30,Казань,retail,Аксессуары,Гарнитура,1,4606.25,0,returned
ORD-100137,2026-03-30,Санкт-Петербург,retail,Аксессуары,Гарнитура,1,4629.11,0.1,completed
ORD-100138,2026-05-31,Москва,retail,Хранение данных,SSD 1 ТБ,1,9766.75,0,completed
ORD-100139,2026-01-08,Екатеринбург,online,  Сетевое оборудование ,Коммутатор,1,8220.5,0,completed
ORD-100140,2026-05-05,Екатеринбург,online,Аксессуары,Клавиатура,1,3158.06,0,completed
ORD-100141,2026-03-30,Краснодар,online,Мониторы,Монитор 27,1,24968.5,0,completed
ORD-100142,2026-01-15,Москва,partner,Сетевое оборудование,Коммутатор,2,8869.87,0,completed
ORD-100143,2026-02-13,Краснодар,online,Периферия,Принтер,1,18745.23,0.1,cancelled
ORD-100144,2026-03-23,Москва,retail,Периферия,Сканер,1,16380.85,0.05,completed
ORD-100145,2026-05-17,Новосибирск,online,Периферия,Принтер,1,19196.31,0.1,returned
ORD-100146,2026-02-18,Екатеринбург,retail,Смартфоны,Смартфон Lite,1,22536.72,0,cancelled
ORD-100147,2026-04-05,Екатеринбург,online,Периферия,Сканер,3,14528.21,0,completed
ORD-100148,2026-03-27,Москва,retail,Периферия,Сканер,2,16440.62,0.05,completed
ORD-100149,2026-03-12,Новосибирск,online,Ноутбуки,Ноутбук Pro 15,2,77057.64,0,completed
ORD-100150,2026-05-15,Краснодар,online,Аксессуары,Мышь беспроводная,3,1785.62,0.2,completed
ORD-100151,2026-03-30,Санкт-Петербург,online,Аксессуары,Клавиатура,5,3371.5,0,completed
ORD-100152,2026-03-07,Екатеринбург,retail,Ноутбуки,Ноутбук Pro 15,3,71215.2,0.1,completed
ORD-100153,2026-02-28,Москва,retail,Мониторы,Монитор 27,1,25354.7,0,completed
ORD-100154,2026-04-17,Новосибирск,online,Мониторы,Монитор 27,4,24775.25,0.15,completed
ORD-100155,2026-05-02,Новосибирск,online,Сетевое оборудование,Коммутатор,1,8419.93,0,completed
ORD-100156,2026-03-22,Екатеринбург,partner,Хранение данных,Внешний диск 2 ТБ,1,10635.22,0.05,completed
ORD-100157,2026-05-14,Санкт-Петербург,online,Ноутбуки,Ноутбук Start 14,2,47924.68,0,completed
ORD-100158,2026-04-24,Казань,retail,Мониторы,Монитор 27,2,24971.31,0,cancelled
ORD-100159,2026-06-21,Казань,online,Смартфоны,Смартфон Lite,3,22307.24,0.05,completed
ORD-100160,2026-03-05,Санкт-Петербург,retail,Хранение данных,SSD 1 ТБ,4,9701.81,0.1,completed
ORD-100161,2026-03-16,Екатеринбург,retail,Смартфоны,Смартфон Lite,2,22073.91,0.1,completed
ORD-100162,2026-06-27,Новосибирск,online,Аксессуары,Гарнитура,2,4736.88,0.05,returned
ORD-100163,2026-02-28,Санкт-Петербург,online,Периферия,Сканер,1,16208.35,0.05,completed
ORD-100164,2026-05-15,Екатеринбург,partner,Смартфоны,Смартфон Plus,3,38121.82,0,completed
ORD-100165,2026-02-01,Екатеринбург,partner,Хранение данных,SSD 1 ТБ,3,9281.31,0,completed
ORD-100166,2026-02-13,Москва,online,Периферия,Сканер,1,16341.09,0,completed
ORD-100167,2026-02-11,Екатеринбург,partner,Сетевое оборудование,Wi-Fi роутер,1,6445.41,0.1,cancelled
ORD-100168,2026-02-13,Екатеринбург,online,Сетевое оборудование,Коммутатор,1,8791.82,0,completed
ORD-100169,2026-04-11,Екатеринбург,online,Ноутбуки,Ноутбук Start 14,1,50407.86,0,completed
ORD-100170,2026-02-24,Новосибирск,online,Аксессуары,Мышь беспроводная,1,1820.46,0.15,completed
ORD-100171,2026-03-09,Екатеринбург,online,Смартфоны,Смартфон Plus,5,38957.03,0.05,completed
ORD-100172,2026-01-02,Екатеринбург,online,Мониторы,Монитор 24,1,17280.91,0.15,completed
ORD-100173,2026-02-10,Москва,online,Аксессуары,Гарнитура,1,4456.18,0,completed
ORD-100174,2026-01-03,Новосибирск,online,Смартфоны,Смартфон Lite,1,22441.22,0.15,cancelled
ORD-100175,2026-01-09,Москва,online,Смартфоны,Смартфон Lite,3,22401.1,0,returned
ORD-100176,2026-06-14,Санкт-Петербург,retail,Смартфоны,Смартфон Lite,1,20323.03,0,completed
ORD-100177,2026-04-23,Санкт-Петербург,online,Аксессуары,Мышь беспроводная,2,1814.63,0.1,completed
ORD-100178,2026-02-19,Екатеринбург,online,Смартфоны,Смартфон Plus,2,41499.77,0.1,completed
ORD-100179,2026-06-05,Москва,partner,Ноутбуки,Ноутбук Start 14,2,45965.08,0,completed
ORD-100180,2026-01-19,Краснодар,retail,Периферия,Сканер,2,15341.81,0,completed
ORD-100181,2026-06-28,Санкт-Петербург,retail,Мониторы,Монитор 24,1,16998.88,0,completed
ORD-100182,2026-03-27,Казань,retail,Периферия,Сканер,4,14836.47,0,completed
ORD-100183,2026-03-22,Новосибирск,retail,Ноутбуки,Ноутбук Pro 15,2,70503.23,0.1,completed
ORD-100184,2026-01-15,Краснодар,online,Аксессуары,Клавиатура,5,3330.68,0.05,completed
ORD-100185,2026-01-14,Екатеринбург,retail,Аксессуары,Мышь беспроводная,1,1882.46,0.05,completed
ORD-100186,2026-05-12,Новосибирск,partner,Смартфоны,Смартфон Plus,4,39296.24,0,completed
ORD-100187,2026-03-10,Москва,retail,Хранение данных,SSD 1 ТБ,1,9108.65,0,cancelled
ORD-100188,2026-06-27,Санкт-Петербург,partner,Ноутбуки,Ноутбук Pro 15,2,70100.4,0,completed
ORD-100189,2026-02-19,Екатеринбург,online,Сетевое оборудование,Wi-Fi роутер,1,6487.26,0.05,completed
ORD-100190,2026-04-11,Казань,partner,Мониторы,Монитор 24,2,17025.56,0.05,completed
ORD-100191,2026-01-17,Новосибирск,retail,Аксессуары,Мышь беспроводная,1,1887.24,0,completed
ORD-100192,2026-06-15,Москва,retail,Ноутбуки,Ноутбук Start 14,1,47845.5,0,completed
ORD-100193,2026-01-04,Новосибирск,online,Аксессуары,Клавиатура,1,3242.53,0.05,completed
ORD-100194,2026-05-23,Санкт-Петербург,online,Хранение данных,SSD 1 ТБ,1,9374.34,0,returned
ORD-100195,2026-01-10,Казань,retail,Ноутбуки,Ноутбук Pro 15,1,78491.16,0.05,completed
ORD-100196,2026-03-26,Краснодар,retail,Аксессуары,Мышь беспроводная,1,1787.42,0.05,completed
ORD-100197,2026-03-21,Екатеринбург,retail,Периферия,Сканер,1,15574.3,0.1,completed
ORD-100198,2026-04-11,Москва,online,Мониторы,Монитор 27,2,24201.1,0.15,completed
ORD-100199,2026-03-29,Новосибирск,retail,Смартфоны,Смартфон Lite,2,20944.04,0.05,completed
ORD-100200,2026-06-03,Краснодар,online,Мониторы,Монитор 24,3,16250.3,0.15,completed
ORD-100201,2026-04-25,Казань,partner,Хранение данных,Внешний диск 2 ТБ,3,11026.48,0,completed
ORD-100202,2026-05-20,Новосибирск,retail,Аксессуары,Гарнитура,1,4714.54,0,completed
ORD-100203,2026-03-27,Краснодар,online,Хранение данных,Внешний диск 2 ТБ,1,10362.02,0,completed
ORD-100204,2026-02-22,Москва,retail,Сетевое оборудование,Коммутатор,-1,9289.44,0,completed
ORD-100205,2026-04-14,Казань,online,Мониторы,Монитор 24,1,16399.44,0.1,cancelled
ORD-100206,2026-04-23,Москва,partner,Аксессуары,Мышь беспроводная,3,1823.84,0,completed
ORD-100207,2026-02-24,Москва,online,Ноутбуки,Ноутбук Start 14,3,46795.14,0,completed
ORD-100208,2026-06-19,Казань,retail,Смартфоны,Смартфон Plus,1,37369.98,0.1,completed
ORD-100209,2026-02-22,Екатеринбург,partner,Хранение данных,SSD 1 ТБ,1,9466.0,0,completed
ORD-100210,2026-06-19,Новосибирск,partner,Аксессуары,Гарнитура,2,4940.49,0,completed
ORD-100211,2026-04-13,Екатеринбург,online,Сетевое оборудование,Коммутатор,2,8795.72,0.1,returned
ORD-100212,2026-05-14,Казань,online,Ноутбуки,Ноутбук Start 14,2,47748.12,0.05,completed
ORD-100213,2026-06-12,Краснодар,partner,Аксессуары,Мышь беспроводная,2,1844.55,0.05,completed
ORD-100214,2026-03-13,Краснодар,online,Аксессуары,Клавиатура,4,3384.75,0,completed
ORD-100215,2026-02-24,Екатеринбург,online,Периферия,Принтер,1,18794.43,0,completed
ORD-100216,2026-01-14,Москва,partner,Аксессуары,Гарнитура,2,4814.5,0,completed
ORD-100217,2026-03-09,Санкт-Петербург,partner,Аксессуары,Мышь беспроводная,3,1870.26,0.05,completed
ORD-100218,2026-03-19,Москва  ,retail,Мониторы,Монитор 24,2,16773.08,0.15,completed
ORD-100219,2026-05-02,Казань,retail,Мониторы,Монитор 27,1,24724.53,0,completed
ORD-100220,2026-04-30,Санкт-Петербург,retail,Аксессуары,Мышь беспроводная,1,1982.65,0.2,completed
ORD-100221,2026-05-16,Санкт-Петербург,online,Периферия,Принтер,3,20610.98,0.05,completed
ORD-100222,2026-04-23,Екатеринбург,online,Ноутбуки,Ноутбук Pro 15,1,71968.97,0,completed
ORD-100223,2026-06-14,Новосибирск,online,Мониторы,Монитор 27,1,26519.42,0,completed
ORD-100224,2026-02-24,Москва,partner,Аксессуары,Гарнитура,1,4887.6,0.05,completed
ORD-100225,2026-04-30,Казань,online,Ноутбуки,Ноутбук Start 14,2,47260.87,0.15,completed
ORD-100226,2026-01-03,Казань,online,Смартфоны,Смартфон Lite,3,22968.34,0.1,completed
ORD-100227,2026-02-20,Санкт-Петербург,partner,Хранение данных,SSD 1 ТБ,2,9010.12,0.05,completed
ORD-100228,2026-06-19,Екатеринбург,retail,Мониторы,Монитор 27,2,24184.44,0.05,completed
ORD-100229,2026-04-03,Москва,partner,Хранение данных,SSD 1 ТБ,1,9482.29,0.05,completed
ORD-100230,2026-03-01,Санкт-Петербург,retail,Смартфоны,Смартфон Plus,1,41026.34,0,returned
ORD-100231,2026-03-05,Санкт-Петербург,online,Аксессуары,Гарнитура,2,4998.35,0.05,cancelled
ORD-100232,2026-05-17,Екатеринбург,online,Аксессуары,Клавиатура,1,3349.6,0.15,cancelled
ORD-100233,2026-01-20,Москва,retail,Ноутбуки,Ноутбук Pro 15,1,71830.74,0.05,completed
ORD-100234,2026-02-01,Санкт-Петербург,retail,Периферия,Сканер,3,15563.09,0,completed
ORD-100235,2026-02-05,Санкт-Петербург,online,Аксессуары,Клавиатура,2,3144.6,0,completed
ORD-100236,2026-04-02,Москва,partner,Смартфоны,Смартфон Lite,3,21470.26,0,cancelled
ORD-100237,2026-03-17,Санкт-Петербург,retail,Периферия,Сканер,1,16382.85,0.05,completed
ORD-100238,2026-06-04,Москва,online,Ноутбуки,Ноутбук Pro 15,1,71812.42,0.05,completed
ORD-100239,2026-04-18,Екатеринбург,retail,Мониторы,Монитор 27,1,23552.25,0.1,completed
ORD-100240,2026-06-04,Новосибирск,partner,Сетевое оборудование,Wi-Fi роутер,2,6570.23,0,completed
ORD-100241,2026-03-17,Санкт-Петербург,retail,Хранение данных,Внешний диск 2 ТБ,1,9808.24,0,completed
ORD-100242,2026-01-19,Казань,retail,Ноутбуки,Ноутбук Pro 15,2,78023.02,0,completed
ORD-100243,2026-01-18,Казань,online,Сетевое оборудование,Коммутатор,3,8224.14,0,completed
ORD-100244,2026-06-03,Санкт-Петербург,retail,Аксессуары,Мышь беспроводная,1,1971.57,0.05,completed
ORD-100245,2026-05-29,,partner,Смартфоны,Смартфон Plus,1,37320.6,0.05,cancelled
ORD-100246,2026-01-31,Москва,retail,Мониторы,Монитор 27,2,23785.6,0,completed
ORD-100247,2026-06-15,Казань,online,Аксессуары,Мышь беспроводная,1,1798.24,0.05,completed
ORD-100248,2026-05-03,Новосибирск,retail,Аксессуары,Гарнитура,3,4812.55,0.05,completed
ORD-100249,2026-06-08,Новосибирск,online,Аксессуары,Мышь беспроводная,1,1871.67,0,completed
ORD-100250,2026-01-27,Москва,online,Мониторы,Монитор 24,2,15834.86,0,completed
ORD-100251,2026-02-08,Москва,partner,Периферия,Принтер,1,19444.18,0,completed
ORD-100252,2026-01-29,Санкт-Петербург,retail,Смартфоны,Смартфон Plus,1,41756.73,0,completed
ORD-100253,2026-01-03,Екатеринбург,online,Мониторы,Монитор 27,2,26796.58,0,completed
ORD-100254,2026-03-16,Краснодар,partner,Ноутбуки,Ноутбук Pro 15,2,73499.24,0.2,completed
ORD-100255,2026-04-27,Санкт-Петербург,retail,Хранение данных,Внешний диск 2 ТБ,4,9809.72,0.05,completed
ORD-100256,2026-05-22,Казань,retail,Аксессуары,Клавиатура,1,3201.08,0,completed
ORD-100257,2026-01-30,Казань,retail,Хранение данных,Внешний диск 2 ТБ,1,10012.45,0,completed
ORD-100258,2026-05-18,Краснодар,retail,Мониторы,Монитор 27,2,24744.28,0,completed
ORD-100259,2026-02-05,Новосибирск,partner,Ноутбуки,Ноутбук Pro 15,1,74190.9,0,completed
ORD-100260,2026-04-07,Екатеринбург,retail,Мониторы,Монитор 24,2,17020.94,0,cancelled
ORD-100261,2026-04-25,Екатеринбург,partner,Смартфоны,Смартфон Plus,1,36607.18,0,completed
ORD-100262,2026-06-19,Краснодар,online,Ноутбуки,Ноутбук Start 14,3,51654.62,0.2,completed
ORD-100263,2026-05-28,Краснодар,online,Сетевое оборудование,Коммутатор,4,8305.77,0,completed
ORD-100264,2026-01-15,Москва,retail,Хранение данных,SSD 1 ТБ,1,9465.27,0.2,completed
ORD-100265,2026-04-27,Казань,retail,Периферия,Принтер,3,19792.79,0,cancelled
ORD-100266,2026-04-20,Екатеринбург,retail,Мониторы,Монитор 24,4,15335.66,0,completed
ORD-100267,2026-04-17,Екатеринбург,retail,Смартфоны,Смартфон Plus,1,40573.28,0.05,completed
ORD-100268,2026-01-27,Москва,online,Аксессуары,Мышь беспроводная,2,1748.99,0,completed
ORD-100269,2026-03-16,Москва,retail,Ноутбуки,Ноутбук Start 14,3,50183.43,0,completed
ORD-100270,2026-06-30,Краснодар,retail,Сетевое оборудование,Wi-Fi роутер,5,5936.17,0,completed
ORD-100271,2026-04-24,Санкт-Петербург,online,Ноутбуки,Ноутбук Pro 15,1,77612.07,0.1,completed
ORD-100272,2026-06-23,Москва,online,Сетевое оборудование,Wi-Fi роутер,2,6305.75,0.1,cancelled
ORD-100273,2026-05-29,Казань,partner,Периферия,Принтер,4,19881.71,0.15,completed
ORD-100274,2026-04-14,Екатеринбург,retail,Аксессуары,Гарнитура,2,5024.82,0.05,completed
ORD-100275,2026-01-20,Москва,retail,Хранение данных,Внешний диск 2 ТБ,1,10288.55,0.15,completed
ORD-100276,2026-06-08,Москва,online,Смартфоны,Смартфон Plus,1,36621.2,0.1,completed
ORD-100277,2026-01-05,Екатеринбург,online,Ноутбуки,Ноутбук Pro 15,1,79258.74,0.1,cancelled
ORD-100278,2026-03-27,Санкт-Петербург,partner,Мониторы,Монитор 24,2,17112.87,0,completed
ORD-100279,2026-05-06,Санкт-Петербург,retail,Смартфоны,Смартфон Lite,2,20417.63,0,completed
ORD-100280,2026-02-14,Казань,online,  Периферия ,Принтер,1,18846.46,0.2,completed
ORD-100281,2026-05-27,Краснодар,online,Периферия,Сканер,2,15291.75,0,completed
ORD-100282,2026-01-13,Новосибирск,online,Мониторы,Монитор 27,1,25487.67,0.05,completed
ORD-100283,2026-06-01,Новосибирск,online,Аксессуары,Гарнитура,1,4915.82,0.1,completed
ORD-100284,2026-04-28,Санкт-Петербург,online,Аксессуары,Гарнитура,1,4766.69,0.05,cancelled
ORD-100285,2026-01-29,Краснодар,partner,Хранение данных,Внешний диск 2 ТБ,1,11113.9,0,completed
ORD-100286,2026-04-11,Новосибирск,retail,Мониторы,Монитор 24,5,15880.9,0,completed
ORD-100287,2026-06-16,Краснодар,retail,Аксессуары,Клавиатура,3,3223.38,0,completed
ORD-100288,2026-05-23,Екатеринбург,online,Хранение данных,SSD 1 ТБ,1,9241.63,0,completed
ORD-100289,2026-03-16,Казань,online,Периферия,Принтер,4,19990.21,0.1,completed
ORD-100290,2026-05-04,Санкт-Петербург,online,Мониторы,Монитор 24,1,16815.26,0.2,completed
ORD-100291,2026-01-24,Санкт-Петербург,retail,Смартфоны,Смартфон Plus,4,38958.52,0.15,completed
ORD-100292,2026-02-13,Екатеринбург,retail,Хранение данных,Внешний диск 2 ТБ,2,10879.84,0,completed
ORD-100293,2026-04-21,Екатеринбург,online,Мониторы,Монитор 27,3,24925.39,0.05,cancelled
ORD-100294,2026-02-09,Санкт-Петербург,partner,Сетевое оборудование,Wi-Fi роутер,1,6558.9,0.05,completed
ORD-100295,2026-01-17,Краснодар,partner,Периферия,Принтер,3,20191.08,0,completed
ORD-100296,2026-03-23,Новосибирск,online,Хранение данных,Внешний диск 2 ТБ,1,11015.45,0.05,completed
ORD-100297,2026-01-06,Санкт-Петербург,online,Периферия,Сканер,1,15471.94,0.05,completed
ORD-100298,2026-03-24,Москва,partner,Хранение данных,SSD 1 ТБ,1,9144.76,0.2,completed
ORD-100299,2026-02-04,Москва,partner,Периферия,Принтер,2,19214.5,0,completed
ORD-100300,2026-03-25,Москва,online,Сетевое оборудование,Коммутатор,2,9141.83,0.2,completed
ORD-100301,2026-03-20,Екатеринбург,online,Сетевое оборудование,Wi-Fi роутер,1,6330.17,0.2,completed
ORD-100302,2026-03-26,Санкт-Петербург,retail,Сетевое оборудование,Wi-Fi роутер,2,6019.01,0.1,completed
ORD-100303,2026-04-14,Новосибирск,partner,Смартфоны,Смартфон Lite,1,20850.02,0.2,completed
ORD-100304,2026-03-29,Санкт-Петербург,retail,Ноутбуки,Ноутбук Pro 15,3,79369.87,0,completed
ORD-100305,2026-05-12,Новосибирск,retail,Мониторы,Монитор 24,2,16606.73,0.05,cancelled
ORD-100306,2026-04-03,Новосибирск,partner,Смартфоны,Смартфон Plus,1,41012.79,0,completed
ORD-100307,2026-06-03,Краснодар,online,Сетевое оборудование,Wi-Fi роутер,1,6076.39,0,completed
ORD-100308,2026-03-21,Казань,online,Мониторы,Монитор 24,1,17380.17,0,completed
ORD-100309,2026-06-04,Екатеринбург,online,Ноутбуки,Ноутбук Pro 15,5,77336.49,0,completed
ORD-100310,2026-06-02,Санкт-Петербург,online,Смартфоны,Смартфон Plus,1,41674.93,0.15,cancelled
ORD-100311,2026-06-24,Казань,online,Хранение данных,Внешний диск 2 ТБ,1,9835.16,0,completed
ORD-100312,2026-03-17,Новосибирск,online,Мониторы,Монитор 27,2,23466.97,0.05,completed
ORD-100313,2026-02-02,Краснодар,retail,Ноутбуки,Ноутбук Start 14,2,46067.68,0,completed
ORD-100314,2026-06-21,Москва,online,Периферия,Принтер,1,19511.44,0,completed
ORD-100315,2026-04-21,Москва,online,Сетевое оборудование,Коммутатор,1,8820.43,0,completed
ORD-100316,2026-06-28,Москва,partner,Ноутбуки,Ноутбук Pro 15,1,76977.09,0.1,completed
ORD-100317,2026-01-18,Москва,online,Смартфоны,Смартфон Plus,2,40434.66,0.05,completed
ORD-100318,2026-02-16,Санкт-Петербург,online,Сетевое оборудование,Коммутатор,2,8387.83,0.05,completed
ORD-100319,2026-06-14,Санкт-Петербург,partner,Мониторы,Монитор 24,3,15967.01,0.15,completed
ORD-100320,2026-05-31,Новосибирск,online,Аксессуары,Мышь беспроводная,1,1964.14,0.05,completed
ORD-100321,2026-01-12,Москва,online,Ноутбуки,Ноутбук Start 14,3,49666.5,0,completed
ORD-100322,2026-05-08,Москва,online,Аксессуары,Гарнитура,3,4680.78,0,completed
ORD-100323,2026-04-11,Краснодар,online,Сетевое оборудование,Wi-Fi роутер,1,6378.52,0.05,completed
ORD-100324,2026-04-07,Новосибирск,retail,Аксессуары,Гарнитура,1,4962.87,0.05,completed
ORD-100325,2026-02-05,Казань,retail,Периферия,Принтер,3,20957.28,0.1,completed
ORD-100326,2026-05-10,Санкт-Петербург,online,Хранение данных,Внешний диск 2 ТБ,3,10910.21,0,completed
ORD-100327,2026-04-07,Санкт-Петербург,online,Аксессуары,Клавиатура,1,3236.87,0,completed
ORD-100328,2026-06-13,Екатеринбург,online,Аксессуары,Клавиатура,2,3093.54,0,completed
ORD-100329,2026-02-01,Краснодар,online,Хранение данных,SSD 1 ТБ,1,9196.6,0,completed
ORD-100330,2026-03-24,Казань,online,Аксессуары,Гарнитура,1,4986.7,0.05,returned
ORD-100331,2026-01-01,Екатеринбург,retail,Ноутбуки,Ноутбук Start 14,1,0,0,cancelled
ORD-100332,2026-04-17,Новосибирск,retail,Аксессуары,Гарнитура,1,4922.81,0.05,completed
ORD-100333,2026-06-05,Москва,online,Сетевое оборудование,Wi-Fi роутер,1,6480.1,0.1,completed
ORD-100334,2026-06-21,Краснодар,online,Мониторы,Монитор 27,2,25002.7,0.15,Completed 
ORD-100335,2026-03-10,Санкт-Петербург,partner,Смартфоны,Смартфон Lite,1,21399.87,0.1,completed
ORD-100336,2026-03-22,Екатеринбург,retail,Сетевое оборудование,Коммутатор,1,8270.62,0,completed
ORD-100337,2026-05-08,Москва,retail,Аксессуары,Гарнитура,1,4701.18,0,cancelled
ORD-100338,2026-05-24,Казань,retail,Периферия,Сканер,2,15317.28,0.1,completed
ORD-100339,2026-04-14,Екатеринбург,online,Мониторы,Монитор 24,5,17355.57,0.05,cancelled
ORD-100340,2026-02-12,Москва,online,Сетевое оборудование,Коммутатор,1,8579.37,0,cancelled
ORD-100341,2026-04-05,Краснодар,retail,Мониторы,Монитор 24,2,16804.84,0,completed
ORD-100342,2026-06-18,Казань,retail,Мониторы,Монитор 24,1,17054.27,0.2,completed
ORD-100343,2026-03-12,Краснодар,retail,Смартфоны,Смартфон Lite,1,22073.33,0.1,completed
ORD-100344,2026-06-16,Москва,online,Смартфоны,Смартфон Lite,3,22764.71,0,completed
ORD-100345,2026-02-27,Санкт-Петербург,partner,Смартфоны,Смартфон Lite,2,20423.52,0,completed
ORD-100346,2026-06-30,Москва,online,Хранение данных,Внешний диск 2 ТБ,2,9956.45,0.1,completed
ORD-100347,2026-04-26,Екатеринбург,online,Хранение данных,SSD 1 ТБ,2,9405.98,0.1,completed
ORD-100348,2026-06-25,Новосибирск,online,Ноутбуки,Ноутбук Start 14,1,47724.37,0,completed
ORD-100349,2026-02-12,Санкт-Петербург,online,Хранение данных,SSD 1 ТБ,1,9225.86,0,completed
ORD-100350,2026-01-30,Санкт-Петербург,online,Периферия,Сканер,5,15504.83,0.2,completed
ORD-100351,2026-06-24,Казань,online,Мониторы,Монитор 27,1,23773.39,0,completed
ORD-100352,2026-02-24,Казань,online,Мониторы,Монитор 27,2,25291.7,0.15,completed
ORD-100353,2026-01-07,Санкт-Петербург,retail,Сетевое оборудование,Коммутатор,2,9108.0,0,completed
ORD-100354,2026-03-30,Екатеринбург,online,Хранение данных,SSD 1 ТБ,1,8905.81,0.05,completed
ORD-100355,2026-03-27,Новосибирск,partner,Аксессуары,Гарнитура,1,4796.32,0.05,completed
ORD-100356,2026-06-20,Москва,online,Ноутбуки,Ноутбук Pro 15,1,74622.02,0.05,completed
ORD-100357,2026-01-29,Екатеринбург,partner,Сетевое оборудование,Wi-Fi роутер,2,6147.62,0.15,completed
ORD-100358,2026-03-01,Казань,retail,Хранение данных,Внешний диск 2 ТБ,5,10195.29,0,completed
ORD-100359,2026-01-08,Екатеринбург,online,Хранение данных,SSD 1 ТБ,2,9386.82,0,returned
ORD-100360,2026-03-12,Казань,online,Ноутбуки,Ноутбук Pro 15,1,77225.45,0,completed
ORD-100361,2026-02-13,Санкт-Петербург,retail,Ноутбуки,Ноутбук Start 14,1,51610.1,0.05,cancelled
ORD-100362,2026-03-28,Санкт-Петербург,online,Хранение данных,Внешний диск 2 ТБ,4,9700.98,0.1,completed
ORD-100363,2026-06-14,Москва,online,Аксессуары,Мышь беспроводная,1,1898.66,0.1,cancelled
ORD-100364,2026-04-01,Санкт-Петербург,partner,Периферия,Сканер,1,16467.37,0,completed
ORD-100365,2026-03-23,Москва,partner,Аксессуары,Клавиатура,1,3214.43,0.2,completed
ORD-100366,2026-04-10,Краснодар,partner,Мониторы,Монитор 24,2,17207.5,0.2,completed
ORD-100367,2026-01-14,Екатеринбург,online,Смартфоны,Смартфон Plus,1,37369.19,0.05,completed
ORD-100368,2026-04-12,Санкт-Петербург,online,Смартфоны,Смартфон Lite,1,20582.15,0.1,completed
ORD-100369,2026-04-10,Москва,online,Смартфоны,Смартфон Plus,2,38512.69,0,completed
ORD-100370,2026-05-09,Санкт-Петербург,online,Хранение данных,SSD 1 ТБ,1,9756.84,0.1,cancelled
ORD-100371,2026-03-07,Казань,online,Мониторы,Монитор 24,3,16042.76,0,completed
ORD-100372,2026-01-22,Казань,online,Мониторы,Монитор 27,1,26140.63,0.1,completed
ORD-100373,2026-04-08,Москва,online,Аксессуары,Клавиатура,1,3123.86,0.05,completed
ORD-100374,2026-03-08,Новосибирск,retail,Смартфоны,Смартфон Lite,1,20389.88,0.15,completed
ORD-100375,2026-06-02,Москва,online,Периферия,Принтер,2,21212.1,0,completed
ORD-100376,2026-01-11,Краснодар,retail,Смартфоны,Смартфон Plus,5,41021.67,0.1,completed
ORD-100377,2026-04-16,Краснодар,online,Смартфоны,Смартфон Lite,1,21812.97,0,completed
ORD-100378,2026-06-23,Казань,retail,Ноутбуки,Ноутбук Pro 15,2,76930.79,0,completed
ORD-100379,2026-05-12,Екатеринбург,online,Хранение данных,SSD 1 ТБ,3,9308.28,0.2,completed
ORD-100380,2026-01-04,Казань,partner,Ноутбуки,Ноутбук Start 14,3,46418.75,0,completed
ORD-100381,2026-04-27,Москва,retail,Аксессуары,Мышь беспроводная,5,1948.99,0,completed
ORD-100382,2026-03-16,Москва,online,Периферия,Сканер,1,15744.83,0.05,completed
ORD-100383,2026-01-03,Казань,online,Смартфоны,Смартфон Lite,1,20622.8,0.05,completed
ORD-100384,2026-02-24,Новосибирск,online,Ноутбуки,Ноутбук Start 14,5,48050.42,0.15,completed
ORD-100385,2026-05-10,Краснодар,partner,Смартфоны,Смартфон Plus,3,41679.46,0.1,completed
ORD-100386,2026-02-02,Санкт-Петербург,retail,Мониторы,Монитор 27,3,24156.84,0,completed
ORD-100387,2026-02-19,Краснодар,retail,Мониторы,Монитор 27,1,24614.38,0,completed
ORD-100388,2026-01-09,Москва,retail,Мониторы,Монитор 27,2,24567.09,0.1,completed
ORD-100389,2026-03-07,Москва,retail,Смартфоны,Смартфон Plus,5,39918.36,0.1,completed
ORD-100390,2026-05-11,,retail,Аксессуары,Мышь беспроводная,3,1897.12,0.05,completed
ORD-100391,2026-06-09,Краснодар,online,Ноутбуки,Ноутбук Pro 15,4,73921.8,0.05,completed
ORD-100392,2026-01-08,Санкт-Петербург,online,Смартфоны,Смартфон Lite,1,22331.03,0,completed
ORD-100393,2026-04-03,Краснодар,partner,Смартфоны,Смартфон Plus,1,41443.46,0.1,completed
ORD-100394,2026-05-06,Санкт-Петербург,online,Ноутбуки,Ноутбук Start 14,2,48031.88,0.1,completed
ORD-100395,2026-04-29,Санкт-Петербург,online,Ноутбуки,Ноутбук Start 14,2,47142.21,0.05,completed
ORD-100396,2026-04-11,Москва,retail,Периферия,Принтер,3,19606.12,0.05,completed
ORD-100397,2026-05-15,Новосибирск,online,Мониторы,Монитор 27,1,23710.18,0,completed
ORD-100398,2026-02-09,Краснодар,online,Мониторы,Монитор 27,2,24238.53,0.1,completed
ORD-100399,2026-01-11,Краснодар,partner,Аксессуары,Мышь беспроводная,2,1869.73,0.15,completed
ORD-100400,2026-05-26,Новосибирск,online,Периферия,Сканер,1,16346.59,0,completed
ORD-100401,2026-06-14,Краснодар,partner,Хранение данных,Внешний диск 2 ТБ,1,11012.44,0,completed
ORD-100402,2026-05-07,Москва,retail,Ноутбуки,Ноутбук Pro 15,5,77292.29,0,completed
ORD-100403,2026-06-22,Краснодар,retail,  Сетевое оборудование ,Коммутатор,1,8840.65,0.15,completed
ORD-100404,2026-04-03,Москва,online,Мониторы,Монитор 27,1,25289.79,0.2,completed
ORD-100405,2026-01-04,Екатеринбург,online,Хранение данных,SSD 1 ТБ,1,9072.05,0.2,completed
ORD-100406,2026-02-05,Санкт-Петербург,partner,Ноутбуки,Ноутбук Start 14,1,49281.11,0,completed
ORD-100407,2026-03-18,Санкт-Петербург,online,Аксессуары,Мышь беспроводная,2,1973.66,0,cancelled
ORD-100408,2026-04-08,Казань,partner,Мониторы,Монитор 27,1,24359.45,0,completed
ORD-100409,2026-04-17,Краснодар,partner,Периферия,Принтер,2,19226.89,0.05,cancelled
ORD-100410,2026-03-06,Санкт-Петербург,online,Сетевое оборудование,Wi-Fi роутер,1,6021.76,0.05,completed
ORD-100411,2026-02-16,Москва,partner,Аксессуары,Гарнитура,1,4637.84,0,completed
ORD-100412,2026-01-17,Новосибирск,online,Ноутбуки,Ноутбук Pro 15,1,75850.78,0,completed
ORD-100413,2026-02-13,Казань,online,Хранение данных,SSD 1 ТБ,2,9754.88,0,cancelled
ORD-100414,2026-02-06,Екатеринбург,online,Хранение данных,SSD 1 ТБ,1,9589.87,0.1,completed
ORD-100415,2026-04-26,Санкт-Петербург,online,Периферия,Принтер,3,19455.58,0,completed
ORD-100416,2026-03-19,Краснодар,retail,Аксессуары,Мышь беспроводная,2,1996.57,0,completed
ORD-100417,2026-03-17,Екатеринбург,online,Смартфоны,Смартфон Lite,3,23192.21,0.05,completed
ORD-100418,2026-05-21,Краснодар,online,Смартфоны,Смартфон Plus,3,37119.33,0.1,completed
ORD-100419,2026-03-17,Санкт-Петербург,online,Хранение данных,Внешний диск 2 ТБ,1,10570.31,0.05,completed
ORD-100420,2026-05-14,Краснодар,online,Хранение данных,Внешний диск 2 ТБ,5,9862.54,0,completed
ORD-100421,2026-06-19,Краснодар,retail,Периферия,Принтер,2,20577.97,0,completed
ORD-100422,2026-03-27,Казань,online,Аксессуары,Гарнитура,3,4704.73,0,completed
ORD-100423,2026-02-03,Екатеринбург,online,Аксессуары,Мышь беспроводная,1,1760.68,0.05,cancelled
ORD-100424,2026-01-09,Краснодар,online,Хранение данных,SSD 1 ТБ,2,9762.33,0,completed
ORD-100425,2026-04-06,Новосибирск,online,Аксессуары,Мышь беспроводная,1,1788.53,0.05,completed
ORD-100426,2026-04-15,Новосибирск,online,Сетевое оборудование,Коммутатор,2,8997.34,0,completed
ORD-100427,2026-05-13,Екатеринбург,online,Смартфоны,Смартфон Lite,2,22024.55,0,completed
ORD-100428,2026-02-09,Санкт-Петербург,online,Мониторы,Монитор 24,3,16025.77,0.1,completed
ORD-100429,2026-03-30,Москва,retail,Хранение данных,Внешний диск 2 ТБ,1,10928.86,0,completed
ORD-100430,2026-06-18,Казань,retail,Сетевое оборудование,Wi-Fi роутер,4,6336.44,0,completed
ORD-100431,2026-04-13,Краснодар,partner,Аксессуары,Мышь беспроводная,1,1891.19,0,completed
ORD-100432,2026-05-17,Краснодар,online,Аксессуары,Мышь беспроводная,2,1884.92,0.1,completed
ORD-100433,2026-04-17,Краснодар,retail,Аксессуары,Клавиатура,1,3126.38,0,completed
ORD-100434,2026-05-14,Екатеринбург,partner,Периферия,Принтер,1,19112.18,0,completed
ORD-100435,2026-02-15,Казань,online,Ноутбуки,Ноутбук Start 14,2,47277.51,0,cancelled
ORD-100436,2026-04-26,Москва,partner,Периферия,Сканер,1,14605.48,0.05,completed
ORD-100437,2026-01-02,Краснодар,online,Сетевое оборудование,Wi-Fi роутер,1,5986.73,0.05,completed
ORD-100438,2026-05-20,Москва,retail,Смартфоны,Смартфон Plus,2,41018.21,0.2,completed
ORD-100439,2026-03-17,Санкт-Петербург,online,Аксессуары,Мышь беспроводная,1,1972.74,0,completed
ORD-100440,2026-06-13,Казань,retail,Аксессуары,Гарнитура,1,4476.2,0.05,returned
ORD-100441,2026-01-04,Новосибирск,retail,Хранение данных,SSD 1 ТБ,2,8981.8,0.05,completed
ORD-100442,2026-06-22,Санкт-Петербург,partner,Ноутбуки,Ноутбук Start 14,3,45765.83,0,completed
ORD-100443,2026-01-15,Новосибирск,online,Мониторы,Монитор 24,1,15924.92,0.1,returned
ORD-100444,2026-04-27,Москва,online,Хранение данных,SSD 1 ТБ,2,8723.59,0.1,completed
ORD-100445,2026-02-27,Санкт-Петербург,online,Сетевое оборудование,Коммутатор,1,8745.98,0.15,completed
ORD-100446,2026-05-25,Новосибирск,retail,Хранение данных,Внешний диск 2 ТБ,1,11112.09,0.1,completed
ORD-100447,2026-04-26,Санкт-Петербург,online,Аксессуары,Мышь беспроводная,1,1836.38,0,completed
ORD-100448,2026-03-12,Москва,online,Ноутбуки,Ноутбук Pro 15,1,76383.13,0,completed
ORD-100449,2026-01-08,Новосибирск,online,Ноутбуки,Ноутбук Start 14,1,47073.72,0,completed
ORD-100450,2026-03-13,Санкт-Петербург,online,Мониторы,Монитор 27,5,26162.57,0,completed
ORD-100451,2026-05-17,Москва,online,Ноутбуки,Ноутбук Pro 15,1,76610.32,0,completed
ORD-100452,2026-01-31,Екатеринбург,retail,Ноутбуки,Ноутбук Start 14,1,51632.01,0,cancelled
ORD-100453,2026-04-18,Новосибирск,retail,Сетевое оборудование,Wi-Fi роутер,3,6019.83,0,completed
ORD-100454,2026-04-09,Санкт-Петербург,retail,Мониторы,Монитор 27,2,25837.82,0,completed
ORD-100455,2026-02-12,Санкт-Петербург,online,Сетевое оборудование,Wi-Fi роутер,2,6291.13,0.2,completed
ORD-100456,2026-01-04,Казань,partner,Смартфоны,Смартфон Lite,2,21511.21,0.1,completed
ORD-100457,2026-04-17,Санкт-Петербург,online,Смартфоны,Смартфон Plus,1,39145.99,0.1,completed
ORD-100458,2026-01-14,Краснодар,online,Сетевое оборудование,Коммутатор,1,9019.85,0.1,completed
ORD-100459,2026-03-25,Москва,retail,Хранение данных,Внешний диск 2 ТБ,1,9939.68,0.1,completed
ORD-100460,2026-04-19,Новосибирск,online,Смартфоны,Смартфон Plus,1,37146.3,0,completed
ORD-100461,2026-01-25,Краснодар,retail,Ноутбуки,Ноутбук Pro 15,3,69739.42,0,completed
ORD-100462,2026-01-22,Москва,online,Хранение данных,SSD 1 ТБ,1,9883.12,0,completed
ORD-100463,2026-06-01,Краснодар,retail,Аксессуары,Мышь беспроводная,5,1966.11,0.05,completed
ORD-100464,2026-02-10,Новосибирск,online,Ноутбуки,Ноутбук Start 14,1,46822.75,0,returned
ORD-100465,2026-04-26,Новосибирск,online,Ноутбуки,Ноутбук Start 14,1,46428.44,0.05,completed
ORD-100466,2026-01-20,Новосибирск,online,Ноутбуки,Ноутбук Start 14,2,51461.08,0.2,completed
ORD-100467,2026-02-21,Санкт-Петербург,online,Аксессуары,Гарнитура,0,4440.65,0,cancelled
ORD-100468,2026-01-17,Москва,online,Хранение данных,SSD 1 ТБ,3,9118.95,0.1,completed
ORD-100469,2026-03-07,Екатеринбург,retail,Мониторы,Монитор 27,5,23884.48,0.05,completed
ORD-100470,2026-03-21,Новосибирск,online,Ноутбуки,Ноутбук Pro 15,1,74979.12,0,completed
ORD-100471,2026-03-17,Новосибирск,retail,Аксессуары,Клавиатура,1,3474.6,0.15,cancelled
ORD-100472,2026-01-06,Казань,online,Периферия,Принтер,1,18927.47,0,completed
ORD-100473,2026-06-06,Санкт-Петербург,online,Ноутбуки,Ноутбук Start 14,2,49286.23,0,completed
ORD-100474,2026-06-08,Казань,partner,Сетевое оборудование,Коммутатор,1,8842.9,0.05,completed
ORD-100475,2026-05-30,Москва,retail,Периферия,Принтер,2,20995.1,0,cancelled
ORD-100476,2026-03-07,Казань,retail,Периферия,Сканер,3,16591.05,0,completed
ORD-100477,2026-01-14,Санкт-Петербург,online,Ноутбуки,Ноутбук Start 14,2,49417.53,0,completed
ORD-100478,2026-03-10,Москва,online,Смартфоны,Смартфон Lite,1,22884.9,0,completed
ORD-100479,2026-03-08,Краснодар,online,Аксессуары,Гарнитура,1,4985.87,0.15,completed
ORD-100480,2026-02-10,Санкт-Петербург,retail,Сетевое оборудование,Wi-Fi роутер,1,6210.8,0.1,completed
ORD-100481,2026-06-03,Санкт-Петербург,online,Ноутбуки,Ноутбук Pro 15,1,74696.66,0.1,completed
ORD-100482,2026-01-05,Санкт-Петербург,retail,Ноутбуки,Ноутбук Start 14,3,50712.63,0.15,returned
ORD-100483,2026-02-19,Екатеринбург,partner,Периферия,Сканер,2,15342.5,0,completed
ORD-100484,2026-05-28,Краснодар,retail,Хранение данных,Внешний диск 2 ТБ,1,10326.01,0.05,completed
ORD-100485,2026-04-27,Казань,retail,Мониторы,Монитор 27,2,24258.03,0.05,completed
ORD-100486,2026-01-05,Новосибирск,online,Хранение данных,SSD 1 ТБ,1,9352.9,0.1,completed
ORD-100487,2026-01-30,Казань,partner,Хранение данных,Внешний диск 2 ТБ,1,10178.4,0.1,completed
ORD-100488,2026-04-18,Москва,online,Смартфоны,Смартфон Lite,5,22077.18,0,completed
ORD-100489,2026-04-28,Санкт-Петербург,online,Периферия,Сканер,3,14534.85,0.1,completed
ORD-100490,2026-02-15,Екатеринбург,partner,Аксессуары,Гарнитура,5,4568.95,0.1,completed
ORD-100491,2026-03-23,Краснодар,online,Смартфоны,Смартфон Plus,2,38342.06,0.05,completed
ORD-100492,2026-01-31,Санкт-Петербург,retail,Аксессуары,Клавиатура,2,3401.66,0,completed
ORD-100493,2026-05-28,Краснодар,online,Хранение данных,SSD 1 ТБ,2,9792.36,0,completed
ORD-100494,2026-05-18,Санкт-Петербург,retail,Смартфоны,Смартфон Lite,1,22814.03,0.1,completed
ORD-100495,2026-06-29,Екатеринбург,retail,Аксессуары,Мышь беспроводная,3,1794.86,0.05,completed
ORD-100496,2026-03-20,Москва,retail,Смартфоны,Смартфон Plus,1,39996.17,0.05,completed
ORD-100497,2026-01-31,Казань,partner,Мониторы,Монитор 24,1,16201.92,0,completed
ORD-100498,2026-05-25,Москва,partner,Мониторы,Монитор 27,1,24573.78,0,returned
ORD-100499,2026-01-02,Екатеринбург,retail,Смартфоны,Смартфон Plus,2,41367.33,0,completed
ORD-100500,2026-06-06,Екатеринбург,online,Сетевое оборудование,Wi-Fi роутер,2,6105.92,0.1,completed
ORD-100501,2026-05-13,Санкт-Петербург,online,Аксессуары,Мышь беспроводная,3,1890.95,0.1,completed
ORD-100502,2026-01-12,Москва,partner,Ноутбуки,Ноутбук Pro 15,5,69380.65,0,cancelled
ORD-100503,2026-03-07,Краснодар,online,Сетевое оборудование,Коммутатор,5,8316.52,0,completed
ORD-100504,2026-04-23,Екатеринбург,online,Аксессуары,Гарнитура,5,4676.55,0,completed
ORD-100505,2026-05-15,Екатеринбург,online,Периферия,Принтер,1,19267.84,0.05,completed
ORD-100506,2026-04-26,Москва,retail,Смартфоны,Смартфон Lite,1,22864.52,0.2,cancelled
ORD-100507,2026-05-23,Новосибирск,retail,Хранение данных,Внешний диск 2 ТБ,2,10795.73,0.1,cancelled
ORD-100508,2026-03-11,Москва,online,Аксессуары,Клавиатура,1,3127.31,0.1,completed
ORD-100509,2026-02-07,Москва,partner,Сетевое оборудование,Wi-Fi роутер,3,5955.48,0.05,returned
ORD-100510,2026-01-03,Москва,retail,Аксессуары,Гарнитура,2,4883.0,0.15,completed
ORD-100511,2026-05-29,Москва,partner,Смартфоны,Смартфон Lite,3,21252.79,0,completed
ORD-100512,2026-06-03,,online,Смартфоны,Смартфон Lite,5,20745.6,0.1,completed
ORD-100513,2026-01-28,Екатеринбург,online,Сетевое оборудование,Коммутатор,3,8802.46,0,completed
ORD-100514,2026-05-15,Краснодар,online,Аксессуары,Мышь беспроводная,2,1773.78,0.15,completed
ORD-100515,2026-04-03,Москва,online,Сетевое оборудование,Wi-Fi роутер,1,5805.12,0,completed
ORD-100516,2026-03-26,Краснодар,partner,Периферия,Принтер,1,20629.74,0.05,returned
ORD-100517,2026-02-04,Москва,online,Периферия,Сканер,1,16235.24,0,completed
ORD-100518,2026-04-09,Новосибирск,retail,Ноутбуки,Ноутбук Pro 15,1,71982.85,0,completed
ORD-100519,2026-03-21,Санкт-Петербург,online,Ноутбуки,Ноутбук Pro 15,1,77858.31,0.05,completed
ORD-100520,2026-06-23,Краснодар,retail,Смартфоны,Смартфон Plus,1,39958.93,0,completed
ORD-100521,2026-05-19,Казань,online,Смартфоны,Смартфон Plus,1,41704.1,0,completed
ORD-100522,2026-03-29,Краснодар,retail,Хранение данных,SSD 1 ТБ,2,9857.82,0.15,completed
ORD-100523,2026-04-07,Санкт-Петербург,online,Смартфоны,Смартфон Lite,5,23205.49,0.05,completed
ORD-100524,2026-02-07,Санкт-Петербург,online,Сетевое оборудование,Wi-Fi роутер,2,6215.13,0.1,completed
ORD-100525,2026-01-17,Краснодар,retail,Сетевое оборудование,Коммутатор,1,8551.21,0,completed
ORD-100526,2026-03-30,Екатеринбург,online,Аксессуары,Мышь беспроводная,2,1962.45,0,completed
ORD-100527,2026-02-03,Новосибирск,retail,Смартфоны,Смартфон Plus,1,40425.15,0,completed
ORD-100528,2026-03-02,Казань,partner,Ноутбуки,Ноутбук Pro 15,2,71182.15,0.1,cancelled
ORD-100529,2026-04-15,Санкт-Петербург,online,Аксессуары,Гарнитура,4,4829.89,0,completed
ORD-100530,2026-06-05,Краснодар,online,Периферия,Сканер,2,15007.86,0,completed
ORD-100531,2026-02-05,Санкт-Петербург,retail,Хранение данных,Внешний диск 2 ТБ,1,10368.34,0.1,completed
ORD-100532,2026-05-13,Москва,retail,Мониторы,Монитор 24,3,15931.59,0,completed
ORD-100533,2026-03-16,Казань,online,Смартфоны,Смартфон Plus,1,38710.13,0.05,completed
ORD-100534,2026-05-31,Екатеринбург,retail,Мониторы,Монитор 27,1,24098.85,0.05,cancelled
ORD-100535,2026-02-04,Санкт-Петербург,retail,Аксессуары,Клавиатура,2,3216.92,0.15,cancelled
ORD-100536,2026-05-12,Новосибирск,retail,Ноутбуки,Ноутбук Pro 15,3,72176.8,0.05,returned
ORD-100537,2026-04-18,Казань,online,Ноутбуки,Ноутбук Pro 15,1,77355.71,0,completed
ORD-100538,2026-02-18,Екатеринбург,online,Мониторы,Монитор 27,2,24488.5,0,completed
ORD-100539,2026-06-11,Екатеринбург,online,Сетевое оборудование,Wi-Fi роутер,1,6532.1,0,completed
ORD-100540,2026-01-22,Екатеринбург,retail,Смартфоны,Смартфон Lite,2,21879.26,0.05,completed
ORD-100541,2026-06-06,Краснодар,online,Аксессуары,Мышь беспроводная,4,1951.98,0.05,completed
ORD-100542,2026-02-03,Казань,online,Аксессуары,Клавиатура,2,3387.58,0,completed
ORD-100543,2026-05-06,Новосибирск,retail,Хранение данных,SSD 1 ТБ,3,9541.78,0,completed
ORD-100544,2026-05-13,Екатеринбург,retail,Мониторы,Монитор 27,3,24313.67,0,completed
ORD-100545,2026-03-07,Казань,retail,Аксессуары,Гарнитура,2,4857.28,0,completed
ORD-100546,2026-01-06,Новосибирск,retail,Хранение данных,SSD 1 ТБ,1,0,0.2,completed
ORD-100547,2026-03-07,Краснодар,online,Смартфоны,Смартфон Plus,3,36823.7,0,completed
ORD-100548,2026-05-13,Москва,online,Мониторы,Монитор 24,1,16636.25,0.05,completed
ORD-100549,2026-06-13,Санкт-Петербург,retail,Смартфоны,Смартфон Plus,1,39230.7,0,completed
ORD-100550,2026-04-21,Санкт-Петербург,online,Смартфоны,Смартфон Plus,2,41182.71,0,completed
ORD-100551,2026-04-23,Москва,retail,Сетевое оборудование,Wi-Fi роутер,1,5774.68,0,completed
ORD-100552,2026-04-02,Санкт-Петербург,online,Периферия,Принтер,2,21222.48,0,completed
ORD-100553,2026-04-29,Казань,retail,Периферия,Принтер,1,19720.66,0.1,completed
ORD-100554,2026-06-20,Казань,online,Хранение данных,SSD 1 ТБ,1,8828.13,0,completed
ORD-100555,2026-04-26,Новосибирск,retail,Хранение данных,Внешний диск 2 ТБ,1,11029.87,0.1,completed
ORD-100556,2026-01-29,Новосибирск,retail,Аксессуары,Мышь беспроводная,1,1803.22,0.1,completed
ORD-100557,2026-04-13,Санкт-Петербург,online,Периферия,Принтер,1,20164.81,0,completed
ORD-100558,2026-04-26,Новосибирск,partner,Сетевое оборудование,Wi-Fi роутер,1,6436.38,0.1,completed
ORD-100559,2026-01-31,Казань,retail,Ноутбуки,Ноутбук Pro 15,1,76659.9,0,completed
ORD-100560,2026-01-27,Краснодар,online,Смартфоны,Смартфон Lite,1,22187.52,0.1,completed
ORD-100561,2026-04-06,Москва,online,Ноутбуки,Ноутбук Pro 15,2,75705.15,0,completed
ORD-100562,2026-04-25,Москва,online,Ноутбуки,Ноутбук Pro 15,2,74531.91,0,completed
ORD-100563,2026-01-11,Санкт-Петербург,retail,Ноутбуки,Ноутбук Start 14,1,49803.76,0,completed
ORD-100564,2026-05-05,Санкт-Петербург,online,Мониторы,Монитор 24,1,16283.59,0.05,cancelled
ORD-100565,2026-04-02,Новосибирск,online,Сетевое оборудование,Wi-Fi роутер,4,6300.36,0,completed
ORD-100566,2026-01-24,Екатеринбург,online,Ноутбуки,Ноутбук Pro 15,1,77745.64,0.05,completed
ORD-100567,2026-04-20,Екатеринбург,online,Аксессуары,Мышь беспроводная,1,1996.15,0,completed
ORD-100568,2026-03-11,Москва,online,Хранение данных,SSD 1 ТБ,2,8892.96,0,completed
ORD-100569,2026-05-20,Екатеринбург,online,Мониторы,Монитор 24,2,17374.78,0.2,completed
ORD-100570,2026-01-31,Санкт-Петербург,partner,Сетевое оборудование,Wi-Fi роутер,1,5977.84,0,completed
ORD-100571,2026-02-19,Екатеринбург,online,Хранение данных,SSD 1 ТБ,2,9787.63,0,completed
ORD-100572,2026-03-12,Краснодар,retail,Смартфоны,Смартфон Plus,2,40697.24,0,completed
ORD-100573,2026-05-03,Санкт-Петербург,partner,Сетевое оборудование,Wi-Fi роутер,1,6396.14,0.05,completed
ORD-100574,2026-04-11,Екатеринбург,retail,Аксессуары,Клавиатура,1,3241.49,0,completed
ORD-100575,2026-03-17,Москва,online,Периферия,Сканер,1,16512.31,0,completed
ORD-100576,2026-01-27,Санкт-Петербург,online,Смартфоны,Смартфон Plus,1,39718.85,0,completed
ORD-100577,2026-03-07,Казань,online,Хранение данных,SSD 1 ТБ,2,9816.31,0,completed
ORD-100578,2026-02-19,Москва  ,partner,Хранение данных,SSD 1 ТБ,1,9738.93,0,completed
ORD-100579,2026-05-03,Екатеринбург,retail,Периферия,Сканер,1,15800.96,0.05,cancelled
ORD-100580,2026-04-04,Казань,online,Ноутбуки,Ноутбук Start 14,1,49225.79,0.05,completed
ORD-100581,2026-03-06,Екатеринбург,retail,Смартфоны,Смартфон Lite,4,21510.58,0,completed
ORD-100582,2026-03-20,Екатеринбург,online,Периферия,Принтер,1,20119.61,0,completed
ORD-100583,2026-03-02,Москва,online,Хранение данных,Внешний диск 2 ТБ,1,10268.08,0,cancelled
ORD-100584,2026-02-10,Москва,online,Аксессуары,Клавиатура,1,3183.58,0,completed
ORD-100585,2026-06-13,Москва,retail,Аксессуары,Клавиатура,1,3303.67,0,completed
ORD-100586,2026-03-25,Екатеринбург,online,Мониторы,Монитор 24,2,15914.55,0.1,returned
ORD-100587,2026-01-25,Санкт-Петербург,retail,Хранение данных,SSD 1 ТБ,2,9461.82,0.05,completed
ORD-100588,2026-01-21,Санкт-Петербург,retail,Ноутбуки,Ноутбук Pro 15,2,77712.42,0.05,completed
ORD-100589,2026-04-29,Екатеринбург,online,Мониторы,Монитор 24,2,16136.35,0,completed
ORD-100590,2026-03-06,Краснодар,retail,Сетевое оборудование,Wi-Fi роутер,1,6029.65,0,completed
ORD-100591,2026-02-27,Казань,online,Периферия,Сканер,2,14545.29,0,completed
ORD-100592,2026-01-10,Краснодар,partner,Аксессуары,Клавиатура,1,3312.12,0,cancelled
ORD-100593,2026-06-02,Москва,retail,Ноутбуки,Ноутбук Pro 15,2,77230.57,0,completed
ORD-100594,2026-04-29,Москва,online,Смартфоны,Смартфон Lite,2,20473.32,0.1,completed
ORD-100595,2026-01-14,Санкт-Петербург,online,Сетевое оборудование,Коммутатор,1,8940.12,0.15,cancelled
ORD-100596,2026-05-24,Екатеринбург,online,Периферия,Сканер,4,14801.79,0,completed
ORD-100597,2026-04-07,Санкт-Петербург,partner,Хранение данных,Внешний диск 2 ТБ,1,10689.16,0.1,completed
ORD-100598,2026-06-09,Казань,online,Сетевое оборудование,Коммутатор,3,9282.9,0.15,returned
ORD-100599,2026-02-19,Москва,online,Смартфоны,Смартфон Plus,1,41846.6,0,completed
ORD-100600,2026-06-01,Казань,partner,Периферия,Сканер,2,16061.15,0,completed
ORD-100601,2026-05-05,Москва,online,Периферия,Принтер,1,18710.04,0.05,returned
ORD-100602,2026-04-14,Казань,retail,Аксессуары,Гарнитура,1,4467.51,0.15,completed
ORD-100603,2026-03-14,Екатеринбург,online,Сетевое оборудование,Wi-Fi роутер,2,6070.68,0,returned
ORD-100604,2026-05-10,Казань,partner,  Мониторы ,Монитор 27,1,26056.54,0,completed
ORD-100605,2026-04-28,Краснодар,online,Смартфоны,Смартфон Plus,3,37827.26,0,completed
ORD-100606,2026-05-16,Екатеринбург,retail,Хранение данных,Внешний диск 2 ТБ,1,10190.36,0.05,completed
ORD-100607,2026-04-28,Москва,online,Мониторы,Монитор 27,1,23778.32,0.1,completed
ORD-100608,2026-05-17,Екатеринбург,online,Аксессуары,Клавиатура,1,3325.86,0.1,completed
ORD-100609,2026-04-21,Новосибирск,retail,Периферия,Принтер,1,19680.72,0.15,cancelled
ORD-100610,2026-03-17,Санкт-Петербург,retail,Периферия,Принтер,2,21044.78,0.15,completed
ORD-100611,2026-02-19,Москва,online,Ноутбуки,Ноутбук Start 14,1,50180.86,0,Completed 
ORD-100612,2026-04-18,Москва,online,Аксессуары,Гарнитура,2,4649.16,0,completed
ORD-100613,2026-03-11,Санкт-Петербург,partner,Мониторы,Монитор 27,3,25764.31,0.15,completed
ORD-100614,2026-01-27,Санкт-Петербург,retail,Смартфоны,Смартфон Plus,2,37872.98,0,completed
ORD-100615,2026-05-10,Санкт-Петербург,partner,Мониторы,Монитор 27,2,25564.76,0,completed
ORD-100616,2026-04-05,Казань,partner,Ноутбуки,Ноутбук Start 14,5,48098.86,0.05,returned
ORD-100617,2026-04-04,Санкт-Петербург,partner,Аксессуары,Гарнитура,1,4538.66,0,completed
ORD-100618,2026-01-07,Екатеринбург,online,Аксессуары,Клавиатура,3,3173.42,0,completed
ORD-100619,2026-02-04,Краснодар,retail,Мониторы,Монитор 27,1,25374.28,0,returned
ORD-100620,2026-02-03,Санкт-Петербург,retail,Смартфоны,Смартфон Plus,-2,36997.13,0.05,completed
ORD-100621,2026-04-17,Новосибирск,retail,Периферия,Принтер,2,19853.91,0.1,returned
ORD-100622,2026-01-14,Казань,partner,Сетевое оборудование,Коммутатор,3,8767.25,0.1,completed
ORD-100623,2026-05-11,Новосибирск,online,Ноутбуки,Ноутбук Start 14,1,47219.02,0,completed
ORD-100624,2026-01-28,Краснодар,retail,Ноутбуки,Ноутбук Start 14,3,50372.52,0.1,completed
ORD-100625,2026-02-27,Санкт-Петербург,online,Ноутбуки,Ноутбук Pro 15,4,71752.2,0.1,completed
ORD-100626,2026-04-02,Казань,online,Аксессуары,Гарнитура,1,4888.53,0.05,completed
ORD-100627,2026-05-02,Санкт-Петербург,retail,Аксессуары,Гарнитура,2,4530.89,0.05,completed
ORD-100628,2026-05-03,Екатеринбург,online,Смартфоны,Смартфон Lite,1,20638.63,0.1,completed
ORD-100629,2026-04-12,Казань,online,Мониторы,Монитор 24,2,15620.32,0,completed
ORD-100630,2026-01-04,Казань,online,Смартфоны,Смартфон Plus,1,37697.11,0.1,completed
ORD-100631,2026-02-24,Санкт-Петербург,online,Смартфоны,Смартфон Plus,1,37235.58,0.1,cancelled
ORD-100632,2026-01-05,Екатеринбург,partner,Аксессуары,Гарнитура,3,4983.34,0.05,completed
ORD-100633,2026-03-10,Казань,retail,Смартфоны,Смартфон Plus,1,41340.29,0,completed
ORD-100634,2026-04-14,Екатеринбург,retail,Аксессуары,Гарнитура,2,4765.36,0,completed
ORD-100635,2026-02-02,Москва,retail,Мониторы,Монитор 27,1,24523.03,0.1,completed
ORD-100636,2026-03-24,Краснодар,retail,Сетевое оборудование,Коммутатор,1,8185.0,0.2,completed
ORD-100637,2026-03-25,Москва,retail,Аксессуары,Гарнитура,5,5033.13,0,completed
ORD-100638,2026-05-22,Москва,retail,Хранение данных,SSD 1 ТБ,2,9009.74,0.1,completed
ORD-100639,2026-05-16,Краснодар,retail,Ноутбуки,Ноутбук Pro 15,2,74634.24,0.05,completed
ORD-100640,2026-06-16,Краснодар,online,Аксессуары,Клавиатура,1,3216.69,0,completed
ORD-100641,2026-03-14,Екатеринбург,partner,Мониторы,Монитор 24,5,15896.81,0,completed
ORD-100642,2026-05-25,Казань,online,Аксессуары,Гарнитура,2,5021.0,0.1,completed
ORD-100643,2026-04-11,Краснодар,online,Хранение данных,Внешний диск 2 ТБ,1,10556.11,0,returned
ORD-100644,2026-03-10,Краснодар,partner,Мониторы,Монитор 27,1,24624.69,0,completed
ORD-100645,2026-05-27,Новосибирск,partner,Мониторы,Монитор 24,3,17028.99,0,completed
ORD-100646,2026-02-26,Новосибирск,retail,Ноутбуки,Ноутбук Start 14,2,50507.33,0.05,completed
ORD-100647,2026-06-21,Москва,retail,Сетевое оборудование,Wi-Fi роутер,2,6474.29,0,completed
ORD-100648,2026-03-04,Казань,retail,Мониторы,Монитор 24,2,16978.95,0,returned
ORD-100649,2026-01-22,Екатеринбург,online,Хранение данных,SSD 1 ТБ,1,8691.14,0.2,completed
ORD-100650,2026-06-30,Екатеринбург,online,Хранение данных,SSD 1 ТБ,3,9627.6,0,completed
ORD-100651,2026-05-31,Москва,online,Хранение данных,SSD 1 ТБ,1,9240.23,0,completed
ORD-100652,2026-01-16,Новосибирск,retail,Мониторы,Монитор 24,2,15551.38,0,completed
ORD-100653,2026-06-10,Москва,online,Аксессуары,Клавиатура,1,3396.93,0,completed
ORD-100654,2026-03-29,Новосибирск,partner,Аксессуары,Мышь беспроводная,1,1771.8,0.1,completed
ORD-100655,2026-06-28,Москва,retail,Хранение данных,Внешний диск 2 ТБ,1,10077.59,0.15,completed
ORD-100656,2026-03-29,Санкт-Петербург,retail,Хранение данных,SSD 1 ТБ,1,8905.6,0.05,completed
ORD-100657,2026-01-31,Москва,partner,Сетевое оборудование,Wi-Fi роутер,2,6216.71,0.05,completed
ORD-100658,2026-01-13,Новосибирск,online,Хранение данных,SSD 1 ТБ,1,9592.13,0,completed
ORD-100659,2026-03-25,Казань,online,Сетевое оборудование,Wi-Fi роутер,2,6444.57,0.15,completed
ORD-100660,2026-05-28,Краснодар,online,Периферия,Принтер,3,21339.41,0.1,completed
ORD-100661,2026-06-30,Казань,retail,Смартфоны,Смартфон Lite,1,21838.38,0,completed
ORD-100662,2026-04-06,Казань,online,Смартфоны,Смартфон Lite,2,22836.88,0,completed
ORD-100663,2026-06-20,Казань,retail,Мониторы,Монитор 27,3,24177.27,0.05,completed
ORD-100664,2026-02-25,Москва,retail,Сетевое оборудование,Коммутатор,2,8956.76,0,completed
ORD-100665,2026-02-01,Санкт-Петербург,online,Сетевое оборудование,Коммутатор,1,8865.77,0,completed
ORD-100666,2026-05-17,Казань,online,Смартфоны,Смартфон Plus,2,41522.31,0.05,completed
ORD-100667,2026-04-05,Санкт-Петербург,retail,Периферия,Сканер,1,16114.91,0.15,completed
ORD-100668,2026-03-28,Москва,partner,Ноутбуки,Ноутбук Start 14,2,50762.07,0,completed
ORD-100669,2026-01-16,Казань,partner,Мониторы,Монитор 24,1,16946.88,0,completed
ORD-100670,2026-03-29,Казань,online,Аксессуары,Мышь беспроводная,1,1986.91,0.1,completed
ORD-100671,2026-02-04,Краснодар,retail,Мониторы,Монитор 24,1,16000.16,0,completed
ORD-100672,2026-03-02,Казань,retail,Мониторы,Монитор 24,4,17106.36,0.1,completed
ORD-100673,2026-06-09,Москва,partner,Сетевое оборудование,Wi-Fi роутер,1,6326.59,0,returned
ORD-100674,2026-01-18,Екатеринбург,online,Мониторы,Монитор 27,1,26329.63,0.1,completed
ORD-100675,2026-03-10,Краснодар,retail,Ноутбуки,Ноутбук Pro 15,2,72563.47,0.05,completed
ORD-100676,2026-05-14,Екатеринбург,online,Ноутбуки,Ноутбук Pro 15,1,78961.98,0,completed
ORD-100677,2026-05-02,Новосибирск,retail,Хранение данных,SSD 1 ТБ,1,9737.14,0.1,completed
ORD-100678,2026-02-27,Москва,partner,Мониторы,Монитор 24,1,17117.96,0.1,completed
ORD-100679,2026-04-03,Новосибирск,retail,Периферия,Принтер,4,20506.86,0,completed
ORD-100680,2026-06-12,Санкт-Петербург,partner,Периферия,Принтер,3,21022.02,0,completed
ORD-100681,2026-01-27,Краснодар,online,Мониторы,Монитор 24,2,17369.44,0.05,completed
ORD-100682,2026-01-20,Краснодар,online,Мониторы,Монитор 27,1,24123.11,0.2,completed
ORD-100683,2026-04-03,Санкт-Петербург,online,Сетевое оборудование,Wi-Fi роутер,4,6499.35,0.15,completed
ORD-100684,2026-01-11,Екатеринбург,online,Хранение данных,SSD 1 ТБ,2,9307.5,0,completed
ORD-100685,2026-06-07,Екатеринбург,online,Смартфоны,Смартфон Lite,1,20304.9,0.05,completed
ORD-100686,2026-02-12,Санкт-Петербург,online,Смартфоны,Смартфон Plus,1,38451.75,0.2,cancelled
ORD-100687,2026-01-27,Екатеринбург,partner,Смартфоны,Смартфон Plus,2,41245.72,0,completed
ORD-100688,2026-05-05,Москва,partner,Смартфоны,Смартфон Lite,4,20503.9,0,completed
ORD-100689,2026-01-24,,retail,Периферия,Принтер,2,19684.58,0.15,completed
ORD-100690,2026-05-18,Казань,online,Хранение данных,Внешний диск 2 ТБ,1,10958.19,0.1,returned
ORD-100691,2026-05-10,Новосибирск,online,Аксессуары,Клавиатура,1,3303.94,0.1,completed
ORD-100692,2026-06-07,Москва,online,Периферия,Принтер,2,21085.35,0,returned
ORD-100693,2026-02-19,Санкт-Петербург,retail,Ноутбуки,Ноутбук Start 14,3,49607.6,0,completed
ORD-100694,2026-05-18,Екатеринбург,online,Аксессуары,Мышь беспроводная,2,1799.04,0.05,completed
ORD-100695,2026-01-23,Санкт-Петербург,partner,Мониторы,Монитор 27,3,23412.05,0,completed
ORD-100696,2026-03-04,Краснодар,retail,Хранение данных,SSD 1 ТБ,2,9189.65,0,completed
ORD-100697,2026-06-05,Казань,partner,Хранение данных,Внешний диск 2 ТБ,4,10309.87,0.05,completed
ORD-100698,2026-06-21,Новосибирск,online,Периферия,Принтер,1,20023.83,0.15,completed
ORD-100699,2026-03-15,Казань,retail,Смартфоны,Смартфон Lite,1,23201.08,0,completed
ORD-100700,2026-05-09,Новосибирск,online,Сетевое оборудование,Wi-Fi роутер,1,6190.96,0,completed
ORD-100701,2026-05-26,Екатеринбург,online,Смартфоны,Смартфон Plus,2,37572.75,0.15,completed
ORD-100702,2026-06-28,Екатеринбург,online,Смартфоны,Смартфон Plus,2,37140.53,0.05,completed
ORD-100703,2026-02-13,Казань,online,Хранение данных,SSD 1 ТБ,2,9442.63,0,completed
ORD-100704,2026-03-11,Краснодар,online,Смартфоны,Смартфон Plus,2,39630.86,0.1,completed
ORD-100705,2026-06-02,Казань,retail,Мониторы,Монитор 27,1,26814.4,0,returned
ORD-100706,2026-04-08,Екатеринбург,partner,Периферия,Сканер,3,15461.9,0.15,completed
ORD-100707,2026-01-12,Краснодар,online,Аксессуары,Клавиатура,1,3335.04,0,completed
ORD-100708,2026-01-02,Новосибирск,partner,Хранение данных,SSD 1 ТБ,2,8890.91,0,completed
ORD-100709,2026-02-04,Москва,online,Хранение данных,Внешний диск 2 ТБ,1,9986.86,0,completed
ORD-100710,2026-06-27,Краснодар,partner,Периферия,Сканер,2,15730.31,0,completed
ORD-100711,2026-01-06,Москва,online,Аксессуары,Гарнитура,1,4927.58,0,completed
ORD-100712,2026-03-03,Казань,online,  Периферия ,Принтер,1,20485.46,0.1,completed
ORD-100713,2026-03-14,Москва,retail,Периферия,Принтер,4,19016.64,0.05,completed
ORD-100714,2026-06-10,Новосибирск,retail,Смартфоны,Смартфон Lite,1,22918.93,0,completed
ORD-100715,2026-01-03,Москва,retail,Мониторы,Монитор 27,3,25889.42,0.2,completed
ORD-100716,2026-03-19,Казань,retail,Смартфоны,Смартфон Lite,1,22392.26,0.05,completed
ORD-100717,2026-01-08,Москва,retail,Ноутбуки,Ноутбук Pro 15,1,74306.38,0.05,cancelled
ORD-100718,2026-05-28,Санкт-Петербург,online,Аксессуары,Клавиатура,3,3303.96,0,completed
ORD-100719,2026-04-09,Казань,retail,Мониторы,Монитор 24,2,17011.96,0.1,completed
ORD-100720,2026-01-16,Краснодар,partner,Сетевое оборудование,Wi-Fi роутер,2,5783.63,0.05,completed
ORD-100034,2026-03-04,Краснодар,retail,Ноутбуки,Ноутбук Start 14,4,47897.04,0,completed
ORD-100142,2026-01-15,Москва,partner,Сетевое оборудование,Коммутатор,2,8869.87,0,completed
ORD-100299,2026-02-04,Москва,partner,Периферия,Принтер,2,19214.5,0,completed
ORD-100456,2026-01-04,Казань,partner,Смартфоны,Смартфон Lite,2,21511.21,0.1,completed
ORD-100623,2026-05-11,Новосибирск,online,Ноутбуки,Ноутбук Start 14,1,47219.02,0,completed
ORD-100702,2026-06-28,Екатеринбург,online,Смартфоны,Смартфон Plus,2,37140.53,0.05,completed
