order_id,order_date,region,sales_channel,product_category,customer_segment,quantity,unit_price,discount_rate,revenue,cost,return_flag
ORD-100001,2026-01-01,Ekaterinburg,online,Electronics,B2C,1,15788.09,0.02,15474.5,10735.9,0
ORD-100002,2026-01-01,Moscow,online,Electronics,B2B,2,15051.33,0.009,29824.88,20469.81,0
ORD-100003,2026-01-01,Moscow,marketplace,Office,SMB,1,8280.1,0.106,7403.67,4719.66,0
ORD-100004,2026-01-01,Saint Petersburg,online,Electronics,B2C,1,19076.08,0.082,17512.56,12971.73,0
ORD-100005,2026-01-01,Moscow,online,Software,B2B,4,11089.07,0.09,40365.55,16855.39,0
ORD-100006,2026-01-01,Novosibirsk,partner,Accessories,SMB,4,2139.17,0.1,7700.4,3850.51,0
ORD-100007,2026-01-01,Saint Petersburg,marketplace,Electronics,SMB,2,19684.16,0.131,34197.75,26770.46,0
ORD-100008,2026-01-01,Moscow,partner,Office,B2B,1,8184.1,0.131,7111.24,4664.94,0
ORD-100009,2026-01-02,Saint Petersburg,online,Accessories,Enterprise,2,2437.7,0.043,4666.24,2193.93,0
ORD-100010,2026-01-02,Ekaterinburg,online,Software,B2C,3,8525.66,0.054,24197.86,9719.25,0
ORD-100011,2026-01-02,Saint Petersburg,partner,Accessories,B2C,2,2532.48,0,5064.96,2279.23,0
ORD-100012,2026-01-03,Saint Petersburg,online,Accessories,B2C,5,1322.08,0.051,6275.72,2974.68,0
ORD-100013,2026-01-03,Ekaterinburg,marketplace,Electronics,B2B,1,15113.66,0.087,13803.71,10277.29,0
ORD-100014,2026-01-03,Novosibirsk,online,Software,B2B,1,15725.73,0.028,15288.62,5975.78,0
ORD-100015,2026-01-03,Kazan,online,Accessories,SMB,2,2598.98,0.022,5085.6,2339.08,1
ORD-100016,2026-01-04,Moscow,online,Office,Enterprise,3,9584.07,0.1,25887.6,16388.76,0
ORD-100017,2026-01-04,Ekaterinburg,marketplace,Electronics,Enterprise,2,18975.99,0.169,31535.34,25807.35,0
ORD-100018,2026-01-04,,partner,Office,Enterprise,3,8503.35,0.011,25222.81,14540.73,0
ORD-100019,2026-01-04,Saint Petersburg,marketplace,Accessories,B2C,1,2585.38,0.111,2298.6,1163.42,0
ORD-100020,2026-01-04,Ekaterinburg,online,Electronics,B2C,1,14324.74,0.112,12719.58,9740.82,0
ORD-100021,2026-01-05,Moscow,partner,Electronics,B2B,2,17128.26,0,34256.52,23294.43,0
ORD-100022,2026-01-05,Saint Petersburg,offline,Electronics,B2C,3,12159.45,0,36478.35,24805.28,0
ORD-100023,2026-01-05,Saint Petersburg,marketplace,Office,B2C,1,7802.34,0.107,6965.82,4447.33,0
ORD-100024,2026-01-05,Saint Petersburg,marketplace,Software,B2B,1,16107.43,0.128,14043.96,6120.82,0
ORD-100025,2026-01-05,Moscow,offline,Software,B2C,1,13966.89,0.084,12792.82,5307.42,0
ORD-100026,2026-01-05,Novosibirsk,offline,Home,B2C,5,8604.45,0.069,40073.73,26673.79,0
ORD-100027,2026-01-06,Moscow,online,Electronics,SMB,1,15640.57,0.082,14360.87,10635.59,0
ORD-100028,2026-01-06,Kazan,online,Software,B2B,3,12736.44,0.076,35295.35,14519.54,0
ORD-100029,2026-01-06,Rostov-on-Don,offline,Office,B2B,1,11678.04,0.099,10523.76,6656.48,0
ORD-100030,2026-01-06,Moscow,marketplace,Home,B2C,1,8234.87,0.145,7040.22,5105.62,0
ORD-100031,2026-01-07,Kazan,offline,Electronics,B2C,2,14465.77,0.069,26929.14,19673.45,0
ORD-100032,2026-01-07,Moscow,online,Electronics,B2C,2,13319.32,0.179,21878.14,18114.28,0
ORD-100033,2026-01-07,Ekaterinburg,offline,Office,Enterprise,1,10466.15,0.048,9960.94,5965.71,0
ORD-100034,2026-01-08,Moscow,offline,Office,SMB,1,8609.81,0.047,8208.53,4907.59,0
ORD-100035,2026-01-08,Novosibirsk,online,Software,B2C,1,15708.44,0.072,14584.81,5969.21,0
ORD-100036,2026-01-08,Ekaterinburg,offline,Home,B2C,1,9324.3,0.108,8319.71,5781.07,0
ORD-100037,2026-01-08,Novosibirsk,offline,Office,B2C,1,8189.44,0.15,6961.23,4667.98,0
ORD-100038,2026-01-08,Rostov-on-Don,online,Software,B2C,1,12843.55,0,12843.55,4880.55,0
ORD-100038,2026-01-08,Rostov-on-Don,online,Software,B2C,1,12843.55,0,12971.99,4880.55,0
ORD-100039,2026-01-08,Moscow,partner,Accessories,SMB,5,2846.27,0,14231.35,6404.11,1
ORD-100040,2026-01-08,Saint Petersburg,partner,Accessories,SMB,4,2632.06,0.041,10099.17,4737.71,0
ORD-100041,2026-01-08,Novosibirsk,marketplace,Electronics,B2C,3,13618.35,0.128,35617.71,27781.43,0
ORD-100042,2026-01-09,Saint Petersburg,online,Accessories,B2C,3,2181.21,0.108,5834.19,2944.63,0
ORD-100043,2026-01-09,Saint Petersburg,online,Software,SMB,1,6585.94,0.014,6491.12,2502.66,0
ORD-100044,2026-01-09,Saint Petersburg,marketplace,Accessories,B2C,5,3221.0,0.146,13746.11,7247.25,1
ORD-100045,2026-01-10,Rostov-on-Don,offline,Electronics,SMB,3,14689.0,0.037,42455.59,29965.56,0
ORD-100046,2026-01-10,Saint Petersburg,online,Accessories,SMB,3,2379.63,0.103,6405.69,3212.5,0
ORD-100047,2026-01-10,Moscow,online,Office,B2C,4,7871.86,0,31487.44,17947.84,0
ORD-100048,2026-01-10,Kazan,online,Home,B2C,1,5389.71,0.042,5163.87,3341.62,0
ORD-100049,2026-01-10,Moscow,offline,Office,Enterprise,3,9848.02,0.085,27040.49,16840.11,0
ORD-100050,2026-01-10,Saint Petersburg,marketplace,Accessories,SMB,2,2547.58,0.108,4547.22,2292.82,0
ORD-100051,2026-01-11,Ekaterinburg,offline,Accessories,SMB,2,2412.48,0.031,4673.45,2171.23,0
ORD-100052,2026-01-11,Ekaterinburg,marketplace,Electronics,SMB,4,16359.53,0.093,59382.49,44497.92,0
ORD-100053,2026-01-11,Kazan,partner,Office,B2C,1,7447.05,0.081,6844.98,4244.82,0
ORD-100054,2026-01-11,Ekaterinburg,offline,Home,SMB,4,4540.44,0.109,16187.31,11260.29,0
ORD-100055,2026-01-11,Novosibirsk,offline, electronics ,SMB,3,15147.16,0.138,39154.8,30900.21,0
ORD-100056,2026-01-11,Saint Petersburg,marketplace,Home,B2C,1,7404.14,0.077,6831.56,4590.57,0
ORD-100057,2026-01-12,Moscow,offline,Accessories,B2B,1,2625.86,0.11,2336.4,1181.64,0
ORD-100058,2026-01-12,Ekaterinburg,marketplace,Accessories,SMB,1,2918.72,0.119,2571.24,1313.42,0
ORD-100059,2026-01-12,Saint Petersburg,marketplace,Software,B2B,2,12279.83,0.129,21380.02,9332.67,1
ORD-100060,2026-01-12,Ekaterinburg,offline,Home,B2C,2,8222.52,0.11,14634.22,10195.92,1
ORD-100061,2026-01-13,Ekaterinburg,online,Accessories,B2C,4,2645.3,0.098,9541.72,4761.54,0
ORD-100062,2026-01-13,Saint Petersburg,marketplace,Office,B2C,5,6640.59,0.139,28573.3,18925.68,0
ORD-100063,2026-01-13,Rostov-on-Don,online,Electronics,B2C,5,16700.11,0.073,77445.64,56780.37,0
ORD-100064,2026-01-13,Kazan,online,Software,B2C,1,14287.02,0.056,13493.01,5429.07,0
ORD-100065,2026-01-13,Kazan,partner,Home,SMB,3,7560.9,0.1,20423.89,14063.27,0
ORD-100066,2026-01-13,Kazan,partner,Software,B2C,4,12922.71,0.121,45448.15,19642.52,0
ORD-100067,2026-01-14,Novosibirsk,marketplace,Electronics,B2B,1,21005.75,0.09,19109.38,14283.91,0
ORD-100068,2026-01-14,Kazan,online,Home,SMB,3,9527.22,0.133,24789.78,17720.63,0
ORD-100069,2026-01-14,Ekaterinburg,offline,Accessories,SMB,5,2397.08,0.142,10282.1,5393.43,0
ORD-100070,2026-01-14,Saint Petersburg,marketplace,Office,B2C,3,9853.7,0.109,26333.19,16849.83,0
ORD-100071,2026-01-15,Ekaterinburg,online,Office,B2C,1,7904.0,0.073,7327.59,4505.28,0
ORD-100072,2026-01-15,Kazan,marketplace,Home,B2B,2,7338.97,0.128,12798.63,9100.32,0
ORD-100073,2026-01-15,Saint Petersburg,marketplace,Home,B2C,1,6648.06,0.131,5775.01,4121.8,0
ORD-100074,2026-01-15,Kazan,online,Home,Enterprise,2,6172.85,0.105,11045.81,7654.33,0
ORD-100075,2026-01-15,Ekaterinburg,online,Home,SMB,5,6698.31,0.046,31959.73,20764.76,0
ORD-100076,2026-01-15,Kazan,marketplace,Home,B2B,5,7524.04,0.069,35026.95,23324.52,0
ORD-100077,2026-01-16,Moscow,partner,Office,B2B,2,11915.79,0.127,20794.83,13584.0,0
ORD-100078,2026-01-16,Kazan,offline,Software,B2C,1,16874.49,0.1,15183.74,6412.31,0
ORD-100079,2026-01-16,Saint Petersburg,online,Accessories,B2B,1,2842.62,0.111,2525.73,1279.18,0
ORD-100080,2026-01-16,Moscow,marketplace,Software,B2B,3,12399.68,0.151,31596.87,14135.64,0
ORD-100081,2026-01-16,Rostov-on-Don,online,Software,B2B,2,11673.57,0,23347.14,8871.91,0
ORD-100082,2026-01-16,Ekaterinburg,online,Electronics,B2C,1,19151.16,0.071,17796.49,13022.79,0
ORD-100083,2026-01-16,Moscow,marketplace,Home,SMB,2,5903.67,0.049,11224.16,7320.55,0
ORD-100084,2026-01-16,Rostov-on-Don,offline,Accessories,B2B,2,3206.75,0.029,6225.93,2886.08,0
ORD-100085,2026-01-17,Kazan,marketplace,Accessories,Enterprise,2,2124.21,0.107,3794.77,1911.79,0
ORD-100086,2026-01-17,Saint Petersburg,offline,Office,SMB,3,9188.74,0.064,25789.69,15712.75,0
ORD-100087,2026-01-17,Novosibirsk,offline,Accessories,B2C,3,2755.83,0.023,8079.22,3720.37,0
ORD-100088,2026-01-17,Kazan,offline,Electronics,B2C,5,11138.67,0.099,50192.34,37871.48,0
ORD-100089,2026-01-18,Saint Petersburg,marketplace,Home,SMB,1,6639.92,0.096,6000.36,4116.75,0
ORD-100090,2026-01-18,Saint Petersburg,online,Office,B2C,5,7805.58,0.097,35232.92,22245.9,0
ORD-100091,2026-01-18,Kazan,offline,Accessories,B2C,1,2525.52,0.014,2490.19,1136.48,0
ORD-100092,2026-01-18,Kazan,partner,,B2C,2,21599.19,0.144,36962.69,29374.9,0
ORD-100093,2026-01-18,Moscow,offline,Home,B2B,1,9780.73,0.066,9138.12,6064.05,0
ORD-100094,2026-01-18,Novosibirsk,offline,Electronics,SMB,2,15198.6,0.145,25987.27,20670.1,0
ORD-100095,2026-01-19,Moscow,online,Office,B2B,3,9925.57,0.082,27349.62,16972.72,0
ORD-100096,2026-01-19,Saint Petersburg,marketplace,Software,B2C,1,11382.74,0.039,10938.86,4325.44,0
ORD-100097,2026-01-19,Saint Petersburg,offline,Software,B2C,3,8401.24,0.135,21805.8,9577.41,0
ORD-100098,2026-01-19,Moscow,online,Software,SMB,1,10984.5,0.111,9763.22,4174.11,0
ORD-100099,2026-01-20,Ekaterinburg,marketplace,Home,Enterprise,2,8448.36,0.12,14862.34,10475.97,0
ORD-100100,2026-01-20,Saint Petersburg,offline,Software,B2C,3,9340.33,0.101,25183.41,10647.98,0
ORD-100101,2026-01-20,Rostov-on-Don,online,Office,B2B,2,11495.83,0.007,22825.7,13105.25,0
ORD-100102,2026-01-20,Moscow,marketplace,Home,SMB,4,7462.37,0.115,26418.99,18506.68,0
ORD-100103,2026-01-20,Ekaterinburg,offline,Software,B2C,2,13628.72,0.039,26196.94,10357.83,0
ORD-100104,2026-01-20,Moscow,marketplace,Software,B2C,1,13621.98,0.147,11615.37,5176.35,0
ORD-100105,2026-01-21,Kazan,online,Electronics,B2B,2,14185.78,0.055,26797.24,19292.66,0
ORD-100106,2026-01-21,Ekaterinburg,marketplace,Office,B2C,1,8858.62,0.123,7771.32,5049.41,0
ORD-100107,2026-01-21,Rostov-on-Don,marketplace,Home,B2C,1,9468.81,0.085,8663.73,5870.66,0
ORD-100108,2026-01-21,Moscow,marketplace,Home,B2C,3,6872.54,0.126,18012.39,12782.92,0
ORD-100109,2026-01-22,Ekaterinburg,marketplace,Software,Enterprise,3,12484.3,0.162,31371.66,14232.1,0
ORD-100110,2026-01-22,Ekaterinburg,marketplace,Home,B2B,1,8450.81,0.114,7485.76,5239.5,0
ORD-100111,2026-01-22,Saint Petersburg,online,Electronics,Enterprise,1,14337.17,0.084,13139.16,9749.28,0
ORD-100112,2026-01-23,Rostov-on-Don,marketplace,Office,B2C,3,6420.91,0.126,16843.74,10979.76,0
ORD-100113,2026-01-23,Rostov-on-Don,online,Electronics,Enterprise,4,14701.13,0,58804.52,39987.07,0
ORD-100114,2026-01-23,Saint Petersburg,marketplace,Accessories,B2C,2,1854.29,0.13,3225.07,1668.86,0
ORD-100115,2026-01-23,Rostov-on-Don,online,Accessories,B2C,1,2931.53,0.036,2826.43,1319.19,0
ORD-100116,2026-01-23,Moscow,marketplace,Home,Enterprise,1,6420.21,0.139,5526.05,3980.53,0
ORD-100117,2026-01-24,Moscow,offline,Electronics,B2C,1,20224.33,0.051,19199.28,13752.54,0
ORD-100118,2026-01-24,Ekaterinburg,marketplace,Accessories,B2B,3,1704.42,0.031,4954.12,2300.97,0
ORD-100119,2026-01-24,Saint Petersburg,online,Electronics,B2C,5,11829.86,0.134,51236.04,40221.52,0
ORD-100120,2026-01-24,Moscow,partner,Electronics,Enterprise,3,17667.76,0.085,48495.68,36042.23,0
ORD-100121,2026-01-24,Moscow,online,Software,Enterprise,3,13129.06,0.142,33781.74,14967.13,0
ORD-100122,2026-01-24,Novosibirsk,online,Accessories,SMB,3,2201.32,0.052,6262.42,2971.78,0
ORD-100123,2026-01-25,Novosibirsk,online,Office,SMB,1,7604.65,0.125,6655.48,4334.65,0
ORD-100124,2026-01-25,,online,Electronics,B2C,1,18893.79,0.087,17250.75,12847.78,0
ORD-100125,2026-01-25,Saint Petersburg,online,Accessories,B2B,3,3054.47,0.038,8813.58,4123.53,0
ORD-100126,2026-01-25,Moscow,partner,Accessories,SMB,1,3053.15,0.11,2718.44,1373.92,0
ORD-100127,2026-01-26,Moscow,online,Home,B2B,2,6709.34,0.032,12990.21,8319.58,0
ORD-100128,2026-01-26,Kazan,offline,Home,SMB,1,5544.26,0.002,5531.72,3437.44,0
ORD-100129,2026-01-26,Saint Petersburg,marketplace,Software,B2C,3,9190.2,0.134,23874.22,10476.83,0
ORD-100130,2026-01-27,Moscow,partner,Home,B2C,3,7473.17,0.08,20626.71,13900.1,0
ORD-100131,2026-01-27,Kazan,offline,Accessories,B2B,1,2802.38,0.096,2533.47,1261.07,0
ORD-100132,2026-01-27,Novosibirsk,marketplace,Accessories,Enterprise,2,2147.66,0.133,3724.82,1932.89,0
ORD-100133,2026-01-27,Moscow,marketplace,Home,B2C,3,4957.08,0.09,13537.69,9220.17,0
ORD-100134,2026-01-27,Kazan,offline,Accessories,B2C,4,2669.98,0.042,10228.22,4805.96,0
ORD-100135,2026-01-28,Rostov-on-Don,online,Accessories,B2C,1,2406.03,0.057,2268.14,1082.71,0
ORD-100136,2026-01-28,Moscow,offline,Software,B2C,2,13025.76,0.099,23475.49,9899.58,0
ORD-100137,2026-01-28,Kazan,marketplace,Software,B2C,3,12847.92,0.107,34410.65,14646.63,0
ORD-100138,2026-01-28,Saint Petersburg,online,Accessories,B2B,1,3019.72,0.109,2691.61,1358.87,0
ORD-100139,2026-01-28,Moscow,online,Office,Enterprise,1,10664.54,0.163,8931.44,6078.79,0
ORD-100140,2026-01-28,Moscow,online,Accessories,B2C,2,2881.98,0.106,5154.2,2593.78,0
ORD-100141,2026-01-28,Ekaterinburg,online,Office,B2C,3,7752.74,0.087,21227.4,13257.19,0
ORD-100142,2026-01-28,Saint Petersburg,offline,Home,B2B,1,4287.19,0.129,3736.28,2658.06,0
ORD-100143,2026-01-29,Ekaterinburg,online,Office,B2C,1,7909.67,0.086,7230.14,4508.51,0
ORD-100144,2026-01-29,Ekaterinburg,online,Software,SMB,-1,10221.07,0.033,9879.04,3884.01,0
ORD-100145,2026-01-29,Saint Petersburg,partner,Accessories,B2B,1,2776.33,0.089,2530.58,1249.35,0
ORD-100146,2026-01-29,Ekaterinburg,online,Electronics,Enterprise,2,12385.22,0.082,22749.93,16843.9,0
ORD-100147,2026-01-29,Novosibirsk,offline,Accessories,Enterprise,1,2885.79,0.064,2702.04,1298.61,0
ORD-100148,2026-01-29,Kazan,marketplace,Office,B2B,1,11200.21,0.102,10059.01,6384.12,0
ORD-100149,2026-01-29,Ekaterinburg,partner,Home,B2C,2,5758.08,0.105,10307.11,7140.02,0
ORD-100150,2026-01-30,Saint Petersburg,marketplace,Software,B2B,1,10779.16,0.087,9845.87,4096.08,0
ORD-100151,2026-01-30,Saint Petersburg,marketplace,Software,B2B,1,12032.86,0.145,10289.39,4572.49,0
ORD-100152,2026-01-30,Saint Petersburg,online,Electronics,B2C,1,11849.13,0.029,11502.27,8057.41,0
ORD-100153,2026-01-30,Moscow,marketplace,Electronics,B2C,3,12528.14,0.054,35567.49,25557.41,0
ORD-100154,2026-01-30,Moscow,online,Accessories,Enterprise,2,2029.08,0.104,3637.04,1826.17,0
ORD-100155,2026-01-30,Saint Petersburg,marketplace,Home,SMB,2,7982.74,0.057,15061.33,9898.6,0
ORD-100156,2026-01-30,Saint Petersburg,online,Accessories,B2C,1,2743.85,0.165,2291.9,1234.73,0
ORD-100157,2026-01-30,Moscow,online,Home,SMB,1,7312.88,0,7312.88,4533.99,0
ORD-100158,2026-01-31,Novosibirsk,offline,Accessories,B2B,1,2791.06,0.126,2440.09,1255.98,0
ORD-100159,2026-01-31,Ekaterinburg,online,Software,B2C,3,14912.59,0.06,42072.9,17000.35,0
ORD-100160,2026-01-31,Moscow,online,Accessories,Enterprise,3,2743.38,0.055,7776.71,3703.56,0
ORD-100161,2026-02-01,Saint Petersburg,online,Software,B2C,2,15891.06,0.064,29732.33,12077.21,0
ORD-100162,2026-02-01,Moscow,offline,Electronics,SMB,2,20452.2,0.126,35730.71,27814.99,0
ORD-100163,2026-02-01,Ekaterinburg,online,Home,Enterprise,1,4183.95,0.117,3694.23,2594.05,0
ORD-100164,2026-02-01,Saint Petersburg,online,Office,B2C,2,9992.48,0.209,15816.58,11391.43,1
ORD-100165,2026-02-01,Novosibirsk,offline,Software,SMB,1,11066.54,0.153,9370.49,4205.29,0
ORD-100166,2026-02-01,Ekaterinburg,offline,Electronics,B2C,1,15796.57,0.156,13334.27,10741.67,0
ORD-100167,2026-02-01,Kazan,online,Accessories,B2C,1,2948.59,0.092,2676.33,1326.87,0
ORD-100168,2026-02-02,Novosibirsk,offline,Electronics,B2B,2,11914.51,0.051,22612.15,16203.73,0
ORD-100169,2026-02-02,Saint Petersburg,offline,Electronics,B2C,2,13305.81,0.074,24630.7,18095.9,0
ORD-100170,2026-02-02,Novosibirsk,offline,Office,B2C,4,11128.54,0.091,40477.26,25373.07,0
ORD-100171,2026-02-02,Saint Petersburg,online,Accessories,B2C,2,2972.62,0.112,5279.22,2675.36,0
ORD-100172,2026-02-02,Saint Petersburg,online,Electronics,B2B,3,12768.79,0,38306.37,26048.33,0
ORD-100173,2026-02-02,Moscow,marketplace,Electronics,Enterprise,1,17526.46,0.202,13989.12,11917.99,0
ORD-100174,2026-02-03,Kazan,online,Software,SMB,1,9656.58,0.135,8357.42,3669.5,0
ORD-100175,2026-02-03,Moscow,online,Home,SMB,3,7982.65,0.056,22614.33,14847.73,0
ORD-100176,2026-02-03,Saint Petersburg,partner,Office,B2B,3,9400.49,0.064,26398.05,16074.84,0
ORD-100177,2026-02-03,Kazan,online,Accessories,B2C,2,2287.51,0.131,3975.9,2058.76,0
ORD-100178,2026-02-03,Saint Petersburg,online,Accessories,SMB,1,2860.52,0.08,2632.74,1287.23,0
ORD-100179,2026-02-03,Moscow,offline,Software,B2C,3,9709.51,0,29128.53,11068.84,0
ORD-100180,2026-02-04,Saint Petersburg,online,Accessories,B2C,2,1787.75,0.154,3023.23,1608.98,1
ORD-100181,2026-02-04,Saint Petersburg,online,Electronics,B2C,1,17786.01,0.109,15845.27,12094.49,0
ORD-100182,2026-02-04,Rostov-on-Don,online,Home,B2C,2,7539.94,0.07,14029.57,9349.53,0
ORD-100183,2026-02-04,Moscow,offline,Accessories,B2B,5,2574.85,0.101,11579.68,5793.41,0
ORD-100184,2026-02-04,Ekaterinburg,partner,Electronics,SMB,5,20260.68,0.075,93706.01,68886.31,0
ORD-100185,2026-02-04,Moscow,online,Office,B2C,2,9174.56,0.056,17313.12,10459.0,0
ORD-100186,2026-02-04,Rostov-on-Don,marketplace,Home,B2C,2,5946.15,0.153,10068.61,7373.23,0
ORD-100187,2026-02-05,Moscow,online,Accessories,Enterprise,3,1739.47,0.069,4858.39,2348.28,0
ORD-100188,2026-02-05,Rostov-on-Don,offline,Electronics,B2C,2,12694.67,0.148,21631.83,17264.75,0
ORD-100189,2026-02-05,Moscow,partner,Accessories,B2C,4,2717.81,0.087,9925.15,4892.06,0
ORD-100190,2026-02-05,Saint Petersburg,marketplace,Electronics,B2C,4,20399.74,0.055,77104.09,55487.29,0
ORD-100191,2026-02-06,Kazan,offline,Home,B2C,2,5607.66,0.051,10640.65,6953.5,0
ORD-100192,2026-02-06,Rostov-on-Don,online,Accessories,Enterprise,1,2621.42,0.068,2444.3,1179.64,0
ORD-100193,2026-02-06,Moscow,online,Accessories,B2B,2,3426.51,0.096,6196.06,3083.86,0
ORD-100194,2026-02-06,Moscow,online,Accessories,SMB,1,1841.67,0.098,1661.95,828.75,0
ORD-100195,2026-02-06,Saint Petersburg,online,Office,B2C,4,7353.87,0.188,23888.76,16766.82,0
ORD-100196,2026-02-06,Kazan,online,Accessories,B2C,1,2264.35,0.087,2067.66,1018.96,0
ORD-100197,2026-02-06,Novosibirsk,offline,Software,Enterprise,4,13954.46,0,55817.84,21210.78,0
ORD-100198,2026-02-07,Saint Petersburg,offline,Accessories,B2C,1,3573.14,0.094,3237.3,1607.91,0
ORD-100199,2026-02-07,Moscow,online,Software,B2C,2,14326.28,0.041,27485.79,10887.97,0
ORD-100200,2026-02-07,Novosibirsk,offline,Office,SMB,3,9641.94,0.042,27712.05,16487.72,0
ORD-100201,2026-02-07,Moscow,offline,Office,B2C,2,9625.2,0.048,18331.59,10972.73,0
ORD-100202,2026-02-08,Moscow,online,Accessories,B2C,5,2098.72,0.066,9796.44,4722.12,0
ORD-100203,2026-02-08,Saint Petersburg,online,Accessories,B2C,3,2681.18,0.034,7767.33,3619.59,0
ORD-100204,2026-02-08,Moscow,partner,Software,B2C,1,8910.3,0.029,8655.55,3385.91,0
ORD-100205,2026-02-08,Kazan,offline,Office,B2B,2,11025.54,0.084,20204.44,12569.12,0
ORD-100206,2026-02-08,Moscow,marketplace,Office,SMB,2,8398.02,0.105,15035.72,9573.74,0
ORD-100207,2026-02-08,Moscow,online,Office,B2C,2,8968.45,0.012,17720.22,10224.03,0
ORD-100208,2026-02-08,Moscow,offline,Accessories,SMB,1,2063.01,0.095,1866.85,928.35,0
ORD-100209,2026-02-08,Kazan,offline,Electronics,B2C,3,15362.5,0.018,45255.14,31339.5,0
ORD-100210,2026-02-09,Ekaterinburg,offline,Home,B2C,1,7982.09,0.061,7496.84,4948.9,0
ORD-100211,2026-02-09,Ekaterinburg,offline,Accessories,B2B,2,2620.15,0.108,4673.63,2358.14,0
ORD-100212,2026-02-09,Rostov-on-Don,online,Home,B2C,1,6692.93,0.046,6382.0,4149.62,0
ORD-100213,2026-02-09,Novosibirsk,online,Software,B2C,2,7599.11,0.157,12814.73,5775.32,0
ORD-100214,2026-02-09,Novosibirsk,online,Software,B2C,3,10671.3,0.116,28314.79,12165.28,0
ORD-100215,2026-02-09,Moscow,offline,Office,Enterprise,2,11038.4,0.122,19383.15,12583.78,0
ORD-100216,2026-02-09,Ekaterinburg,offline,Home,B2B,1,5286.89,0.113,4689.73,3277.87,0
ORD-100217,2026-02-10,Kazan,partner,Electronics,B2C,4,18369.23,0.048,69915.45,49964.31,0
ORD-100218,2026-02-10,Saint Petersburg,offline,Software,Enterprise,1,9611.23,0.058,9056.06,3652.27,0
ORD-100219,2026-02-10,Rostov-on-Don,online,Software,SMB,1,18476.27,0.014,18222.99,7020.98,0
ORD-100220,2026-02-10,Rostov-on-Don,partner,Office,Enterprise,4,11711.66,0.083,42957.63,26702.58,0
ORD-100221,2026-02-11,Rostov-on-Don,offline,Home,B2C,4,7839.7,0.044,29984.7,19442.46,0
ORD-100222,2026-02-11,Moscow,offline,Electronics,B2C,1,15572.18,0.009,15424.27,10589.08,0
ORD-100223,2026-02-11,Moscow,marketplace,Accessories,SMB,3,2309.19,0.122,6083.59,3117.41,0
ORD-100224,2026-02-11,Saint Petersburg,online,Electronics,B2C,1,16168.7,0,16168.7,10994.72,0
ORD-100225,2026-02-11,Moscow,marketplace,Accessories,B2B,1,2783.75,0.133,2412.31,1252.69,0
ORD-100226,2026-02-12,Ekaterinburg,offline,Accessories,Enterprise,1,2705.88,0.179,2222.07,1217.65,0
ORD-100227,2026-02-12,Rostov-on-Don,online,Office,SMB,4,9642.08,0.008,38256.35,21983.94,0
ORD-100228,2026-02-12,Ekaterinburg,offline,Accessories,SMB,2,2080.19,0.073,3855.32,1872.17,0
ORD-100229,2026-02-12,Novosibirsk,partner,Electronics,B2C,2,18892.57,0.147,32212.48,25693.9,0
ORD-100230,2026-02-12,Ekaterinburg,offline,Accessories,SMB,2,2724.91,0.087,4974.12,2452.42,0
ORD-100231,2026-02-12,Kazan,marketplace,Office,B2C,1,9496.28,0.104,8508.64,5412.88,0
ORD-100232,2026-02-12,Ekaterinburg,offline,Office,B2C,4,11425.49,0.076,42225.55,26050.12,0
ORD-100233,2026-02-12,Moscow,offline,Office ,SMB,5,11723.96,0.14,50425.16,39861.46,0
ORD-100234,2026-02-13,Ekaterinburg,marketplace,Home,B2B,2,6544.61,0.137,11291.3,8115.32,0
ORD-100235,2026-02-13,Moscow,online,Accessories,B2C,1,2239.09,0.036,2159.55,1007.59,0
ORD-100236,2026-02-13,Moscow,online,Accessories,B2C,4,2465.58,0.061,9264.01,4438.04,0
ORD-100237,2026-02-13,Ekaterinburg,marketplace,Office,B2C,1,9860.08,0.126,8616.91,5620.25,0
ORD-100238,2026-02-13,Ekaterinburg,offline,Electronics,B2C,1,16643.34,0.07,15483.29,11317.47,0
ORD-100239,2026-02-13,Novosibirsk,marketplace,Home,B2C,2,6481.73,0.074,12004.18,8037.35,0
ORD-100240,2026-02-14,Saint Petersburg,online,Office,B2B,2,9401.55,0.055,17763.56,10717.77,0
ORD-100241,2026-02-14,Moscow,online,Office,B2B,1,6891.13,0.071,6404.99,3927.94,0
ORD-100242,2026-02-14,Moscow,offline,Home,B2C,1,7440.04,0.063,6974.5,4612.82,0
ORD-100243,2026-02-14,Saint Petersburg,offline,Electronics,B2B,1,15919.07,0.116,14075.67,10824.97,0
ORD-100244,2026-02-14,Saint Petersburg,offline,Office,SMB,1,7829.71,0.118,6905.64,4462.93,0
ORD-100245,2026-02-14,Novosibirsk,offline,Electronics,B2B,1,17603.55,0.164,14711.38,11970.41,0
ORD-100246,2026-02-14,Moscow,online,Software,SMB,3,12130.32,0,36390.96,13828.56,0
ORD-100247,2026-02-14,Saint Petersburg,online,Accessories,B2C,1,1863.66,0.092,1691.87,838.65,0
ORD-100248,2026-02-15,Saint Petersburg,online,Office,Enterprise,2,11525.83,0.005,22935.27,13139.45,0
ORD-100248,2026-02-15,Saint Petersburg,online,Office,Enterprise,2,11525.83,0.005,23164.62,13139.45,0
ORD-100249,2026-02-15,Kazan,online,Office,B2C,1,11563.36,0.059,10880.82,6591.12,0
ORD-100250,2026-02-15,Saint Petersburg,online,Electronics,SMB,2,13531.05,0.03,26255.41,18402.23,0
ORD-100251,2026-02-15,Rostov-on-Don,offline,Accessories,B2C,1,2576.42,0.057,2430.58,1159.39,0
ORD-100252,2026-02-15,Rostov-on-Don,offline,Office,B2B,1,12737.2,0.096,11510.1,7260.2,0
ORD-100253,2026-02-16,Moscow,online,Electronics,B2B,1,17178.76,0.103,15412.05,11681.56,0
ORD-100254,2026-02-16,Kazan,partner,Electronics,Enterprise,2,19532.77,0.085,35750.21,26564.57,0
ORD-100255,2026-02-16,Ekaterinburg,offline,Electronics,B2C,2,15016.51,0.04,28837.47,20422.45,0
ORD-100256,2026-02-16,Rostov-on-Don,offline,Electronics,B2C,2,15959.06,0.117,28170.35,21704.32,0
ORD-100257,2026-02-16,Rostov-on-Don,offline,Electronics,B2C,2,14330.79,0.151,24322.51,19489.87,0
ORD-100258,2026-02-16,Ekaterinburg,online,Software,B2C,1,8960.89,0.089,8167.4,3405.14,0
ORD-100259,2026-02-16,Novosibirsk,offline,Electronics,B2C,5,22029.48,0.066,102865.57,74900.23,0
ORD-100260,2026-02-16,Rostov-on-Don,marketplace,Home,B2B,1,8700.49,0.076,8037.93,5394.3,0
ORD-100261,2026-02-17,Rostov-on-Don,online,Electronics,Enterprise,2,16064.43,0.017,31588.13,21847.62,0
ORD-100262,2026-02-17,Moscow,online,Electronics,SMB,1,18058.28,0.058,17006.18,12279.63,0
ORD-100263,2026-02-17,Rostov-on-Don,marketplace,Electronics,B2B,5,18913.41,0.146,80748.12,64305.59,0
ORD-100264,2026-02-17,Rostov-on-Don,online,Accessories,SMB,1,2294.17,0.204,1826.31,1032.38,0
ORD-100265,2026-02-17,Saint Petersburg,marketplace,Software,B2B,1,9160.64,0.077,8454.06,3481.04,0
ORD-100266,2026-02-17,Ekaterinburg,offline,Electronics,SMB,1,16230.5,0.083,14890.94,11036.74,0
ORD-100267,2026-02-17,Moscow,online,Home,B2C,2,5785.28,0.066,10804.73,7173.75,1
ORD-100268,2026-02-17,Moscow,offline,Home,B2C,1,6675.57,0.118,5886.09,4138.85,0
ORD-100269,2026-02-18,Rostov-on-Don,offline,Software,B2C,1,13175.75,0.106,11780.02,5006.78,0
ORD-100270,2026-02-18,Saint Petersburg,offline,Electronics,B2C,1,15976.85,0.11,14217.81,10864.26,0
ORD-100271,2026-02-18,Moscow,online,Accessories,B2C,4,2190.73,0.128,7637.8,3943.31,0
ORD-100272,2026-02-18,Saint Petersburg,marketplace,Home,SMB,5,7726.84,0.164,32301.57,23953.2,0
ORD-100273,2026-02-18,Rostov-on-Don,partner,Home,B2C,2,5352.33,0.083,9816.62,6636.89,0
ORD-100274,2026-02-18,Novosibirsk,online,Home,B2C,2,5675.73,0.052,10755.65,7037.91,0
ORD-100275,2026-02-18,Rostov-on-Don,offline,Office,SMB,2,8825.34,0.139,15190.21,10060.89,0
ORD-100276,2026-02-19,Moscow,online,Accessories,B2C,1,2112.31,0.098,1905.15,950.54,0
ORD-100277,2026-02-19,Kazan,offline,Accessories,Enterprise,4,2392.71,0.085,8753.71,4306.88,0
ORD-100278,2026-02-19,Novosibirsk,offline,Accessories,Enterprise,1,2507.39,0.139,2158.54,1128.33,0
ORD-100279,2026-02-19,Kazan,offline,Accessories,B2B,5,2106.28,0.142,9034.11,4739.13,0
ORD-100280,2026-02-19,Moscow,marketplace,Electronics,B2B,2,16504.67,0.151,28017.11,22446.35,0
ORD-100281,2026-02-19,Moscow,partner,Accessories,B2C,1,2667.4,0.072,2475.65,1200.33,0
ORD-100282,2026-02-20,Moscow,offline,Electronics,B2C,2,12942.01,0.086,23647.4,17601.13,0
ORD-100283,2026-02-20,Moscow,marketplace,Home,B2C,3,5866.9,0.05,16720.45,10912.43,0
ORD-100284,2026-02-20,Moscow,online,Home,B2B,5,7146.07,0.12,31424.88,22152.82,0
ORD-100285,2026-02-20,Saint Petersburg,online,Accessories,B2B,1,2126.3,0.058,2002.4,956.84,0
ORD-100286,2026-02-20,Ekaterinburg,marketplace,Electronics,B2C,1,17285.14,0.088,15768.21,11753.9,0
ORD-100287,2026-02-20,Novosibirsk,offline,Home,B2B,2,5717.69,0.046,10912.15,7089.94,0
ORD-100288,2026-02-20,Kazan,marketplace,Software,SMB,1,11316.17,0.086,10347.44,4300.14,0
ORD-100289,2026-02-20,Moscow,marketplace,Home,B2B,1,7802.96,0.129,6794.25,4837.84,0
ORD-100290,2026-02-21,Rostov-on-Don,online,Software,B2C,1,13597.53,0.151,11545.45,5167.06,0
ORD-100291,2026-02-21,Rostov-on-Don,offline,Software,B2C,1,9089.38,0.058,8561.86,3453.96,0
ORD-100292,2026-02-21,Ekaterinburg,offline,Office,B2C,2,9843.17,0.053,18644.35,11221.21,1
ORD-100293,2026-02-21,Moscow,marketplace,Home,B2B,3,5493.92,0.12,14503.22,10218.69,0
ORD-100294,2026-02-21,Rostov-on-Don,offline,Office,SMB,3,8379.69,0.09,22873.63,14329.27,0
ORD-100295,2026-02-21,Ekaterinburg,online,Accessories,SMB,1,2427.94,0.159,2040.97,1092.57,0
ORD-100296,2026-02-21,Moscow,marketplace,Software,B2C,3,10398.52,0.047,29736.13,11854.31,0
ORD-100297,2026-02-21,Novosibirsk,marketplace,Accessories,SMB,2,1905.86,0.088,3477.97,1715.27,0
ORD-100298,2026-02-22,Moscow,marketplace,Home,Enterprise,2,9670.91,0.187,15723.28,11991.93,0
ORD-100299,2026-02-22,Moscow,marketplace,Software,B2C,3,13731.16,0.064,38550.65,15653.52,0
ORD-100300,2026-02-22,,offline,Office,B2C,2,10051.48,0.068,18737.87,11458.69,0
ORD-100301,2026-02-22,Rostov-on-Don,online,Home,Enterprise,1,9173.24,0.081,8429.55,5687.41,0
ORD-100302,2026-02-22,Saint Petersburg,marketplace,Accessories,B2C,1,2191.91,0.105,1960.74,986.36,0
ORD-100303,2026-02-23,Moscow,offline,Home,B2C,3,7636.49,0,22909.47,14203.87,0
ORD-100304,2026-02-23,Kazan,marketplace,Electronics,B2C,4,17738.05,0.177,58423.08,48247.5,0
ORD-100305,2026-02-23,Rostov-on-Don,marketplace,Software,B2C,4,12682.89,0.096,45880.27,19277.99,0
ORD-100306,2026-02-23,Ekaterinburg,online,Accessories,B2B,3,2515.66,0.038,7262.75,3396.14,0
ORD-100307,2026-02-23,Moscow,online,Electronics,B2B,2,15655.16,0.082,28751.58,21291.02,0
ORD-100308,2026-02-24,Saint Petersburg,online,Software,B2C,1,11878.93,0.062,11147.9,4513.99,0
ORD-100309,2026-02-24,Moscow,marketplace,Software,SMB,1,13198.14,0.116,11673.22,5015.29,1
ORD-100310,2026-02-24,Saint Petersburg,marketplace,Accessories,B2B,1,1917.33,0.165,1600.79,862.8,0
ORD-100311,2026-02-25,Moscow,marketplace,Electronics,B2C,1,16554.72,0.093,15014.38,11257.21,0
ORD-100312,2026-02-25,Ekaterinburg,online,Accessories,Enterprise,1,3026.49,0.013,2987.06,1361.92,0
ORD-100313,2026-02-25,Moscow,online,Accessories,B2B,3,2590.41,0.052,7370.82,3497.05,0
ORD-100314,2026-02-26,Kazan,offline,Office,Enterprise,5,10332.53,0.071,47973.11,29447.71,0
ORD-100315,2026-02-26,Saint Petersburg,marketplace,Office,SMB,5,9540.04,0.086,43593.31,27189.11,0
ORD-100316,2026-02-26,Moscow,marketplace,Electronics,B2B,2,13015.73,0.125,22782.28,17701.39,1
ORD-100317,2026-02-26,Kazan,online,Office,B2C,2,10400.53,0.15,17690.13,11856.6,0
ORD-100318,2026-02-27,Ekaterinburg,offline,Accessories,B2B,1,1470.4,0.118,1297.01,661.68,0
ORD-100319,2026-02-27,Rostov-on-Don,online,Home,B2B,1,6071.17,0.029,5892.92,3764.13,0
ORD-100320,2026-02-27,Moscow,online,Electronics,B2C,1,10676.04,0.072,9907.72,7259.71,0
ORD-100321,2026-02-27,Ekaterinburg,marketplace,Home,SMB,1,7920.37,0.09,7205.88,4910.63,0
ORD-100322,2026-02-27,Rostov-on-Don,offline,Home,B2C,2,9345.78,0.107,16690.76,11588.77,0
ORD-100323,2026-02-27,Novosibirsk,marketplace,Electronics,B2B,1,15988.04,0.13,13908.47,10871.87,1
ORD-100324,2026-02-28,Saint Petersburg,online,Office,Enterprise,3,5919.61,0.051,16851.16,10122.53,0
ORD-100325,2026-02-28,Saint Petersburg,offline,Office,SMB,1,10957.86,0.098,9882.21,6245.98,0
ORD-100326,2026-02-28,Moscow,marketplace,Software,Enterprise,5,14193.17,0.123,62244.62,26967.02,0
ORD-100327,2026-03-01,Moscow,online,Office,B2B,1,8130.54,0.079,7489.27,4634.41,0
ORD-100328,2026-03-01,Novosibirsk,online,Office,Enterprise,3,9505.92,0.115,25251.83,16255.12,0
ORD-100329,2026-03-01,Saint Petersburg,marketplace,Home,SMB,5,8843.93,0.163,37012.38,27416.18,0
ORD-100330,2026-03-01,Kazan,online,Electronics,B2C,1,20541.16,0.109,18306.39,13967.99,0
ORD-100331,2026-03-01,Rostov-on-Don,offline,Software,SMB,1,12898.29,0.107,11514.08,4901.35,0
ORD-100332,2026-03-02,Kazan,offline,Electronics,Enterprise,1,15827.13,0.145,13536.75,10762.45,0
ORD-100333,2026-03-02,Ekaterinburg,online,Accessories,B2C,1,2729.24,0.177,2247.39,1228.16,0
ORD-100334,2026-03-02,Moscow,offline,Electronics,B2C,2,17916.58,0.104,32107.02,24366.55,0
ORD-100335,2026-03-02,Moscow,online,Home,B2B,3,6881.56,0.099,18597.64,12799.7,0
ORD-100336,2026-03-02,Moscow,online,Home,B2C,2,6567.93,0.082,12056.86,8144.23,0
ORD-100337,2026-03-02,Saint Petersburg,offline,Electronics,SMB,1,10948.58,0.127,9557.49,7445.03,0
ORD-100338,2026-03-02,Novosibirsk,partner,Electronics,B2C,3,13177.38,0.151,33579.11,26881.86,0
ORD-100339,2026-03-03,Moscow,partner,Software,B2C,2,12345.41,0.094,22378.92,9382.51,0
ORD-100340,2026-03-03,Moscow,partner,Accessories,B2C,4,1840.29,0.136,6358.67,3312.52,0
ORD-100341,2026-03-03,Saint Petersburg,online,Home,Enterprise,1,6325.94,0.118,5582.32,3922.08,0
ORD-100342,2026-03-03,Ekaterinburg,offline,Accessories,SMB,2,2876.75,0.131,5002.17,2589.08,0
ORD-100343,2026-03-03,Novosibirsk,online,Accessories,Enterprise,2,2938.54,0.115,5202.35,2644.69,0
ORD-100344,2026-03-03,Novosibirsk,online,Office,B2B,1,9449.68,0.119,8324.06,5386.32,0
ORD-100345,2026-03-03,Novosibirsk,online,Electronics,SMB,2,13616.37,0.151,23110.83,18518.26,0
ORD-100346,2026-03-03,Moscow,online,Electronics,B2B,3,15602.5,0.042,44830.12,31829.1,0
ORD-100347,2026-03-03,Rostov-on-Don,online,Office,Enterprise,5,10079.42,0.136,43539.22,28726.35,0
ORD-100348,2026-03-04,Moscow,marketplace,Software,Enterprise,2,10713.26,0.159,18010.63,8142.08,0
ORD-100349,2026-03-04,Moscow,offline,Office,B2C,1,9907.14,0.158,8342.09,5647.07,1
ORD-100350,2026-03-04,Moscow,online,Software,SMB,4,13066.46,0.081,48050.24,19861.02,1
ORD-100351,2026-03-04,Rostov-on-Don,marketplace,Accessories,SMB,4,2921.95,0.158,9845.73,5259.51,0
ORD-100352,2026-03-04,Moscow,online,Electronics,B2C,4,17904.0,0.012,70775.04,48698.88,0
ORD-100353,2026-03-04,Rostov-on-Don,marketplace,Electronics,Enterprise,3,16642.73,0.181,40873.56,33951.17,0
ORD-100354,2026-03-04,Ekaterinburg,partner,Electronics,Enterprise,1,23458.42,0.106,20965.32,15951.73,1
ORD-100355,2026-03-04,Rostov-on-Don,partner,Accessories,B2C,2,2728.42,0.101,4903.14,2455.58,0
ORD-100356,2026-03-04,Rostov-on-Don,online,Home,SMB,1,6541.32,0.055,6182.99,4055.62,0
ORD-100357,2026-03-04,Moscow,online,Office,B2C,1,9567.39,0.111,8502.81,5453.41,0
ORD-100358,2026-03-05,Novosibirsk,offline,Software,B2C,2,13983.84,0.137,24130.55,10627.72,0
ORD-100359,2026-03-05,Ekaterinburg,online,Accessories,B2C,3,2390.23,0.144,6140.56,3226.81,0
ORD-100360,2026-03-05,Moscow,online,Electronics,SMB,2,17021.2,0.099,30657.31,23148.83,0
ORD-100361,2026-03-05,Saint Petersburg,online,Accessories,Enterprise,1,2702.46,0.095,2445.55,1216.11,0
ORD-100362,2026-03-05,Moscow,marketplace,Electronics,SMB,3,15775.73,0.164,39553.48,32182.49,1
ORD-100363,2026-03-05,Novosibirsk,online,Office,B2C,1,8804.15,0.167,7337.16,5018.37,0
ORD-100364,2026-03-05,Moscow,online,Electronics,B2C,1,17374.2,0.081,15959.19,11814.46,0
ORD-100365,2026-03-05,Ekaterinburg,online,Office,B2B,1,10735.12,0.085,9825.99,6119.02,0
ORD-100366,2026-03-05,Saint Petersburg,online,Home,B2C,1,7026.26,0.051,6670.39,4356.28,0
ORD-100367,2026-03-05,Kazan,partner,Home,B2B,2,8256.91,0.048,15724.21,10238.57,0
ORD-100368,2026-03-05,Novosibirsk,offline,Office,SMB,2,12746.91,0.151,21641.51,14531.48,0
ORD-100369,2026-03-06,Ekaterinburg,online,Electronics,Enterprise,5,16537.19,0.091,75193.78,56226.45,0
ORD-100370,2026-03-06,Saint Petersburg,partner,Software,B2B,3,11764.78,0.198,28311.84,13411.85,0
ORD-100371,2026-03-06,Saint Petersburg,online,Home,B2C,2,8550.67,0.06,16078.43,10602.83,0
ORD-100372,2026-03-06,Saint Petersburg,offline,Office,B2C,2,9713.19,0.015,19128.27,11073.04,0
ORD-100373,2026-03-06,Moscow,online,Office,B2B,1,8076.01,0.131,7019.03,4603.33,0
ORD-100374,2026-03-06,Moscow,online,Accessories,B2C,2,2456.13,0.099,4423.75,2210.52,0
ORD-100375,2026-03-06,Moscow,marketplace,Home,Enterprise,4,9304.83,0.145,31840.94,23075.98,0
ORD-100376,2026-03-06,Ekaterinburg,online,Office,SMB,1,11326.04,0.103,10159.23,6455.84,0
ORD-100377,2026-03-07,Moscow,offline,Accessories,Enterprise,1,0,0.115,1735.25,882.03,0
ORD-100378,2026-03-07,Novosibirsk,online,Electronics,SMB,1,16669.01,0.062,15633.28,11334.93,0
ORD-100379,2026-03-07,Novosibirsk,online,Electronics,B2C,1,18586.47,0.122,16322.42,12638.8,0
ORD-100380,2026-03-07,Saint Petersburg,online,Home,Enterprise,2,7073.9,0.156,11936.82,8771.64,0
ORD-100381,2026-03-07,Saint Petersburg,offline,Software,B2C,4,11778.54,0.185,38383.98,17903.38,1
ORD-100382,2026-03-07,Novosibirsk,marketplace,Electronics,B2C,1,16305.26,0.179,13378.95,11087.58,0
ORD-100383,2026-03-07,Rostov-on-Don,marketplace,Software,B2C,1,13800.69,0.195,11111.7,5244.26,0
ORD-100384,2026-03-07,Ekaterinburg,online,Accessories,SMB,3,2194.67,0.117,5812.69,2962.8,0
ORD-100385,2026-03-08,Moscow,partner,Accessories,Enterprise,3,1940.45,0.09,5298.72,2619.61,0
ORD-100386,2026-03-08,Saint Petersburg,online,Accessories,B2C,1,2389.46,0.168,1988.95,1075.26,0
ORD-100387,2026-03-08,Moscow,offline,Accessories,B2C,1,3012.05,0.053,2852.26,1355.42,0
ORD-100388,2026-03-08,Moscow,online,Home,B2C,1,8069.83,0.088,7363.64,5003.29,0
ORD-100389,2026-03-08,Rostov-on-Don,marketplace,Accessories,B2C,3,2250.01,0.091,6134.12,3037.51,0
ORD-100390,2026-03-08,Moscow,online,Home,B2B,2,6613.87,0.153,11198.22,8201.2,0
ORD-100391,2026-03-08,Kazan,partner,Accessories,Enterprise,4,2319.73,0.087,8475.36,4175.51,0
ORD-100392,2026-03-08,Saint Petersburg,marketplace,Software,B2C,2,10946.55,0.127,19108.2,8319.38,0
ORD-100393,2026-03-08,Kazan,offline,Accessories,B2C,1,2266.8,0.065,2118.45,1020.06,0
ORD-100394,2026-03-08,Moscow,partner,Software,B2C,5,16961.42,0.037,81693.13,32226.7,0
ORD-100395,2026-03-09,Saint Petersburg,offline,Accessories,B2C,2,2859.59,0.111,5084.65,2573.63,0
ORD-100396,2026-03-09,Ekaterinburg,offline,Electronics,SMB,1,12930.36,0.073,11990.84,8792.64,0
ORD-100397,2026-03-09,Saint Petersburg,online,Software,B2C,1,13897.58,0.113,12325.54,5281.08,0
ORD-100398,2026-03-09,Ekaterinburg,offline,Electronics,B2C,2,15154.57,0.127,26446.82,20610.22,0
ORD-100399,2026-03-09,Moscow,marketplace,Accessories,B2C,1,2415.84,0.084,2214.04,1087.13,0
ORD-100400,2026-03-09,Saint Petersburg,partner,Software,B2C,1,16578.46,0.081,15230.32,6299.81,0
ORD-100401,2026-03-09,Ekaterinburg,online,Home,SMB,2,7586.81,0.143,12998.03,9407.64,0
ORD-100402,2026-03-09,Novosibirsk,online,Electronics,B2B,1,20239.39,0.108,18052.9,13762.79,0
ORD-100403,2026-03-09,Ekaterinburg,offline,Electronics,B2C,2,14360.98,0.114,25456.44,19530.93,0
ORD-100404,2026-03-10,Ekaterinburg,marketplace,Home,B2C,2,8545.97,0.182,13973.28,10597.0,0
ORD-100405,2026-03-10,Moscow,online,Electronics,B2C,1,14087.42,0.106,12592.61,9579.45,0
ORD-100406,2026-03-10,Moscow,offline,Home,B2C,4,6954.74,0.113,24686.82,17247.76,0
ORD-100407,2026-03-10,Novosibirsk,marketplace,Software,B2C,1,8545.58,0.12,7517.11,3247.32,0
ORD-100408,2026-03-10,Rostov-on-Don,online,Home,B2C,1,7162.88,0.12,6302.61,4440.99,0
ORD-100409,2026-03-10,Moscow,marketplace,Accessories,B2C,3,3343.33,0.175,8270.72,4513.5,0
ORD-100410,2026-03-10,Saint Petersburg,offline,Home,SMB,1,7317.86,0.087,6683.64,4537.07,0
ORD-100411,2026-03-10,Moscow,online,ACCESSORIES,SMB,3,9710.48,0.053,27601.34,11069.95,0
ORD-100412,2026-03-11,Novosibirsk,online,Software,Enterprise,2,9894.79,0.092,17969.53,7520.04,0
ORD-100413,2026-03-11,Kazan,marketplace,Accessories,SMB,3,2901.95,0.116,7700.24,3917.63,0
ORD-100414,2026-03-11,Moscow,marketplace,,B2C,4,6712.88,0.146,22932.83,15305.37,0
ORD-100415,2026-03-11,Novosibirsk,offline,Software,B2B,2,8826.21,0.136,15244.93,6707.92,0
ORD-100416,2026-03-11,Ekaterinburg,online,Accessories,SMB,4,2447.74,0.106,8753.0,4405.93,0
ORD-100417,2026-03-11,Saint Petersburg,offline,Office,B2C,3,8841.79,0.142,22748.57,15119.46,0
ORD-100418,2026-03-11,Kazan,online,Office,SMB,1,7404.82,0.128,6457.54,4220.75,0
ORD-100419,2026-03-11,Moscow,partner,Office,SMB,1,9120.49,0.116,8061.04,5198.68,0
ORD-100420,2026-03-12,Kazan,marketplace,Software,B2C,1,13812.98,0.097,12478.08,5248.93,0
ORD-100421,2026-03-12,Kazan,marketplace,Accessories,B2C,2,3040.14,0.154,5144.98,2736.13,0
ORD-100422,2026-03-12,Novosibirsk,offline,Accessories,B2C,1,2917.84,0.082,2678.91,1313.03,0
ORD-100423,2026-03-12,Saint Petersburg,online,Accessories,B2C,1,2687.81,0.088,2452.15,1209.51,0
ORD-100424,2026-03-12,Saint Petersburg,marketplace,Electronics,B2C,2,15305.95,0.146,26127.86,20816.09,0
ORD-100425,2026-03-13,Moscow,marketplace,Software,B2B,2,7777.03,0.113,13800.73,5910.54,0
ORD-100426,2026-03-13,Moscow,marketplace,Accessories,B2C,2,2188.4,0.142,3754.16,1969.56,0
ORD-100427,2026-03-13,Ekaterinburg,online,Accessories,B2C,1,2277.12,0.18,1868.29,1024.7,0
ORD-100428,2026-03-13,Novosibirsk,offline,Accessories,SMB,2,2212.61,0.17,3672.23,1991.35,0
ORD-100429,2026-03-13,Moscow,marketplace,Electronics,B2B,4,19047.85,0.215,59781.19,51810.15,0
ORD-100430,2026-03-13,Ekaterinburg,marketplace,Accessories,B2B,2,3162.73,0.132,5493.5,2846.46,0
ORD-100431,2026-03-13,Novosibirsk,offline,Office,B2C,1,9086.25,0.119,8005.08,5179.16,0
ORD-100432,2026-03-13,Novosibirsk,partner,Home,B2B,1,9041.54,0.137,7806.26,5605.75,0
ORD-100433,2026-03-14,Saint Petersburg,offline,Home,B2B,2,7292.31,0.167,12149.23,9042.46,0
ORD-100434,2026-03-14,Novosibirsk,marketplace,Office,B2B,1,8193.95,0.188,6657.35,4670.55,0
ORD-100435,2026-03-14,Ekaterinburg,online,Electronics,SMB,4,14071.21,0.12,49529.85,38273.69,0
ORD-100436,2026-03-14,Saint Petersburg,offline,Accessories,SMB,1,2453.68,0.084,2247.34,1104.16,0
ORD-100437,2026-03-14,Moscow,partner,Software,SMB,1,13690.88,0.118,12072.99,5202.53,0
ORD-100438,2026-03-14,Novosibirsk,online,Electronics,B2C,4,22410.26,0.133,77734.56,60955.91,0
ORD-100439,2026-03-14,Kazan,marketplace,Accessories,B2C,3,2333.56,0.151,5946.65,3150.31,0
ORD-100440,2026-03-15,Moscow,offline,Accessories,B2C,1,2993.63,0.071,2782.51,1347.13,0
ORD-100441,2026-03-15,Rostov-on-Don,offline,Home,B2C,2,7024.45,0.052,13316.96,8710.32,0
ORD-100442,2026-03-15,Moscow,offline,Home,Enterprise,1,9542.12,0.131,8295.4,5916.11,0
ORD-100443,2026-03-15,Moscow,online,Accessories,SMB,1,1732.26,0.103,1554.29,779.52,0
ORD-100444,2026-03-16,Moscow,marketplace,Office,B2C,1,13259.62,0.219,10353.0,7557.98,0
ORD-100445,2026-03-16,Kazan,online,Electronics,B2B,3,17490.54,0.182,42909.33,35680.7,0
ORD-100446,2026-03-16,Novosibirsk,online,Office,B2B,1,9401.78,0.099,8469.85,5359.01,0
ORD-100447,2026-03-16,Moscow,online,Electronics,SMB,4,13361.93,0.134,46284.44,36344.45,0
ORD-100448,2026-03-16,Saint Petersburg,online,Home,B2C,3,8923.35,0.136,23139.4,16597.43,0
ORD-100449,2026-03-16,Saint Petersburg,offline,Software,B2C,2,10622.81,0.09,19337.5,8073.34,0
ORD-100450,2026-03-16,Novosibirsk,online,Home,B2C,1,6954.13,0.039,6685.65,4311.56,0
ORD-100451,2026-03-16,Kazan,online,Home,SMB,5,8222.26,0.067,38350.17,25489.01,0
ORD-100452,2026-03-16,Novosibirsk,online,Electronics,B2C,2,13146.96,0.141,22583.73,17879.87,0
ORD-100453,2026-03-16,Ekaterinburg,marketplace,Electronics,B2C,4,16950.31,0.111,60249.61,46104.84,0
ORD-100454,2026-03-17,Ekaterinburg,offline,Electronics,B2C,3,19626.67,0.107,52588.37,40038.41,0
ORD-100455,2026-03-17,Ekaterinburg,online,Electronics,B2C,2,18582.75,0.099,33496.26,25272.54,0
ORD-100456,2026-03-17,Moscow,online,Home,B2C,2,6125.96,0.162,10270.32,7596.19,0
ORD-100457,2026-03-17,Kazan,marketplace,Electronics,Enterprise,1,14044.7,0.22,10949.97,9550.4,0
ORD-100458,2026-03-17,Ekaterinburg,online,Home,B2C,2,7225.62,0.064,13521.39,8959.77,0
ORD-100459,2026-03-17,Moscow,online,Accessories,SMB,4,2741.71,0.171,9087.07,4935.08,0
ORD-100460,2026-03-18,Novosibirsk,offline,Software,SMB,2,12179.81,0.083,22349.14,9256.66,0
ORD-100461,2026-03-18,Rostov-on-Don,offline,Home,B2B,1,4927.79,0.163,4126.02,3055.23,0
ORD-100462,2026-03-18,Moscow,offline,Software,B2C,1,13592.43,0.112,12070.55,5165.12,0
ORD-100463,2026-03-18,Ekaterinburg,marketplace,Software,B2C,1,9448.89,0.143,8100.67,3590.58,0
ORD-100464,2026-03-18,Rostov-on-Don,online,Accessories,SMB,1,2470.4,0.139,2126.79,1111.68,0
ORD-100465,2026-03-18,Novosibirsk,online,Office,Enterprise,4,11895.53,0.124,41665.2,27121.81,0
ORD-100466,2026-03-18,Kazan,online,Software,SMB,2,10100.65,0.093,18314.39,7676.49,0
ORD-100467,2026-03-18,Rostov-on-Don,online,Accessories,B2C,5,2577.81,0.15,10952.78,5800.07,0
ORD-100468,2026-03-19,Novosibirsk,online,Accessories,SMB,2,2567.84,0.158,4325.74,2311.06,0
ORD-100469,2026-03-19,Moscow,offline,Electronics,SMB,2,13783.71,0.128,24030.37,18745.85,0
ORD-100470,2026-03-19,Saint Petersburg,offline,Accessories,B2B,1,2509.36,0.131,2180.86,1129.21,0
ORD-100471,2026-03-19,Kazan,marketplace,Electronics,B2C,1,19068.55,0.118,16824.39,12966.61,0
ORD-100472,2026-03-19,Novosibirsk,marketplace,Accessories,SMB,4,2628.06,0.197,8441.28,4730.51,0
ORD-100473,2026-03-19,Moscow,offline,Office,SMB,2,8466.21,0.108,15097.69,9651.48,0
ORD-100474,2026-03-19,Kazan,online,Software,B2C,1,14612.89,0.115,12931.62,5552.9,0
ORD-100475,2026-03-19,Novosibirsk,offline,Accessories,B2C,4,1752.97,0.062,6578.03,3155.35,0
ORD-100476,2026-03-20,Moscow,offline,Office,SMB,4,9885.22,0.053,37452.91,22538.3,0
ORD-100477,2026-03-20,Moscow,offline,Home,B2C,3,7303.69,0.072,20333.23,13584.86,0
ORD-100478,2026-03-20,Ekaterinburg,marketplace,Accessories,B2C,1,2175.99,0.167,1812.34,979.2,0
ORD-100479,2026-03-21,Moscow,marketplace,Home,B2C,2,5787.72,0.125,10123.1,7176.77,0
ORD-100480,2026-03-21,Moscow,offline,Office,B2B,1,7351.13,0.098,6627.8,4190.14,0
ORD-100481,2026-03-21,Saint Petersburg,online,Software,B2B,2,13197.08,0.156,22272.91,10029.78,0
ORD-100482,2026-03-21,Kazan,marketplace,Software,B2C,1,12713.31,0.116,11234.99,4831.06,0
ORD-100483,2026-03-21,Moscow,offline,Software,SMB,3,9525.49,0.07,26573.36,10859.06,0
ORD-100484,2026-03-21,Kazan,marketplace,Home,SMB,2,6562.59,0.123,11510.35,8137.61,0
ORD-100485,2026-03-21,Ekaterinburg,partner,Accessories,B2C,3,2236.96,0.21,5299.94,3019.9,0
ORD-100486,2026-03-21,Saint Petersburg,online,Electronics,SMB,4,14116.77,0.107,50424.9,38397.61,0
ORD-100487,2026-03-21,Ekaterinburg,offline,Office,B2B,1,6880.5,0.02,6744.17,3921.88,0
ORD-100488,2026-03-21,Saint Petersburg,marketplace,Home,B2C,1,8955.9,0.172,7415.73,5552.66,0
ORD-100489,2026-03-22,Novosibirsk,online,Home,Enterprise,2,6899.82,0.112,12251.43,8555.78,0
ORD-100490,2026-03-22,Kazan,offline,Office,B2C,1,8184.48,0.107,7305.26,4665.15,0
ORD-100491,2026-03-22,Moscow,offline,Accessories,B2C,2,2517.32,0.146,4297.52,2265.59,0
ORD-100492,2026-03-22,Rostov-on-Don,marketplace,Accessories,B2C,1,1912.6,0.178,1571.34,860.67,0
ORD-100493,2026-03-22,Saint Petersburg,online,Accessories,B2B,2,2468.97,0.143,4232.78,2222.07,0
ORD-100494,2026-03-22,Saint Petersburg,offline,Accessories,B2C,1,2615.31,0.161,2193.67,1176.89,0
ORD-100495,2026-03-22,Rostov-on-Don,online,Accessories,SMB,1,2517.63,0.141,2161.69,1132.93,0
ORD-100496,2026-03-22,Novosibirsk,online,Software,SMB,1,16751.67,0.157,14116.77,6365.63,0
ORD-100497,2026-03-22,Novosibirsk,partner,Electronics,SMB,1,13540.63,0.188,10989.97,9207.63,0
ORD-100498,2026-03-22,Moscow,marketplace,Home,B2B,1,7000.7,0.125,6123.3,4340.43,0
ORD-100499,2026-03-23,Saint Petersburg,marketplace,Office,B2C,5,8893.45,0.112,39470.09,25346.33,1
ORD-100500,2026-03-23,Kazan,online,Electronics,B2B,1,13978.86,0.101,12564.78,9505.62,0
ORD-100501,2026-03-23,Saint Petersburg,offline,Accessories,B2C,2,1886.07,0.166,3144.27,1697.46,0
ORD-100502,2026-03-23,Moscow,offline,Electronics,B2C,1,15735.94,0.139,13546.98,10700.44,0
ORD-100503,2026-03-23,Moscow,partner,Home,B2C,3,7659.75,0.152,19482.9,14247.14,0
ORD-100504,2026-03-23,Kazan,marketplace,Software,SMB,1,9412.63,0.12,8281.22,3576.8,0
ORD-100505,2026-03-23,Novosibirsk,offline,Electronics,B2B,2,14617.68,0.143,25065.69,19880.04,0
ORD-100506,2026-03-24,Moscow,marketplace,Electronics,Enterprise,1,12296.77,0.102,11040.59,8361.8,0
ORD-100507,2026/04/31,Ekaterinburg,offline,Home,SMB,4,6240.5,0.132,21658.57,15476.44,0
ORD-100508,2026-03-24,Moscow,marketplace,Electronics,B2C,2,10958.59,0.09,19950.46,14903.68,0
ORD-100509,2026-03-24,Moscow,online,Home,B2C,2,6818.03,0.153,11549.56,8454.36,0
ORD-100510,2026-03-24,Kazan,partner,Home,B2C,1,9011.19,0.119,7935.86,5586.94,0
ORD-100511,2026-03-24,Ekaterinburg,online,Software,B2C,1,16084.96,0.142,13799.99,6112.28,0
ORD-100512,2026-03-24,Saint Petersburg,marketplace,Electronics,B2C,1,18355.15,0.213,14453.13,12481.5,0
ORD-100513,2026-03-25,Moscow,marketplace,Accessories,B2C,2,2755.13,0.117,4868.18,2479.62,0
ORD-100514,2026-03-25,Moscow,offline,Office,Enterprise,2,10521.08,0.158,17709.12,11994.03,0
ORD-100515,2026-03-25,Kazan,offline,Accessories,B2B,1,2178.64,0.151,1850.05,980.39,0
ORD-100516,2026-03-25,Saint Petersburg,online,Office,B2C,1,10825.37,0.039,10405.09,6170.46,0
ORD-100517,2026-03-25,Moscow,partner,Office,Enterprise,2,11311.36,0.112,20079.16,12894.95,0
ORD-100518,2026-03-25,Moscow,online,Home,B2C,2,6406.27,0.125,11215.23,7943.77,0
ORD-100519,2026-03-25,,online,Home,B2C,1,7252.2,0.023,7088.34,4496.36,0
ORD-100520,2026-03-25,Moscow,marketplace,Accessories,SMB,1,2672.88,0.114,2367.44,1202.8,0
ORD-100521,2026-03-26,Kazan,online,Home,B2C,1,6211.23,0.104,5562.73,3850.96,0
ORD-100522,2026-03-26,Ekaterinburg,marketplace,Home,B2C,1,5848.31,0.137,5046.77,3625.95,0
ORD-100523,2026-03-26,Saint Petersburg,marketplace,Software,B2C,3,12699.97,0.155,32205.15,14477.97,0
ORD-100524,2026-03-26,Moscow,marketplace,Office,SMB,3,11606.45,0.18,28556.2,19847.03,0
ORD-100525,2026-03-26,Ekaterinburg,online,Office,B2C,3,4691.72,0.095,12738.41,8022.84,0
ORD-100526,2026-03-26,Moscow,online,Accessories,B2B,1,3004.27,0.091,2729.66,1351.92,0
ORD-100527,2026-03-26,Moscow,marketplace,Accessories,SMB,1,2983.32,0.173,2466.85,1342.49,0
ORD-100528,2026-03-26,Moscow,marketplace,Home,B2C,1,7298.76,0.105,6529.58,4525.23,0
ORD-100529,2026-03-26,Moscow,online,Electronics,B2B,4,20033.7,0.109,71405.37,54491.66,0
ORD-100530,2026-03-26,Ekaterinburg,marketplace,Accessories,B2C,1,3288.03,0.15,2795.7,1479.61,0
ORD-100531,2026-03-27,Saint Petersburg,marketplace,Electronics,B2C,1,15008.01,0.098,13539.64,10205.45,0
ORD-100532,2026-03-27,Kazan,online,Office,B2C,4,6737.45,0.064,25228.68,15361.39,0
ORD-100533,2026-03-27,Saint Petersburg,marketplace,Office,B2B,2,9829.23,0.11,17499.78,11205.32,0
ORD-100534,2026-03-27,Saint Petersburg,offline,Accessories,B2C,1,3314.43,0.095,3000.06,1491.49,0
ORD-100535,2026-03-27,Ekaterinburg,online,Accessories,B2C,1,2411.47,0.126,2107.18,1085.16,0
ORD-100536,2026-03-27,Rostov-on-Don,online,Electronics,B2C,1,16262.68,0.119,14319.37,11058.62,0
ORD-100537,2026-03-27,Saint Petersburg,offline,Home,B2B,1,7366.64,0.173,6095.47,4567.32,1
ORD-100538,2026-03-28,Novosibirsk,offline,Software,B2B,1,11813.89,0.026,11507.29,4489.28,0
ORD-100539,2026-03-28,Moscow,offline,Accessories,B2B,3,2591.74,0.096,7028.0,3498.85,0
ORD-100540,2026-03-28,Moscow,online,Office,B2C,1,8272.95,0.067,7721.35,4715.58,0
ORD-100541,2026-03-28,Kazan,marketplace,Office,SMB,2,8283.51,0.086,15143.19,9443.2,0
ORD-100542,2026-03-28,Kazan,offline,Accessories,B2B,2,1651.98,0.055,3121.27,1486.78,0
ORD-100543,2026-03-28,Rostov-on-Don,marketplace,Office,B2C,2,10196.05,0.101,18339.71,11623.5,0
ORD-100544,2026-03-28,Kazan,marketplace,Home,B2C,2,7024.13,0.122,12340.9,8709.92,0
ORD-100545,2026-03-29,Moscow,online,Software,B2C,3,15975.51,0.12,42170.5,18212.08,0
ORD-100546,2026-03-29,Kazan,offline,Home,Enterprise,1,8148.29,0.119,7180.2,5051.94,0
ORD-100547,2026-03-29,Kazan,online,Home,SMB,1,4722.92,0.163,3954.69,2928.21,0
ORD-100548,2026-03-29,Novosibirsk,online,Accessories,SMB,2,1628.29,0.07,3029.4,1465.46,0
ORD-100549,2026-03-30,Kazan,online,Accessories,B2C,3,2021.19,0.17,5031.48,2728.61,0
ORD-100550,2026-03-30,Novosibirsk,online,Software,B2B,2,15734.64,0.115,27851.03,11958.33,0
ORD-100551,2026-03-30,Moscow,offline,Home,B2C,2,7074.03,0.123,12412.61,8771.8,0
ORD-100552,2026-03-30,Saint Petersburg,offline,Home,B2B,1,6687.88,0.149,5692.65,4146.49,0
ORD-100553,2026-03-30,Kazan,online,Electronics,B2C,1,11034.61,0.109,9829.52,7503.53,0
ORD-100554,2026-03-31,Saint Petersburg,marketplace,Office,B2C,2,9384.37,0.094,17011.47,10698.18,0
ORD-100555,2026-03-31,Rostov-on-Don,online,Home,B2B,1,6358.21,0.139,5476.46,3942.09,0
ORD-100556,2026-03-31,Moscow,partner,Electronics,B2B,5,14488.46,0.118,63895.81,49260.76,1
ORD-100557,2026-03-31,Moscow,online,Accessories,SMB,3,2614.68,0.119,6913.02,3529.82,0
ORD-100558,2026-03-31,Novosibirsk,marketplace,Software,B2C,2,13807.89,0.149,23493.02,10494.0,0
ORD-100559,2026-03-31,Moscow,offline,Office,B2C,2,9381.23,0.088,17109.63,10694.6,0
ORD-100560,2026-03-31,Kazan,marketplace,Electronics,B2C,2,14922.19,0.22,23282.38,20294.18,0
ORD-100561,2026-04-01,Moscow,marketplace,Home,B2B,4,9514.7,0.202,29282.39,23596.46,0
ORD-100562,2026-04-01,Moscow,marketplace,Electronics,B2B,2,12812.54,0.206,19371.76,17425.05,0
ORD-100563,2026-04-01,Saint Petersburg,online,Home,B2C,1,6346.9,0.129,5626.56,3935.08,0
ORD-100564,2026-04-02,Rostov-on-Don,marketplace,Software,B2C,2,11766.34,0.227,17052.48,8942.42,0
ORD-100565,2026-04-02,Kazan,offline,Software,B2C,1,15290.24,0.237,11195.77,5810.29,0
ORD-100566,2026-04-02,Moscow,offline,Electronics,SMB,4,14369.44,0.208,42875.46,39084.88,0
ORD-100567,2026-04-02,Moscow,partner,Software,Enterprise,1,7075.14,0.116,5885.63,2688.55,0
ORD-100568,2026-04-02,Ekaterinburg,marketplace,Software,SMB,1,10017.19,0.23,7825.36,3806.53,0
ORD-100569,2026-04-03,Moscow,partner,Electronics,B2B,2,13047.88,0.115,21957.01,17745.12,1
ORD-100570,2026-04-03,Novosibirsk,online,Electronics,SMB,2,14916.51,0.129,25060.09,20286.45,0
ORD-100571,2026-04-03,Moscow,offline,Electronics,Enterprise,4,17944.31,0.141,61047.32,48808.52,0
ORD-100572,2026-04-03,Moscow,partner,Electronics,B2C,2,13799.28,0.076,25760.62,18767.02,0
ORD-100573,2026-04-04,Saint Petersburg,partner,Accessories,B2B,2,2057.1,0.102,3450.45,1851.39,0
ORD-100574,2026-04-04,Novosibirsk,marketplace,Office,B2C,2,9981.42,0.178,16386.4,11378.82,0
ORD-100575,2026-04-04,Saint Petersburg,marketplace,Electronics,SMB,1,17204.97,0.235,13313.32,11699.38,0
ORD-100576,2026-04-04,Moscow,offline,Accessories,B2C,2,2945.63,0.119,5010.47,2651.07,0
ORD-100577,2026-04-04,Saint Petersburg,marketplace,Electronics,SMB,4,18150.65,0.211,54089.43,49369.77,0
ORD-100578,2026-04-04,Ekaterinburg,offline,Electronics,B2C,2,14866.14,0.042,28047.46,20217.95,0
ORD-100579,2026-04-05,Moscow,online,Electronics,SMB,4,16844.3,0.169,55944.68,45816.5,0
ORD-100580,2026-04-05,Ekaterinburg,partner,Home,B2C,1,9573.42,0.089,8109.27,5935.52,0
ORD-100581,2026-04-05,Saint Petersburg,offline,Electronics,SMB,2,13987.91,0.151,23494.49,19023.56,0
ORD-100582,2026-04-05,Kazan,online,Office,SMB,1,7312.05,0.096,6267.95,4167.87,0
ORD-100583,2026-04-05,Saint Petersburg,online,Electronics,B2C,2,13942.23,0.128,22796.73,18961.43,0
ORD-100584,2026-04-05,Moscow,online,Software,B2B,2,9505.27,0.127,16869.16,7224.01,0
ORD-100585,2026-04-05,Moscow,marketplace,Home,B2C,4,7907.5,0.141,25420.93,19610.6,0
ORD-100586,2026-04-05,Novosibirsk,online,Electronics,B2C,1,16253.75,0.163,13345.37,11052.55,0
ORD-100587,2026-04-05,Moscow,marketplace,Office,B2B,3,9016.18,0.162,21616.98,15417.67,0
ORD-100588,2026-04-05,Rostov-on-Don,offline,Accessories,B2C,3,1682.58,0.151,4326.21,2271.48,0
ORD-100589,2026-04-06,Moscow,offline,Electronics,B2C,3,19277.0,0.009,55456.37,39325.08,0
ORD-100590,2026-04-06,Kazan,online,Office,B2C,1,9866.5,0.117,8501.68,5623.9,0
ORD-100591,2026-04-06,Ekaterinburg,online,Electronics,SMB,2,17760.06,0.155,28822.57,24153.68,0
ORD-100592,2026-04-06,Rostov-on-Don,marketplace,Accessories,B2B,2,1837.93,0.126,3083.48,1654.14,0
ORD-100593,2026-04-06,Ekaterinburg,marketplace,Office,B2C,3,8652.39,0.216,20394.53,14795.59,0
ORD-100594,2026-04-06,Rostov-on-Don,online,Home,B2C,5,5303.6,0.095,23549.17,16441.16,0
ORD-100595,2026-04-07,Ekaterinburg,marketplace,Software,B2C,1,9829.46,0.196,8025.5,3735.19,0
ORD-100596,2026-04-07,Moscow,marketplace,Home,SMB,4,6734.33,0.187,20735.74,16701.14,0
ORD-100597,2026-04-07,Kazan,marketplace,Accessories,B2C,4,2964.73,0.109,9952.58,5336.51,0
ORD-100598,2026-04-07,Ekaterinburg,offline,Office,B2C,4,8615.05,0.1,29072.69,19642.31,0
ORD-100599,2026-04-07,Kazan,marketplace,Electronics,B2C,2,13686.68,0.254,19496.75,18613.88,0
ORD-100600,2026-04-07,Moscow,online,Office,B2C,1,8028.7,0.116,6729.0,4576.36,0
ORD-100601,2026-04-07,Moscow,marketplace,Home,B2C,1,8565.68,0.201,6446.62,5310.72,0
ORD-100602,2026-04-08,Moscow,offline,Electronics,B2C,2,11426.3,0.108,20237.79,15539.77,0
ORD-100603,2026-04-08,Novosibirsk,marketplace,Home,B2B,2,9086.69,0.172,14168.79,11267.5,0
ORD-100604,2026-04-08,Saint Petersburg,offline,Software,B2B,3,10468.67,0.156,25177.19,11934.28,0
ORD-100605,2026-04-08,Rostov-on-Don,online,Accessories,B2B,2,2724.62,0.07,4921.47,2452.16,1
ORD-100606,2026-04-08,Saint Petersburg,offline,Office,B2C,3,8792.7,0.137,21375.26,15035.52,0
ORD-100607,2026-04-08,Saint Petersburg,offline,Accessories,SMB,2,2122.55,0.174,3456.46,1910.3,0
ORD-100608,2026-04-08,Saint Petersburg,online,Software,SMB,2,12494.06,0.108,22302.97,9495.49,0
ORD-100609,2026-04-08,Ekaterinburg,online,Home,Enterprise,2,5318.41,0.154,8738.62,6594.83,0
ORD-100610,2026-04-09,Saint Petersburg,offline,Home,B2B,2,7476.95,1.25,13035.37,9271.42,0
ORD-100611,2026-04-09,Moscow,offline,Electronics,SMB,3,16188.29,0.091,42844.05,33024.11,0
ORD-100612,2026-04-09,Saint Petersburg,online,Accessories,SMB,1,2686.73,0.092,2470.5,1209.03,0
ORD-100613,2026-04-09,Rostov-on-Don,partner,Accessories,B2B,2,1628.94,0.145,2804.48,1466.05,0
ORD-100614,2026-04-09,Rostov-on-Don,online,Software,B2B,5,13357.44,0.171,51664.04,25379.14,0
ORD-100615,2026-04-09,Kazan,marketplace,Accessories,B2C,2,2567.01,0.191,4178.39,2310.31,0
ORD-100616,2026-04-09,Moscow,marketplace,Office,B2C,1,8931.73,0.186,7396.44,5091.09,0
ORD-100617,2026-04-10,Rostov-on-Don,marketplace,Software,Enterprise,2,9823.27,0.213,14695.85,7465.69,0
ORD-100618,2026-04-10,Saint Petersburg,marketplace,Electronics,SMB,1,19379.84,0.138,15586.95,13178.29,0
ORD-100619,2026-04-10,Kazan,partner,Home,B2C,3,4538.66,0.137,11722.99,8441.91,0
ORD-100620,2026-04-10,Kazan,offline,Office,B2C,2,8188.77,0.099,14630.69,9335.2,0
ORD-100621,2026-04-10,Kazan,partner,Office,B2B,1,5934.99,0.175,4807.85,3382.94,0
ORD-100622,2026-04-10,Rostov-on-Don,online,Home,B2C,2,6122.77,0.13,10655.76,7592.23,0
ORD-100623,2026-04-10,Kazan,offline,Accessories,B2B,1,2491.61,0.141,2084.77,1121.22,0
ORD-100624,2026-04-11,Kazan,online,Home,B2C,3,4802.0,0.097,12967.53,8931.72,0
ORD-100625,2026-04-11,Moscow,marketplace,Home,B2C,1,6677.95,0.207,5205.96,4140.33,0
ORD-100626,2026-04-11,Ekaterinburg,offline,Software,B2C,2,11803.65,0.126,20259.69,8970.77,0
ORD-100627,2026-04-11,Moscow,marketplace,Electronics,B2C,2,12760.92,0.214,19073.41,17354.85,0
ORD-100628,2026-04-11,Moscow,offline,Home,B2C,1,7362.07,0.112,6262.26,4564.48,0
ORD-100629,2026-04-12,Kazan,partner,Software,B2C,4,13228.01,0.122,44325.29,20106.58,0
ORD-100630,2026-04-12,Saint Petersburg,marketplace,Accessories,SMB,3,2248.53,0.163,5602.03,3035.52,0
ORD-100631,2026-04-12,Ekaterinburg,marketplace,Office,B2C,1,10976.13,0.197,8346.11,6256.39,1
ORD-100632,2026-04-13,Ekaterinburg,marketplace,Software,Enterprise,3,11715.64,0.183,28391.04,13355.83,0
ORD-100633,2026-04-13,Rostov-on-Don,marketplace,Office,B2B,1,5574.59,0.211,4198.37,3177.52,0
ORD-100634,2026-04-13,Ekaterinburg,online,Software,B2C,1,12359.66,0.111,10544.32,4696.67,0
ORD-100635,2026-04-14,Saint Petersburg,partner,Office,B2B,1,8548.07,0.151,7250.43,4872.4,0
ORD-100636,2026-04-14,Rostov-on-Don,marketplace,Accessories,B2C,1,2191.96,0.169,1840.7,986.38,0
ORD-100637,2026-04-14,Rostov-on-Don,marketplace,Accessories,B2C,2,2985.85,0.156,5112.04,2687.26,0
ORD-100638,2026-04-14,Novosibirsk,marketplace,Office,SMB,2,13744.91,0.203,21495.26,15669.2,0
ORD-100639,2026-04-14,Ekaterinburg,offline,Home,B2B,5,8312.33,0.177,34782.38,25768.22,0
ORD-100640,2026-04-14,Ekaterinburg,offline,Office,B2C,1,8668.73,0.167,7165.03,4941.18,0
ORD-100641,2026-04-15,Novosibirsk,offline,Office,B2C,1,15161.45,0.171,11954.67,8642.03,0
ORD-100642,2026-04-15,Ekaterinburg,offline,Accessories,Enterprise,3,2580.08,0.148,6330.84,3483.11,0
ORD-100643,2026-04-15,Saint Petersburg,online,Accessories,B2B,2,3345.68,0.12,5758.69,3011.11,0
ORD-100644,2026-04-15,Moscow,marketplace,Home,B2C,1,8459.81,0.142,7177.94,5245.08,1
ORD-100645,2026-04-15,Rostov-on-Don,marketplace,Accessories,B2C,3,2583.6,0.188,6187.27,3487.86,0
ORD-100646,2026-04-15,Moscow,online,Electronics,SMB,3,14806.94,0.162,36923.0,30206.16,0
ORD-100647,2026-04-15,Rostov-on-Don,online,Home,B2C,1,7929.6,0.162,6629.89,4916.35,0
ORD-100648,2026-04-15,Moscow,online,Home,B2B,1,7454.59,0.095,6500.4,4621.85,0
ORD-100649,2026-04-15,Moscow,online,Software,Enterprise,2,10532.67,0.132,18149.2,8004.83,0
ORD-100650,2026-04-15,Moscow,online,Office,B2C,2,9571.46,0.175,15675.85,10911.46,0
ORD-100651,2026-04-16,Moscow,marketplace,Accessories,B2C,1,2225.34,0.2,1754.67,1001.4,0
ORD-100652,2026-04-16,Kazan,offline,Software,B2B,1,12998.01,0.156,10344.8,4939.24,0
ORD-100653,2026-04-16,Saint Petersburg,online,Software,Enterprise,1,11025.94,0.171,8710.93,4189.86,0
ORD-100654,2026-04-16,Saint Petersburg,online,Software,B2C,2,12286.53,0.158,20197.69,9337.76,0
ORD-100655,2026-04-16,Saint Petersburg,offline,Home,B2C,3,7731.6,0.133,18906.75,14380.78,0
ORD-100656,2026-04-16,Saint Petersburg,online,Home,SMB,1,6637.59,0.143,5512.16,4115.31,0
ORD-100657,2026-04-16,Moscow,online,Accessories,B2C,1,2275.03,0.175,1803.1,1023.76,1
ORD-100658,2026-04-16,Moscow,online,Office,B2C,1,9578.23,0.122,8045.57,5459.59,0
ORD-100659,2026-04-16,Rostov-on-Don,partner,Accessories,B2B,2,2558.96,0.191,4172.53,2303.06,0
ORD-100660,2026-04-16,Saint Petersburg,online,Office,B2C,4,9524.87,0.193,31172.52,21716.7,0
ORD-100661,2026-04-16,Rostov-on-Don,offline,Software,B2C,5,11734.83,0.103,50970.27,22296.18,0
ORD-100662,2026-04-17,Moscow,offline,Office,B2C,3,10367.74,0.143,25487.41,17728.84,0
ORD-100663,2026-04-17,Saint Petersburg,online,Electronics,SMB,3,15989.08,0.141,40001.27,32617.72,0
ORD-100664,2026-04-17,Saint Petersburg,marketplace,Software,B2C,2,9133.34,0.105,16527.62,6941.34,0
ORD-100665,2026-04-17,Saint Petersburg,online,Electronics,Enterprise,2,17398.61,0.082,29930.37,23662.11,0
ORD-100666,2026-04-17,Moscow,partner,Accessories,B2B,4,2829.11,0.175,9208.32,5092.4,0
ORD-100667,2026-04-17,Kazan,online,Electronics,SMB,1,18111.94,0.147,14533.94,12316.12,0
ORD-100668,2026-04-17,Kazan,partner,Software,B2C,3,12309.69,0.187,29764.7,14033.05,0
ORD-100669,2026-04-17,Saint Petersburg,offline,Electronics,B2B,1,14916.68,0.092,13250.67,10143.34,0
ORD-100670,2026-04-18,Rostov-on-Don,marketplace,Accessories,Enterprise,1,2887.45,0.136,2521.14,1299.35,0
ORD-100671,2026-04-18,Moscow,online,Software,B2B,2,13852.24,0.116,24167.34,10527.7,0
ORD-100672,2026-04-18,Kazan,online,Software,B2C,2,10898.09,0.124,17869.15,8282.55,0
ORD-100673,2026-04-18,Rostov-on-Don,offline,Home,B2C,1,6319.47,0.122,5457.86,3918.07,0
ORD-100674,2026-04-18,Saint Petersburg,online,Software,B2C,3,12791.45,0.177,-3500,14582.25,0
ORD-100675,2026-04-18,Moscow,online,Accessories,B2C,1,3130.71,0.121,2629.76,1408.82,0
ORD-100676,2026-04-18,Ekaterinburg,marketplace,Software,B2C,1,13822.16,0.175,10869.03,5252.42,0
ORD-100677,2026-04-18,Moscow,online,Office,B2C,1,8513.08,0.144,6974.11,4852.46,0
ORD-100678,2026-04-18,Saint Petersburg,online,Office,B2C,1,12299.73,0.152,10618.78,7010.85,0
ORD-100679,2026-04-19,Moscow,partner,Office,Enterprise,2,10829.79,0.191,16988.94,12345.96,0
ORD-100680,2026-04-19,Rostov-on-Don,online,Accessories,B2B,1,1796.82,0.194,1358.17,808.57,1
ORD-100681,2026-04-19,Kazan,online,Accessories,Enterprise,1,3053.95,0.157,2497.41,1374.28,0
ORD-100682,2026-04-19,Kazan,online,Electronics,B2C,2,21903.68,0.12,37123.79,29789.0,0
ORD-100683,2026-04-19,Saint Petersburg,online,Software,B2C,1,16355.26,0.139,13214.32,6215.0,0
ORD-100684,2026-04-19,Rostov-on-Don,marketplace,Office,B2C,4,11264.62,0.197,35559.35,25683.33,1
ORD-100685,2026-04-19,Saint Petersburg,marketplace,Electronics,Enterprise,1,20686.87,0.148,17045.96,14067.07,0
ORD-100686,2026-04-19,Kazan,marketplace,Office,SMB,2,10156.28,0.224,15835.53,11578.16,0
ORD-100687,2026-04-19,Kazan,offline,Home,B2C,1,6749.39,0.25,4925.15,4184.62,0
ORD-100688,2026-04-19,Saint Petersburg,offline,Software,B2B,1,13273.59,0.172,11205.16,5043.96,0
ORD-100689,2026-04-20,Kazan,marketplace,Accessories,B2B,2,2422.06,0.167,3963.2,2179.85,0
ORD-100690,2026-04-20,Moscow,online,Electronics,SMB,1,17190.8,0.177,13686.86,11689.74,0
ORD-100691,2026-04-20,Moscow,offline,Home,Enterprise,2,7082.68,0.125,11636.67,8782.52,0
ORD-100692,2026-04-20,Novosibirsk,marketplace,Office,B2B,1,8469.66,0.109,7414.93,4827.71,0
ORD-100693,2026-04-20,Kazan,online,Electronics,B2C,1,17133.94,0.14,13906.84,11651.08,0
ORD-100694,2026-04-20,Rostov-on-Don,offline,Electronics,SMB,2,12428.69,0.14,21339.52,16903.02,0
ORD-100695,2026-04-20,Moscow,marketplace,Office,Enterprise,2,8887.72,0.236,13360.16,10132.0,0
ORD-100696,2026-04-20,Ekaterinburg,online,Home,SMB,1,7434.25,0.133,6128.29,4609.23,0
ORD-100697,2026-04-20,Moscow,marketplace,Electronics,SMB,1,16748.94,0.096,14234.09,11389.28,0
ORD-100698,2026-04-20,Moscow,online,Office,B2C,1,8081.3,0.092,7342.91,4606.34,0
ORD-100699,2026-04-21,Saint Petersburg,online,Electronics,SMB,4,18526.25,0.138,60308.77,50391.4,0
ORD-100700,2026-04-21,Moscow,offline,Accessories,B2C,2,2813.54,0.152,4517.57,2532.19,0
ORD-100701,2026-04-21,Kazan,partner,Software,B2C,1,8613.12,0.148,7063.86,3272.99,0
ORD-100702,2026-04-21,Rostov-on-Don,online,Office,B2C,1,9773.52,0.178,7552.85,5570.91,0
ORD-100703,2026-04-21,Moscow,online,Electronics,SMB,2,15223.58,0.146,24950.95,20704.07,0
ORD-100704,2026-04-22,Moscow,partner,Accessories,B2C,2,2276.76,0.226,3299.3,2049.08,0
ORD-100705,2026-04-22,Ekaterinburg,online,Office,Enterprise,2,10949.46,0.176,17843.31,12482.38,0
ORD-100706,2026-04-22,Saint Petersburg,offline,Electronics,B2C,4,17043.28,0.148,59117.6,46357.72,0
ORD-100707,2026-04-22,Rostov-on-Don,online,Accessories,SMB,3,2373.19,0.212,5353.75,3203.81,0
ORD-100708,2026-04-22,Saint Petersburg,offline,Accessories,B2B,1,2137.82,0.153,1808.85,962.02,0
ORD-100709,2026-04-22,Saint Petersburg,offline,Home,B2C,1,7447.81,0.155,6237.67,4617.64,0
ORD-100710,2026-04-22,Ekaterinburg,online,Home,B2B,1,8864.53,0.181,7270.94,5496.01,0
ORD-100711,2026-04-22,Saint Petersburg,online,Accessories,B2C,3,1436.15,0.121,3530.87,1938.8,0
ORD-100712,2026-04-23,Novosibirsk,offline,Office,B2C,1,7897.73,0.091,7244.76,4501.71,0
ORD-100713,2026-04-23,Moscow,online,Office,SMB,2,7331.45,0.153,12152.82,8357.85,0
ORD-100714,2026-04-23,Moscow,online,Office,B2C,2,7651.79,0.192,11820.08,8723.04,1
ORD-100715,2026-04-23,Moscow,online,Accessories,SMB,2,2560.09,0.094,4471.97,2304.08,0
ORD-100716,2026-04-23,Saint Petersburg,online,Software,B2C,1,11653.83,0.166,9645.52,4428.46,0
ORD-100717,2026-04-23,Moscow,offline,Electronics,B2C,2,12939.39,0.173,20726.99,17597.57,1
ORD-100718,2026-04-24,Saint Petersburg,online,Software,B2B,3,14619.69,0.185,34848.74,16666.45,0
ORD-100719,2026-04-24,Kazan,online,Home,B2C,2,8272.57,0.092,15101.14,10257.99,0
ORD-100720,2026-04-24,Moscow,partner,Home,B2C,1,6975.28,0.132,6087.59,4324.67,0
ORD-100721,2026-04-24,Moscow,marketplace,Home,B2C,1,7517.63,0.119,6635.85,4660.93,0
ORD-100722,2026-04-24,Moscow,offline,Office,B2B,2,9591.05,0.125,15640.33,10933.8,0
ORD-100723,2026-04-24,Kazan,online,Software,Enterprise,3,7025.43,0.169,17123.97,8008.99,0
ORD-100724,2026-04-25,Saint Petersburg,online,Office,B2C,2,8931.99,0.191,14526.39,10182.47,1
ORD-100725,2026-04-25,Saint Petersburg,marketplace,Electronics,B2B,1,13635.85,0.141,11090.02,9272.38,0
ORD-100726,2026-04-25,Saint Petersburg,offline,Accessories,B2C,2,2758.01,0.155,4389.76,2482.21,0
ORD-100727,2026-04-25,Ekaterinburg,online,Accessories,SMB,5,2410.11,0.151,10309.73,5422.75,0
ORD-100728,2026-04-25,Novosibirsk,partner,Accessories,B2C,1,2392.44,0.135,2099.15,1076.6,0
ORD-100729,2026-04-25,Moscow,marketplace,Electronics,Enterprise,2,19352.89,0.121,32427.64,26319.93,0
ORD-100730,2026-04-26,Moscow,marketplace,Accessories,SMB,3,2460.02,0.077,6398.3,3321.03,0
ORD-100731,2026-04-26,Saint Petersburg,marketplace,Home,B2C,2,6807.95,0.169,11010.63,8441.86,0
ORD-100732,2026-04-26,Novosibirsk,online,Home,B2C,1,6351.51,0.204,4718.96,3937.94,0
ORD-100733,2026-04-26,Moscow,partner,Accessories,B2B,1,2019.01,0.188,1658.26,908.55,0
ORD-100734,2026-04-27,Saint Petersburg,partner,Software,B2C,5,11967.34,0.167,50022.27,22737.95,0
ORD-100735,2026-04-27,Rostov-on-Don,partner,Electronics,B2B,4,16308.77,0.109,54209.84,44359.85,0
ORD-100736,2026-04-27,Rostov-on-Don,offline,Accessories,B2C,3,2312.62,0.07,6477.83,3122.04,0
ORD-100737,2026-04-27,Kazan,online,Accessories,B2B,3,2462.09,0.106,6156.15,3323.82,0
ORD-100738,2026-04-27,Kazan,marketplace,Accessories,B2C,1,2229.67,0.139,1812.49,1003.35,0
ORD-100739,2026-04-27,Novosibirsk,marketplace,Software,SMB,2,12501.63,0.15,21169.27,9501.24,0
ORD-100740,2026-04-27,Novosibirsk,marketplace,Accessories,B2C,1,2881.88,0.282,1967.1,1296.85,0
ORD-100741,2026-04-27,Ekaterinburg,offline,Software,Enterprise,5,13072.3,0.209,49952.81,24837.37,0
ORD-100742,2026-04-28,Saint Petersburg,partner,Electronics,B2C,3,10057.04,0.186,24340.38,20516.36,0
ORD-100743,2026-04-28,Moscow,marketplace,Accessories,SMB,1,2262.48,0.204,1837.12,1018.12,0
ORD-100744,2026-04-28,Saint Petersburg,offline,Accessories,B2C,1,2453.78,0.205,1878.35,1104.2,0
ORD-100745,2026-04-28,Moscow,online,Office,B2C,2,8455.4,0.092,15264.57,9639.16,0
ORD-100746,2026-04-28,Moscow,online,Home,B2C,1,10574.44,0.076,9910.69,6556.15,0
ORD-100747,2026-04-28,Ekaterinburg,online,Accessories,B2C,2,2353.92,0.188,3888.62,2118.53,0
ORD-100748,2026-04-29,Kazan,partner,Home,SMB,2,6364.08,0.195,9638.5,7891.46,1
ORD-100749,2026-04-29,Novosibirsk,marketplace,Electronics,SMB,4,14789.08,0.271,41142.35,40226.3,0
ORD-100750,2026-04-29,Moscow,partner,Software,SMB,1,13906.79,0.103,12493.2,5284.58,0
ORD-100751,2026-04-29,Moscow,online,Electronics,B2C,2,7329.34,0.201,10937.71,9967.9,0
ORD-100752,2026-04-29,Saint Petersburg,offline,Accessories,SMB,4,2642.24,0.162,8924.25,4756.03,0
ORD-100753,2026-04-29,Kazan,online,Electronics,SMB,2,9347.77,0.096,16508.84,12712.97,0
ORD-100754,2026-04-29,Moscow,marketplace,Office,B2B,4,12051.72,0.204,37732.16,27477.92,0
ORD-100755,2026-04-29,Moscow,online,Software,SMB,2,6839.55,0.178,11053.33,5198.06,1
ORD-100756,2026-04-30,Ekaterinburg,marketplace,Home,Enterprise,2,7095.68,0.204,10556.08,8798.64,1
ORD-100757,2026-04-30,Saint Petersburg,online,Software,B2C,5,12619.7,0.137,54815.15,23977.43,0
ORD-100758,2026-04-30,Moscow,marketplace,Accessories,B2B,1,2021.9,0.203,1598.46,909.86,0
ORD-100759,2026-04-30,Novosibirsk,offline,Accessories,B2C,4,1927.26,0.158,6286.84,3469.07,0
ORD-100760,2026-04-30,Kazan,offline,Accessories,B2C,1,2226.27,0.187,1794.11,1001.82,0
ORD-100761,2026-04-30,Kazan,offline,Office,B2C,2,11126.78,0.125,18371.29,12684.53,0
ORD-100762,2026-05-01,Moscow,online,Office,B2C,2,10902.85,0.186,17555.83,12429.25,0
ORD-100763,2026-05-01,Moscow,online,Home,B2B,1,6581.9,0.139,5365.63,4080.78,0
ORD-100764,2026-05-01,Novosibirsk,online,Electronics,B2B,2,14065.65,0.111,23856.31,19129.28,0
ORD-100765,2026-05-01,Moscow,online,Software,SMB,2,12708.66,0.146,21223.28,9658.58,1
ORD-100766,2026-05-01,Moscow,offline,Electronics,B2B,4,19818.91,0.148,65740.75,53907.44,0
ORD-100767,2026-05-01,Saint Petersburg,marketplace,Software,B2B,2,11637.25,0.19,17554.18,8844.31,0
ORD-100768,2026-05-02,Moscow,online,Office,SMB,3,8795.62,0.156,22256.32,15040.51,0
ORD-100769,2026-05-02,Moscow,partner,Office,SMB,2,9161.02,0.161,14922.53,10443.56,0
ORD-100770,2026-05-02,Novosibirsk,online,Home,B2C,1,7771.23,0.125,6576.55,4818.16,0
ORD-100771,2026-05-02,Ekaterinburg,partner,Office,B2C,1,6763.44,0.155,5798.76,3855.16,0
ORD-100772,2026-05-03,Kazan,offline,Accessories,B2C,1,2865.6,0.134,2413.36,1289.52,0
ORD-100773,2026-05-03,Saint Petersburg,marketplace,Software,B2C,1,12704.38,0.216,10078.82,4827.66,0
ORD-100774,2026-05-03,Novosibirsk,marketplace,Accessories,B2C,1,2225.9,0.113,1955.31,1001.66,0
ORD-100775,2026-05-03,Novosibirsk,marketplace,Accessories,B2B,1,2496.87,0.117,2089.68,1123.59,0
ORD-100776,2026-05-03,Saint Petersburg,partner,Electronics,B2C,1,16527.03,0.162,13974.37,11238.38,0
ORD-100777,2026-05-03,Novosibirsk,marketplace,Electronics,B2C,1,12380.32,0.199,9447.24,8418.62,0
ORD-100778,2026-05-03,Moscow,marketplace,Home,B2C,1,6442.9,0.159,5385.63,3994.6,0
ORD-100779,2026-05-04,Ekaterinburg,partner,Software,SMB,2,12630.38,0.146,21164.72,9599.09,0
ORD-100780,2026-05-04,Moscow,online,Electronics,B2C,3,14732.03,0.095,39010.87,30053.34,0
ORD-100781,2026-05-04,Saint Petersburg,marketplace,Electronics,B2C,1,20842.45,0.157,17653.24,14172.87,0
ORD-100782,2026-05-04,Moscow,online,Home,SMB,1,6350.24,0.138,5460.61,3937.15,0
ORD-100783,2026-05-04,Moscow,offline,Accessories,Enterprise,4,3017.61,0.146,10223.83,5431.7,0
ORD-100784,2026-05-04,Novosibirsk,marketplace,Office,B2B,1,8587.02,0.243,6274.78,4894.6,1
ORD-100785,2026-05-04,Moscow,offline,Software,Enterprise,5,13338.82,0.082,62288.77,25343.76,0
ORD-100786,2026-05-04,Ekaterinburg,marketplace,Software,SMB,1,9743.47,0.277,6642.64,3702.52,0
ORD-100787,2026-05-04,Novosibirsk,offline,Accessories,B2B,2,2036.61,0.22,3174.78,1832.95,0
ORD-100788,2026-05-05,Saint Petersburg,marketplace,Office,SMB,2,8352.87,0.189,13022.6,9522.27,0
ORD-100789,2026-05-05,Rostov-on-Don,offline,Electronics,B2C,3,14996.21,0.2,35862.88,30592.27,0
ORD-100790,2026-05-05,Kazan,online,Home,SMB,4,5441.97,0.177,16679.33,13496.09,0
ORD-100791,2026-05-06,Moscow,marketplace,Home,SMB,2,6661.07,0.135,11055.09,8259.73,0
ORD-100792,2026-05-06,Saint Petersburg,online,Accessories,SMB,3,2640.35,0.167,6663.52,3564.47,0
ORD-100793,2026-05-06,Saint Petersburg,offline,Office,B2B,2,8443.91,0.179,13513.26,9626.06,0
ORD-100794,2026-05-06,Rostov-on-Don,offline,Office,Enterprise,3,10049.42,0.176,24680.35,17184.51,0
ORD-100795,2026-05-06,Novosibirsk,online,Accessories,B2C,2,2476.21,0.064,4465.24,2228.59,0
ORD-100796,2026-05-07,Saint Petersburg,online,Electronics,B2B,1,15056.26,0.196,11281.86,10238.26,0
ORD-100797,2026-05-07,Saint Petersburg,partner,Accessories,B2C,2,2801.36,0.22,4280.07,2521.22,0
ORD-100798,2026-05-07,Saint Petersburg,online,Electronics,B2C,1,12082.09,0.213,8958.24,8215.82,0
ORD-100799,2026-05-07,Ekaterinburg,marketplace,Accessories,B2C,3,3033.43,0.231,7075.39,4095.13,0
ORD-100800,2026-05-07,Ekaterinburg,offline,Electronics,B2C,1,16326.43,0.168,13407.34,11101.97,0
ORD-100801,2026-05-07,Ekaterinburg,offline,Home,B2C,5,4951.55,0.143,21572.73,15349.81,0
ORD-100802,2026-05-07,Kazan,online,Accessories,B2B,2,2850.82,0.152,4583.46,2565.74,0
ORD-100803,2026-05-07,Kazan,online,Software,B2B,1,9869.74,0.135,8653.76,3750.5,0
ORD-100804,2026-05-07,Moscow,offline,Electronics,B2C,1,19569.07,0.154,15827.89,13306.97,0
ORD-100805,2026-05-07,Moscow,partner,Accessories,B2B,1,2776.32,0.154,2335.47,1249.34,0
ORD-100806,2026-05-08,Rostov-on-Don,online,Electronics,Enterprise,4,18019.5,0.169,58888.23,49013.04,0
ORD-100807,2026-05-08,Kazan,partner,Office,B2C,1,8905.5,0.155,7016.48,5076.13,0
ORD-100808,2026-05-08,Moscow,offline,Software,B2B,1,12255.48,0.102,10358.15,4657.08,0
ORD-100809,2026-05-08,Novosibirsk,offline,Office,SMB,1,8495.56,0.154,6843.54,4842.47,0
ORD-100810,2026-05-08,Kazan,online,Software,SMB,5,9718.79,0.12,40415.16,18465.7,0
ORD-100811,2026-05-09,Novosibirsk,online,Accessories,B2C,2,2037.41,0.136,3290.04,1833.67,0
ORD-100812,2026-05-09,Moscow,online,Office,B2C,1,8201.79,0.149,6764.5,4675.02,0
ORD-100813,2026-05-09,Moscow,marketplace,Software,B2C,1,12040.14,0.138,10565.62,4575.25,0
ORD-100814,2026-05-09,Kazan,online,Office,B2B,2,11445.45,0.161,19428.81,13047.81,0
ORD-100815,2026-05-09,Rostov-on-Don,marketplace,Office,SMB,2,10074.78,0.118,16585.46,11485.25,0
ORD-100816,2026-05-09,Ekaterinburg,online,Accessories,SMB,3,2323.64,0.179,5714.93,3136.91,0
ORD-100817,2026-05-09,Saint Petersburg,partner,Electronics,B2C,1,18321.96,0.164,15514.61,12458.93,0
ORD-100818,2026-05-09,Kazan,online,Electronics,SMB,1,13266.87,0.161,10626.95,9021.47,0
ORD-100819,2026-05-10,Rostov-on-Don,offline,Electronics,B2C,1,14239.17,0.16,11332.91,9682.64,0
ORD-100820,2026-05-10,Kazan,online,Accessories,B2B,3,3229.6,0.227,7560.34,4359.96,0
ORD-100821,2026-05-10,Novosibirsk,online,Home,Enterprise,2,5567.6,0.12,9889.78,6903.82,1
ORD-100822,2026-05-10,Ekaterinburg,marketplace,Office,SMB,1,10476.42,0.142,8777.04,5971.56,0
ORD-100823,2026-05-10,Moscow,marketplace,Office,B2C,4,8039.77,0.183,26530.87,18330.68,0
ORD-100824,2026-05-10,Moscow,marketplace,Software,Enterprise,4,12632.41,0.207,37369.58,19201.26,0
ORD-100825,2026-05-10,Novosibirsk,partner,Electronics,SMB,1,8826.23,0.177,7302.47,6001.84,0
ORD-100826,2026-05-10,Moscow,online,Office,B2B,3,11033.75,0.185,27468.56,18867.71,0
ORD-100827,2026-05-10,Rostov-on-Don,marketplace,Home,SMB,1,7136.73,0.188,5443.62,4424.77,1
ORD-100828,2026-05-11,Saint Petersburg,offline,Software,B2C,4,12704.82,0.106,44126.08,19311.33,0
ORD-100829,2026-05-11,Kazan,online,Office,B2B,2,11536.21,0.168,18871.63,13151.28,0
ORD-100830,2026-05-11,Ekaterinburg,offline,Electronics,SMB,4,18413.59,0.194,57786.33,50084.96,0
ORD-100831,2026-05-11,Moscow,online,Electronics,B2C,2,11831.36,0.155,19234.25,16090.65,0
ORD-100832,2026-05-11,Moscow,offline,Office,B2B,1,11529.08,0.151,9682.05,6571.58,0
ORD-100833,2026-05-12,Moscow,online,Office,Enterprise,3,8118.77,0.21,19599.2,13883.1,0
ORD-100834,2026-05-12,Kazan,partner,Home,B2B,1,7726.23,0.198,5789.79,4790.26,0
ORD-100835,2026-05-12,Moscow,online,Electronics,B2B,1,15312.32,0.062,13790.67,10412.38,0
ORD-100836,2026-05-12,Moscow,partner,Electronics,B2C,1,17399.57,0.164,13913.04,11831.71,0
ORD-100837,2026-05-13,Moscow,online,Electronics,B2C,4,15489.38,0.124,53169.33,42131.11,0
ORD-100838,2026-05-13,Novosibirsk,partner,Electronics,B2C,3,12329.04,0.209,29691.27,25151.24,0
ORD-100839,2026-05-13,Novosibirsk,marketplace,Home,Enterprise,6,9602.92,0.213,42775.35,35722.86,0
ORD-100840,2026-05-13,Moscow,online,Accessories,B2C,2,2833.5,0.156,4469.71,2550.15,0
ORD-100841,2026-05-13,Kazan,marketplace,Electronics,B2C,1,17653.45,0.135,15538.47,12004.35,0
ORD-100842,2026-05-13,Moscow,offline,Electronics,B2B,1,11202.46,0.156,9337.64,7617.67,0
ORD-100843,2026-05-13,Saint Petersburg,online,Office,B2C,2,9072.06,0.114,15332.72,10342.15,0
ORD-100844,2026-05-13,Kazan,online,Software,B2C,1,13415.34,0.13,11181.28,5097.83,0
ORD-100845,2026-05-13,Rostov-on-Don,online,Office,B2B,1,11101.74,0.182,8924.44,6327.99,0
ORD-100846,2026-05-14,Saint Petersburg,offline,Office,SMB,1,8704.84,0.177,6813.73,4961.76,0
ORD-100847,2026-05-14,Moscow,marketplace,Home,B2B,2,7643.62,0.086,13086.9,9478.09,1
ORD-100848,2026-05-14,Moscow,online,Electronics,B2C,3,15064.37,0.131,39030.82,30731.31,0
ORD-100849,2026-05-14,Ekaterinburg,marketplace,Software,Enterprise,1,10771.87,0.28,7496.62,4093.31,0
ORD-100850,2026-05-14,Saint Petersburg,offline,Accessories,SMB,1,2241.81,0.177,1839.74,1008.81,0
ORD-100851,2026-05-14,Novosibirsk,marketplace,Office,SMB,2,9885.79,0.146,16874.85,11269.8,0
ORD-100852,2026-05-14,Saint Petersburg,offline,Electronics,B2C,3,20776.17,0.229,48184.81,42383.39,0
ORD-100853,2026-05-14,Saint Petersburg,marketplace,Home,B2C,3,5911.69,0.163,14857.16,10995.74,0
ORD-100854,2026-05-14,Rostov-on-Don,online,Electronics,B2B,2,11493.34,0.11,20839.33,15630.94,0
ORD-100855,2026-05-15,Moscow,online,Office,B2B,2,10097.07,0.149,16141.11,11510.66,0
ORD-100856,2026-05-15,Ekaterinburg,offline,Electronics,B2C,1,18289.9,0.152,14741.29,12437.13,0
ORD-100857,2026-05-15,Moscow,offline,Electronics,B2C,3,14573.79,0.172,34010.72,29730.53,0
ORD-100858,2026-05-15,Moscow,partner,Office,SMB,1,10000.14,0.201,7773.02,5700.08,0
ORD-100859,2026-05-15,Kazan,offline,Software,B2B,1,13197.28,0.161,10360.72,5014.97,0
ORD-100860,2026-05-15,Kazan,partner,Accessories,SMB,2,1846.81,0.13,3072.15,1662.13,0
ORD-100861,2026-05-16,Ekaterinburg,online,Accessories,B2B,3,2654.41,0.187,6448.23,3583.45,0
ORD-100862,2026-05-16,Moscow,offline,Software,B2C,4,12282.59,0.241,36801.45,18669.54,0
ORD-100863,2026-05-16,Ekaterinburg,marketplace,Software,B2C,3,14737.26,0.217,32508.29,16800.48,0
ORD-100864,2026-05-16,Saint Petersburg,online,Home,B2B,2,8738.76,0.187,13696.26,10836.06,0
ORD-100865,2026-05-16,Saint Petersburg,online,Software,B2C,4,10328.01,0.219,30211.04,15698.58,0
ORD-100866,2026-05-16,Rostov-on-Don,online,Home,SMB,3,7115.13,0.167,16702.79,13234.14,0
ORD-100867,2026-05-16,Saint Petersburg,online,Office,SMB,2,10417.57,0.191,15728.97,11876.03,0
ORD-100868,2026-05-16,Ekaterinburg,marketplace,Electronics,SMB,2,14713.61,0.106,25192.58,20010.51,1
ORD-100869,2026-05-17,Ekaterinburg,partner,Accessories,B2C,1,2895.42,0.183,2272.47,1302.94,0
ORD-100870,2026-05-17,Moscow,marketplace,Accessories,SMB,4,2634.23,0.212,7968.16,4741.61,0
ORD-100871,2026-05-17,Moscow,offline,Electronics,Enterprise,1,16610.21,0.197,12893.57,11294.94,0
ORD-100872,2026-05-18,Moscow,marketplace,Office,B2B,1,10595.07,0.197,8669.26,6039.19,0
ORD-100873,2026-05-18,Rostov-on-Don,marketplace,Office,B2C,5,5591.86,0.139,23870.07,15936.8,0
ORD-100874,2026-05-18,Saint Petersburg,offline,Accessories,SMB,1,2807.5,0.123,2363.7,1263.38,0
ORD-100875,2026-05-18,Saint Petersburg,offline,Accessories,B2C,2,2826.58,0.158,4691.49,2543.92,0
ORD-100876,2026-05-18,Ekaterinburg,marketplace,Home,B2B,1,6254.85,0.201,4662.61,3878.01,0
ORD-100877,2026-05-18,Rostov-on-Don,marketplace,Accessories,B2C,1,2028.44,0.143,1769.69,912.8,0
ORD-100878,2026-05-18,Moscow,marketplace,Home,B2C,1,4339.37,0.182,3520.92,2690.41,0
ORD-100879,2026-05-19,Moscow,offline,Office,B2C,2,10035.88,0.156,17262.22,11440.9,0
ORD-100880,2026-05-19,Moscow,offline,Electronics,SMB,1,12967.55,0.158,10612.93,8817.93,0
ORD-100881,2026-05-19,Saint Petersburg,offline,Electronics,B2C,2,17891.94,0.155,30482.26,24333.04,0
ORD-100882,2026-05-19,Saint Petersburg,online,Software,B2C,1,10220.31,0.133,8365.57,3883.72,0
ORD-100883,2026-05-19,Ekaterinburg,offline,Office,B2C,4,8841.12,0.207,26517.69,20157.75,0
ORD-100884,2026-05-19,Moscow,offline,Home,B2C,1,6817.89,0.134,5976.15,4227.09,1
ORD-100885,2026-05-19,Ekaterinburg,online,Software,B2C,1,9194.6,0.2,7040.31,3493.95,0
ORD-100886,2026-05-19,Novosibirsk,partner,Electronics,B2C,4,18556.87,0.218,58023.9,50474.69,0
ORD-100887,2026-05-19,Ekaterinburg,offline,Home,B2C,1,6005.35,0.188,4746.29,3723.32,0
ORD-100888,2026-05-19,Ekaterinburg,online,Home,B2B,1,4612.7,0.101,3912.06,2859.87,0
ORD-100889,2026-05-20,Novosibirsk,offline,Electronics,Enterprise,1,10691.87,0.116,9234.53,7270.47,0
ORD-100890,2026-05-20,Novosibirsk,online,Office,B2C,5,8586.42,0.127,35894.05,24471.3,0
ORD-100891,2026-05-20,Ekaterinburg,online,Software,B2B,3,11330.03,0.178,27853.01,12916.23,0
ORD-100892,2026-05-20,Moscow,partner,Home,SMB,1,8760.96,0.186,7050.24,5431.8,0
ORD-100893,2026-05-20,Saint Petersburg,marketplace,Electronics,B2C,1,18988.65,0.197,14265.16,12912.28,0
ORD-100894,2026-05-20,Moscow,partner,Accessories,B2C,2,1856.89,0.103,3147.01,1671.2,0
ORD-100895,2026-05-20,Moscow,online,Home,B2B,2,6729.18,0.144,10781.18,8344.18,0
ORD-100896,2026-05-20,Kazan,partner,Electronics,B2C,2,19910.57,0.162,33978.69,27078.38,0
ORD-100897,2026-05-21,Kazan,online,Accessories,B2B,1,2367.29,0.187,1858.55,1065.28,0
ORD-100898,2026-05-21,Novosibirsk,marketplace,Software,B2C,5,8653.19,0.26,30121.02,16441.06,0
ORD-100899,2026-05-21,Ekaterinburg,online,Software,B2C,2,13776.82,0.125,23857.21,10470.38,1
ORD-100900,2026-05-21,Rostov-on-Don,online,Accessories,B2B,4,3220.88,0.148,10883.11,5797.58,0
ORD-100901,2026-05-21,Ekaterinburg,marketplace,Office,B2C,4,11314.46,0.187,34570.08,25796.97,0
ORD-100902,2026-05-21,Ekaterinburg,marketplace,Accessories,SMB,4,2476.23,0.185,8112.58,4457.21,0
ORD-100903,2026-05-21,Saint Petersburg,marketplace,Software,Enterprise,2,10439.27,0.171,17568.18,7933.85,0
ORD-100904,2026-05-21,Rostov-on-Don,online,Electronics,Enterprise,1,14262.34,0.182,11553.57,9698.39,0
ORD-100905,2026-05-21,Ekaterinburg,partner,Accessories,B2B,2,2614.26,0.125,4344.49,2352.83,0
ORD-100906,2026-05-22,Saint Petersburg,marketplace,Accessories,SMB,1,2137.39,0.173,1772.97,961.83,0
ORD-100907,2026-05-22,Moscow,online,Electronics,SMB,4,15951.62,0.14,52840.04,43388.41,0
ORD-100908,2026-05-22,Kazan,online,Software,B2C,2,15458.92,0.068,27615.61,11748.78,0
ORD-100909,2026-05-22,Novosibirsk,offline,Accessories,B2B,1,2057.27,0.19,1570.66,925.77,0
ORD-100910,2026-05-22,Saint Petersburg,offline,Software,B2B,1,10030.71,0.098,8986.54,3811.67,0
ORD-100911,2026-05-22,Rostov-on-Don,online,Home,Enterprise,2,4655.17,0.17,7528.92,5772.41,0
ORD-100912,2026-05-22,Rostov-on-Don,online,Home,SMB,1,6750.11,0.087,6116.69,4185.07,0
ORD-100913,2026-05-23,Moscow,marketplace,Accessories,Enterprise,1,2945.0,0.197,2274.8,1325.25,0
ORD-100914,2026-05-23,Ekaterinburg,online,Electronics,Enterprise,2,14755.59,0.155,23927.91,20067.6,0
ORD-100915,2026-05-23,Moscow,partner,Software,B2C,2,9936.03,0.14,16638.27,7551.38,0
ORD-100916,2026-05-23,Novosibirsk,online,Electronics,B2B,1,16826.13,0.145,14389.18,11441.77,0
ORD-100917,2026-05-23,Rostov-on-Don,marketplace,Home,B2C,2,6120.64,0.253,8928.68,7589.59,0
ORD-100918,2026-05-23,Moscow,marketplace,Office,B2C,1,8343.53,0.22,6485.99,4755.81,0
ORD-100919,2026-05-23,Ekaterinburg,online,Software,B2C,3,9745.16,0.198,21824.96,11109.48,0
ORD-100920,2026-05-24,Rostov-on-Don,online,Accessories,B2B,5,1813.47,0.168,7080.96,4080.31,0
ORD-100921,2026-05-24,Rostov-on-Don,marketplace,Home,B2C,1,6092.65,0.269,4301.83,3777.44,0
ORD-100922,2026-05-24,Novosibirsk,marketplace,Home,B2B,1,7816.28,0.168,6425.95,4846.09,0
ORD-100923,2026-05-24,Ekaterinburg,online,Electronics,SMB,2,19134.19,0.161,30751.12,26022.5,1
ORD-100924,2026-05-24,Ekaterinburg,online,Office,B2C,3,10260.81,0.17,24433.79,17545.99,0
ORD-100925,2026-05-24,Rostov-on-Don,marketplace,Electronics,B2C,1,21884.91,0.156,18072.13,14881.74,0
ORD-100926,2026-05-25,Rostov-on-Don,online,Office,B2B,1,12072.53,0.203,9109.42,6881.34,0
ORD-100927,2026-05-25,Rostov-on-Don,offline,Software,B2C,2,14084.12,0.2,21465.5,10703.93,0
ORD-100928,2026-05-25,Saint Petersburg,online,Software,B2C,1,11085.73,0.113,9202.83,4212.58,0
ORD-100929,2026-05-25,Ekaterinburg,online,Software,B2C,2,13261.92,0.111,22826.25,10079.06,0
ORD-100930,2026-05-25,Saint Petersburg,online,Software,B2B,1,12739.08,0.174,10309.94,4840.85,0
ORD-100931,2026-05-25,Saint Petersburg,online,Accessories,B2C,4,2509.61,0.166,8074.39,4517.3,0
ORD-100932,2026-05-25,Moscow,partner,Home,B2C,3,6186.48,0.23,13977.98,11506.85,0
ORD-100933,2026-05-25,Kazan,offline,Software,SMB,1,14026.02,0.147,11499.81,5329.89,0
ORD-100934,2026-05-26,Moscow,online,Office,B2B,1,10669.72,0.188,8100.2,6081.74,0
ORD-100935,2026-05-26,Ekaterinburg,online,Software,B2B,2,14580.66,0.267,20847.31,11081.3,0
ORD-100936,2026-05-26,Rostov-on-Don,marketplace,Office,SMB,1,12103.84,0.115,10266.92,6899.19,0
ORD-100937,2026-05-26,Ekaterinburg,partner,Electronics,B2C,1,15848.46,0.109,13755.76,10776.95,0
ORD-100938,2026-05-26,Saint Petersburg,offline,Software,SMB,2,4432.5,0.147,7639.22,3368.7,0
ORD-100939,2026-05-26,Kazan,partner,Office,SMB,3,8664.74,0.096,22361.49,14816.71,0
ORD-100940,2026-05-26,Novosibirsk,marketplace,Software,B2B,2,7638.79,0.139,13275.32,5805.48,0
ORD-100941,2026-05-26,Moscow,marketplace,Home,B2B,6,5912.05,0.207,28478.48,21992.83,0
ORD-100942,2026-05-26,Ekaterinburg,online,Office,B2C,1,10143.7,0.224,7477.3,5781.91,0
ORD-100943,2026-05-26,Ekaterinburg,marketplace,Software,B2C,2,10153.34,0.157,16877.12,7716.54,0
ORD-100944,2026-05-27,Rostov-on-Don,online,Electronics,B2C,1,14789.51,0.161,12116.47,10056.87,0
ORD-100945,2026-05-27,Saint Petersburg,online,Electronics,B2B,1,14077.39,0.181,10916.47,9572.63,0
ORD-100946,2026-05-27,Saint Petersburg,marketplace,Electronics,B2C,1,13513.31,0.229,9870.54,9189.05,1
ORD-100947,2026-05-27,Ekaterinburg,partner,Home,B2C,1,5151.68,0.168,4090.28,3194.04,0
ORD-100948,2026-05-27,Novosibirsk,marketplace,Office,B2C,3,10986.87,0.184,25946.9,18787.55,0
ORD-100949,2026-05-28,Saint Petersburg,online,Electronics,B2B,1,17467.59,0.123,15072.83,11877.96,1
ORD-100950,2026-05-28,Moscow,online,Office,B2C,2,9357.0,0.134,15473.18,10666.98,0
ORD-100951,2026-05-28,Ekaterinburg,marketplace,Home,B2C,2,7119.96,0.188,10946.27,8828.75,0
ORD-100952,2026-05-29,Moscow,online,Home,Enterprise,5,5439.31,0.185,20721.99,16861.86,0
ORD-100953,2026-05-29,Kazan,online,Home,B2C,2,5192.87,0.156,8387.66,6439.16,0
ORD-100954,2026-05-29,Saint Petersburg,offline,Home,B2C,1,7398.77,0.163,6171.96,4587.24,0
ORD-100955,2026-05-29,Rostov-on-Don,online,Office,B2C,5,8546.35,0.186,32401.01,24357.1,0
ORD-100956,2026-05-29,Saint Petersburg,marketplace,Software,B2C,3,9952.09,0.196,23166.54,11345.38,0
ORD-100957,2026-05-29,Ekaterinburg,online,Electronics,B2B,4,14941.5,0.139,51146.32,40640.88,0
ORD-100958,2026-05-29,Kazan,online,Electronics,SMB,6,17366.5,0.221,76888.66,70855.32,0
ORD-100959,2026-05-29,Novosibirsk,marketplace,Home,Enterprise,5,8085.68,0.179,33585.08,25065.61,1
ORD-100960,2026-05-29,Rostov-on-Don,offline,Office,B2C,2,9204.73,0.14,14786.06,10493.39,0
ORD-100961,2026-05-30,Saint Petersburg,marketplace,Accessories,SMB,5,2879.72,0.247,10478.41,6479.37,0
ORD-100962,2026-05-30,Moscow,online,Electronics,B2B,4,16802.15,0.117,58949.19,45701.85,0
ORD-100963,2026-05-30,Moscow,marketplace,Home,B2B,2,7891.58,0.18,13060.74,9785.56,0
ORD-100964,2026-05-30,Novosibirsk,offline,Home,B2C,3,6934.87,0.16,16808.19,12898.86,0
ORD-100965,2026-05-30,Moscow,marketplace,Home,B2B,4,5546.87,0.216,17450.56,13756.24,0
ORD-100966,2026-05-30,Rostov-on-Don,online,Electronics,Enterprise,2,20953.7,0.151,35598.02,28497.03,0
ORD-100967,2026-05-30,Saint Petersburg,marketplace,Accessories,SMB,2,1712.87,0.158,2752.77,1541.58,0
ORD-100968,2026-05-30,Ekaterinburg,online,Accessories,B2C,4,1841.87,0.223,5414.73,3315.37,0
ORD-100969,2026-05-30,Moscow,offline,Software,SMB,2,13276.93,0.163,21021.66,10090.47,0
ORD-100970,2026-05-31,Moscow,online,Electronics,Enterprise,5,18847.13,0.189,76650.05,64080.24,0
ORD-100971,2026-05-31,Moscow,marketplace,Home,SMB,3,7916.34,0.182,19154.79,14724.39,1
ORD-100972,2026-05-31,Rostov-on-Don,online,Software,SMB,1,11616.37,0.134,9789.88,4414.22,0
ORD-100973,2026-05-31,Moscow,online,Office,B2C,1,8644.08,0.107,7260.47,4927.13,0
ORD-100974,2026-05-31,Moscow,offline,Electronics,SMB,1,16540.58,0.155,13529.67,11247.59,0
ORD-100975,2026-05-31,Moscow,marketplace,Accessories,B2C,4,2597.03,0.161,8192.41,4674.65,0
ORD-100976,2026-05-31,Saint Petersburg,offline,Software,B2C,4,16021.9,0.119,55582.12,24353.29,0
ORD-100977,2026-05-31,Kazan,marketplace,Office,B2C,3,8495.83,0.257,19163.73,14527.87,0
