customer_id,age,monthly_income_rub,visits_per_month,avg_session_minutes,support_requests_3m,purchases_last_3m,days_since_last_purchase,monthly_spend_rub,premium_buyer
CUST0001,51,111747,9,15.0,1,4,16,6786.89,0
CUST0002,27,89180,9,16.0,2,4,26,5920.82,0
CUST0003,40,161072,17,17.2,1,10,2,12111.01,1
CUST0004,46,106413,9,10.1,0,4,27,7160.67,0
CUST0005,26,30802,2,5.8,1,1,76,754.07,0
CUST0006,50,154548,20,21.8,0,8,11,10412.1,1
CUST0007,23,90465,9,11.7,2,1,27,5146.59,1
CUST0008,34,77953,7,11.3,2,6,22,8133.46,0
CUST0009,37,41160,3,6.0,4,2,62,2830.53,0
CUST0010,34,104537,9,12.6,1,4,27,4421.24,0
CUST0011,30,66923,9,12.2,1,5,15,5788.71,0
CUST0012,47,172250,16,23.2,1,6,1,10128.03,1
CUST0013,37,89552,9,14.1,0,3,16,5720.52,0
CUST0014,44,99955,15,18.5,0,8,7,9485.21,0
CUST0015,32,76202,10,8.6,1,4,23,6865.67,0
CUST0016,39,39971,1,5.6,1,0,78,1055.72,0
CUST0017,45,108520,12,13.2,2,2,22,4492.41,0
CUST0018,23,40504,4,5.2,2,1,73,1498.19,0
CUST0019,56,207832,20,22.8,0,9,10,13777.05,1
CUST0020,45,97852,11,12.6,1,4,3,6780.79,0
CUST0021,24,97228,10,9.4,1,6,21,9104.59,0
CUST0022,41,115869,9,9.8,1,4,14,6070.18,1
CUST0023,54,165899,18,20.7,1,10,4,11677.83,1
CUST0024,45,128162,20,22.4,0,9,9,11917.14,1
CUST0025,26,95296,8,10.9,2,6,37,7853.91,0
CUST0026,29,48901,3,5.7,2,1,62,1338.92,0
CUST0027,38,95443,10,11.2,1,4,15,7313.93,0
CUST0028,18,32594,1,5.6,1,1,81,1323.59,0
CUST0029,29,47545,0,5.0,0,1,72,2250.51,0
CUST0030,39,81994,10,10.8,1,5,20,7070.72,0
CUST0031,30,105582,10,12.2,1,3,20,6101.68,0
CUST0032,51,132714,18,21.3,2,7,11,10089.22,1
CUST0033,27,46002,2,7.7,1,2,63,2275.82,0
CUST0034,41,113122,9,11.6,0,4,13,5654.25,1
CUST0035,48,134947,8,15.2,1,4,27,6687.68,0
CUST0036,24,29417,1,6.5,1,1,72,1806.2,0
CUST0037,23,53036,4,6.2,2,2,88,2730.63,0
CUST0038,42,72442,10,9.0,1,6,30,7888.24,0
CUST0039,20,39836,3,5.6,2,1,77,502.71,0
CUST0040,38,78002,9,11.6,1,6,23,6620.72,0
CUST0041,30,85790,8,15.0,1,6,24,7047.86,0
CUST0042,48,209688,13,15.0,0,9,9,12328.51,1
CUST0043,46,106483,9,14.1,1,3,29,5627.72,0
CUST0044,35,25000,1,3.7,1,1,51,500.0,0
CUST0045,65,211845,18,19.9,0,6,7,10076.04,1
CUST0046,36,145188,19,22.1,1,7,10,9758.2,1
CUST0047,37,67977,8,12.8,1,4,35,6069.97,0
CUST0048,31,59404,4,3.7,1,2,57,1536.11,0
CUST0049,41,88361,8,10.5,1,3,40,5038.38,0
CUST0050,24,40326,2,1.5,1,0,41,500.0,0
CUST0051,26,53615,3,6.7,1,1,82,1185.92,0
CUST0052,30,37054,1,3.7,2,1,61,1192.57,0
CUST0053,42,114830,11,9.8,2,3,31,5632.73,0
CUST0054,23,87254,6,14.1,2,3,26,4186.99,0
CUST0055,44,89383,12,10.9,2,4,30,5533.81,0
CUST0056,37,76623,10,13.4,1,6,34,6552.51,0
CUST0057,33,90373,8,15.6,1,4,32,3947.69,0
CUST0058,44,90967,9,9.1,1,6,30,6996.66,1
CUST0059,24,25000,3,6.8,0,1,56,747.45,0
CUST0060,18,47528,3,5.1,0,0,89,500.0,0
CUST0061,28,102873,8,12.9,1,6,23,7550.35,0
CUST0062,47,77831,8,12.0,0,4,31,5737.95,0
CUST0063,37,101872,6,9.6,2,4,27,7030.27,1
CUST0064,43,133371,9,10.2,1,5,20,6293.14,0
CUST0065,40,78283,11,11.8,1,5,15,6838.83,0
CUST0066,41,83980,8,11.1,1,4,30,4003.41,0
CUST0067,34,96031,7,14.9,2,5,13,7212.31,0
CUST0068,18,41781,3,6.3,2,1,93,2263.19,0
CUST0069,25,40518,1,5.6,2,0,77,500.0,0
CUST0070,49,81319,10,7.9,2,5,23,6591.96,0
CUST0071,34,39084,2,4.8,1,1,76,1835.5,0
CUST0072,42,83298,13,8.6,2,6,18,9078.25,0
CUST0073,54,165728,18,20.4,1,11,8,12342.38,1
CUST0074,32,47891,3,5.1,1,0,49,1470.44,0
CUST0075,24,25000,1,7.2,1,1,53,2536.9,0
CUST0076,28,62932,4,5.0,1,1,79,1815.34,0
CUST0077,35,40972,5,5.6,3,1,85,781.58,0
CUST0078,41,105816,9,9.2,0,2,12,5043.75,0
CUST0079,37,53833,9,11.6,2,2,21,5296.97,0
CUST0080,42,91833,10,13.7,1,5,14,7059.11,0
CUST0081,33,89637,8,9.6,1,3,26,3953.89,0
CUST0082,28,80939,8,14.9,1,4,27,3856.79,0
CUST0083,61,168441,19,22.6,1,6,2,10536.69,0
CUST0084,34,39163,1,3.6,0,1,69,926.14,0
CUST0085,34,40466,0,6.4,2,1,86,500.0,0
CUST0086,21,48743,1,4.1,3,1,84,1235.79,0
CUST0087,48,86213,6,10.2,1,4,13,4840.14,0
CUST0088,35,67985,8,10.4,1,5,23,5524.5,1
CUST0089,22,31678,2,4.5,1,1,82,500.0,0
CUST0090,36,95464,9,8.8,0,4,31,3874.29,1
CUST0091,34,40622,3,4.4,1,0,39,2024.55,0
CUST0092,34,67816,6,11.6,1,4,27,5299.41,0
CUST0093,50,72918,9,14.5,2,2,22,5477.93,0
CUST0094,39,86517,8,12.6,1,4,25,5080.95,0
CUST0095,44,26007,3,4.4,2,1,83,1961.31,0
CUST0096,47,52491,12,12.8,2,3,18,4992.89,1
CUST0097,40,107352,6,14.1,1,4,14,6446.93,0
CUST0098,24,47835,1,5.6,1,2,69,1483.01,0
CUST0099,34,46826,2,5.1,0,1,47,2512.89,0
CUST0100,64,136396,19,26.4,1,8,8,11140.83,1
CUST0101,43,162677,15,21.4,1,9,2,12454.44,1
CUST0102,32,85510,6,9.7,1,5,20,6498.36,0
CUST0103,28,40727,3,4.7,0,0,65,500.0,0
CUST0104,44,226739,15,21.6,0,8,7,10210.74,1
CUST0105,53,82744,9,14.3,1,3,8,5913.23,1
CUST0106,29,92025,8,10.8,1,2,31,3166.42,1
CUST0107,53,108037,9,9.9,1,4,24,5954.43,0
CUST0108,25,29022,2,6.9,1,1,61,1480.04,0
CUST0109,35,46559,1,6.5,1,1,76,973.08,0
CUST0110,42,148907,17,19.3,1,10,12,13908.82,1
CUST0111,38,71180,8,10.6,0,3,23,3741.03,0
CUST0112,21,67286,2,5.6,1,2,88,2557.53,0
CUST0113,28,31907,4,6.7,2,0,58,1557.92,0
CUST0114,46,64527,10,14.2,0,4,26,5383.84,0
CUST0115,25,39054,2,4.7,1,1,78,993.21,0
CUST0116,48,115056,20,21.0,1,11,1,10861.25,1
CUST0117,37,92722,8,13.5,2,5,22,4588.46,0
CUST0118,47,100312,7,13.5,2,6,18,6882.13,0
CUST0119,38,72122,10,13.3,1,4,22,6945.73,0
CUST0120,33,90175,11,8.7,0,2,24,3769.59,1
CUST0121,43,79735,9,11.3,1,5,19,6128.88,0
CUST0122,41,67648,10,9.6,2,5,26,6039.31,0
CUST0123,31,38662,3,6.8,1,1,55,831.11,0
CUST0124,43,118942,12,8.4,1,6,21,7845.19,0
CUST0125,28,32427,3,3.2,2,2,61,935.3,0
CUST0126,35,80694,6,13.0,1,3,20,5703.1,0
CUST0127,26,47571,1,5.5,2,1,78,581.91,0
CUST0128,30,25000,4,1.0,1,2,68,527.74,0
CUST0129,33,25000,4,5.4,1,1,58,2230.29,0
CUST0130,24,83542,7,14.8,0,6,24,5958.11,0
CUST0131,22,30528,3,3.7,0,1,47,981.17,0
CUST0132,41,217025,19,21.7,0,8,8,11574.6,1
CUST0133,28,85418,8,12.4,1,4,22,5039.29,1
CUST0134,28,41202,2,6.7,1,1,73,2892.73,0
CUST0135,44,59709,9,15.5,1,4,20,5516.15,0
CUST0136,22,39391,3,4.3,1,0,77,1203.56,0
CUST0137,54,167284,20,21.9,1,8,14,11123.95,1
CUST0138,41,94029,6,14.5,1,3,32,5495.35,0
CUST0139,52,100540,9,15.5,1,4,19,6731.29,0
CUST0140,27,34890,3,5.4,1,0,80,500.0,0
CUST0141,34,110931,8,13.5,1,4,29,5700.59,1
CUST0142,30,94713,11,13.5,2,3,14,4756.65,0
CUST0143,51,167658,16,23.3,0,11,16,13382.33,1
CUST0144,34,61036,8,9.6,0,6,26,6689.38,0
CUST0145,36,105432,9,13.2,1,4,14,4588.69,0
CUST0146,27,30424,2,5.6,0,0,78,940.63,0
CUST0147,27,51201,3,5.4,1,1,79,1769.46,0
CUST0148,39,103100,9,13.7,2,3,11,6890.77,0
CUST0149,24,78578,10,11.4,1,6,17,6331.97,0
CUST0150,29,46467,3,5.8,2,1,73,1611.81,0
CUST0151,53,179433,19,18.6,1,9,8,14019.34,1
CUST0152,50,192780,19,28.0,1,10,5,13211.24,1
CUST0153,32,44871,4,5.4,1,3,78,2240.12,0
CUST0154,30,104985,8,12.3,1,5,18,5764.49,0
CUST0155,30,44992,2,6.5,1,1,59,2782.84,0
CUST0156,42,109955,14,8.2,1,3,18,5067.24,0
CUST0157,19,45015,3,6.2,2,1,67,3389.24,0
CUST0158,23,73961,6,12.0,1,3,38,4871.93,0
CUST0159,30,74013,9,12.4,0,4,24,5451.36,0
CUST0160,33,87170,9,13.3,2,4,21,6144.07,1
CUST0161,24,49113,3,7.4,3,0,72,959.62,0
CUST0162,43,126375,19,18.7,1,8,4,10820.9,1
CUST0163,30,61672,3,6.2,1,0,94,500.0,0
CUST0164,26,41188,2,5.0,2,0,52,1708.59,0
CUST0165,33,64685,8,11.9,2,3,23,5117.2,0
CUST0166,46,71080,10,12.5,2,5,7,5673.38,0
CUST0167,46,177417,21,22.8,1,6,6,11055.42,1
CUST0168,52,188618,19,11.8,0,12,5,12268.6,1
CUST0169,27,51944,3,6.2,2,1,104,2092.35,0
CUST0170,51,194678,22,19.7,1,10,15,12701.7,1
CUST0171,25,37588,2,1.4,1,1,65,2861.66,0
CUST0172,48,94182,10,12.6,2,4,27,6212.66,0
CUST0173,29,62109,2,6.1,2,2,72,500.0,0
CUST0174,32,203218,19,24.0,0,7,8,11663.36,1
CUST0175,27,66906,3,7.1,2,2,69,874.76,1
CUST0176,31,33271,2,4.5,3,2,81,2070.24,0
CUST0177,39,71037,5,12.3,1,5,35,6868.16,0
CUST0178,45,177488,25,25.4,1,8,4,13207.36,1
CUST0179,46,162015,23,19.9,0,10,5,13117.51,1
CUST0180,35,102645,6,10.9,1,3,13,5734.88,0
CUST0181,47,114018,21,16.0,1,8,4,10108.7,1
CUST0182,43,180306,18,23.9,1,8,4,10342.14,1
CUST0183,35,52044,8,10.0,2,2,14,4652.27,0
CUST0184,22,36311,3,2.0,0,1,94,705.23,0
CUST0185,47,123710,8,12.0,2,2,31,4029.21,0
CUST0186,36,74671,7,12.6,2,4,24,5741.58,0
CUST0187,43,103109,14,11.2,1,5,30,6651.14,1
CUST0188,30,34551,2,5.6,2,1,46,500.0,0
CUST0189,27,87526,7,10.5,1,3,33,5307.12,0
CUST0190,24,38100,3,6.4,1,1,44,2017.76,0
CUST0191,46,212229,17,21.7,1,9,7,12772.16,1
CUST0192,35,41979,3,4.4,2,0,87,2460.67,0
CUST0193,18,37067,4,6.3,2,2,79,3069.27,0
CUST0194,58,174328,21,20.1,0,12,8,14981.05,1
CUST0195,23,42098,4,6.3,0,1,97,1287.04,0
CUST0196,38,48141,2,4.9,2,1,88,1676.4,0
CUST0197,39,87200,11,10.1,0,5,28,6956.8,0
CUST0198,45,185474,19,19.5,1,12,2,14654.35,1
CUST0199,26,38097,0,6.1,1,0,84,1612.5,0
CUST0200,29,42414,4,8.0,2,0,75,1397.04,0
CUST0201,41,126367,10,15.2,1,4,27,6007.15,0
CUST0202,56,200680,17,23.9,1,10,8,14036.44,1
CUST0203,49,94950,10,10.2,2,5,29,5024.14,0
CUST0204,34,44582,1,7.1,1,2,71,2239.48,0
CUST0205,21,33064,2,6.7,1,0,84,500.0,0
CUST0206,18,35889,2,6.9,1,2,62,1536.37,0
CUST0207,28,37031,2,7.5,3,0,71,716.19,0
CUST0208,37,90085,11,14.7,1,4,29,5611.12,0
CUST0209,26,33275,2,7.7,1,2,65,2321.47,0
CUST0210,29,59634,11,10.2,1,3,26,3943.46,0
CUST0211,41,73867,8,11.2,0,3,25,4489.99,0
CUST0212,37,79508,10,15.2,1,5,22,6847.81,0
CUST0213,30,26039,3,7.3,1,2,62,806.99,0
CUST0214,35,158765,22,15.3,0,7,7,10487.91,0
CUST0215,45,97924,9,12.9,0,5,16,7515.7,0
CUST0216,39,87180,10,5.7,1,4,24,6156.79,0
CUST0217,20,40727,3,5.7,2,2,57,2373.43,0
CUST0218,18,43616,2,4.9,1,1,98,500.0,0
CUST0219,38,209912,18,20.9,0,7,6,13660.92,1
CUST0220,31,100361,8,8.1,2,5,31,5740.11,1
CUST0221,31,45523,2,3.1,2,2,55,2637.36,0
CUST0222,44,103951,8,8.4,1,5,20,5851.18,0
CUST0223,52,103211,10,14.1,1,4,23,5913.37,0
CUST0224,51,152941,20,18.0,1,8,9,12021.02,1
CUST0225,27,42097,2,4.6,1,2,70,1349.82,0
CUST0226,55,182565,20,20.2,1,8,6,12618.5,1
CUST0227,21,34300,3,8.1,0,1,53,1297.22,0
CUST0228,34,81459,9,10.8,0,5,29,6964.96,0
CUST0229,40,100815,7,12.0,1,6,37,5455.97,0
CUST0230,21,50826,3,4.0,2,1,80,1620.94,0
CUST0231,27,40489,4,6.4,2,1,57,1262.24,0
CUST0232,44,105615,9,15.1,2,4,18,7569.14,1
CUST0233,48,156170,17,16.6,1,8,16,9765.9,1
CUST0234,42,114469,9,13.3,0,3,16,4272.65,1
CUST0235,32,130622,18,18.5,1,9,10,11765.72,0
CUST0236,47,172890,20,21.4,1,8,5,12050.39,1
CUST0237,32,79404,7,14.2,1,3,30,4342.89,0
CUST0238,46,81406,8,12.1,2,4,16,6020.6,0
CUST0239,38,41989,0,6.0,3,2,98,500.0,0
CUST0240,22,44018,1,4.5,1,2,83,2016.62,0
CUST0241,45,145600,21,24.5,1,8,0,10023.88,1
CUST0242,34,77988,12,14.8,1,4,23,6270.87,0
CUST0243,29,48534,4,3.7,2,1,37,500.0,0
CUST0244,42,91820,9,16.3,0,4,26,5499.93,0
CUST0245,25,112558,8,16.5,1,5,24,6926.91,0
CUST0246,48,173267,17,20.6,0,13,7,15808.25,1
CUST0247,40,68858,8,12.5,2,4,34,5681.06,0
CUST0248,37,128243,8,10.3,0,7,30,7899.37,0
CUST0249,43,121458,6,11.4,1,2,31,4464.41,0
CUST0250,56,84348,8,12.3,2,3,20,5851.87,0
CUST0251,21,70393,12,12.9,1,4,24,6459.45,0
CUST0252,42,172096,19,22.7,0,10,10,13316.52,1
CUST0253,37,76642,9,14.8,1,3,21,5298.28,0
CUST0254,29,46705,3,7.6,2,0,59,1098.28,0
CUST0255,20,38024,2,4.5,1,2,75,3980.47,0
CUST0256,35,90066,9,13.0,2,3,30,5257.78,0
CUST0257,53,197958,17,21.0,0,7,10,10806.79,1
CUST0258,28,37298,2,6.6,1,0,74,1567.36,0
CUST0259,23,50436,2,8.2,1,2,63,4143.11,0
CUST0260,29,81644,10,14.3,1,4,29,5938.62,0
CUST0261,22,44116,4,7.9,2,1,82,1018.35,0
CUST0262,42,132532,20,21.6,1,10,8,12652.7,1
CUST0263,29,35464,3,6.5,1,1,63,1119.82,0
CUST0264,34,51591,3,8.5,1,3,69,3342.55,0
CUST0265,50,186725,19,26.3,1,9,4,13063.77,1
CUST0266,23,35011,5,5.1,0,1,71,2167.86,0
CUST0267,31,36196,3,4.2,1,0,55,1846.11,0
CUST0268,32,42353,3,2.9,2,1,81,1528.37,0
CUST0269,18,35591,3,6.5,1,0,62,657.93,0
CUST0270,18,34603,3,3.7,1,2,54,1964.38,0
CUST0271,24,36836,4,5.0,2,1,67,1896.78,0
CUST0272,33,37064,3,5.4,2,0,86,951.53,0
CUST0273,34,62106,4,7.6,2,0,46,1922.73,0
CUST0274,30,88996,10,8.8,1,6,16,7819.23,0
CUST0275,42,107557,10,14.0,0,5,18,7340.64,1
CUST0276,41,95391,7,9.0,2,4,32,5315.02,0
CUST0277,32,38666,3,4.5,3,0,67,768.32,0
CUST0278,40,115790,8,12.9,0,4,22,5629.5,0
CUST0279,45,160385,18,15.2,0,11,1,12283.56,1
CUST0280,60,184983,18,24.9,0,11,3,14750.96,1
CUST0281,20,40045,3,4.8,2,1,81,1634.7,0
CUST0282,24,43363,3,8.6,2,2,115,2159.1,0
CUST0283,31,32919,2,4.7,2,1,74,2023.88,0
CUST0284,26,35970,4,6.7,0,1,74,2316.47,0
CUST0285,40,99363,9,10.5,1,4,24,4302.8,0
CUST0286,38,85498,9,13.1,0,2,22,5309.46,0
CUST0287,31,28785,2,5.9,2,1,59,1320.33,0
CUST0288,44,77108,8,6.1,1,3,17,4779.71,1
CUST0289,19,93448,7,13.1,0,4,22,6080.7,0
CUST0290,25,28173,1,4.6,1,1,81,667.78,0
CUST0291,46,170872,20,26.6,0,9,8,12569.79,1
CUST0292,18,37402,1,2.9,1,0,80,889.16,0
CUST0293,46,116685,18,22.2,1,8,10,9151.99,1
CUST0294,31,57040,3,5.4,0,0,74,934.37,0
CUST0295,48,167993,21,21.4,1,9,7,13214.54,1
CUST0296,67,174756,20,22.6,2,10,2,14164.56,0
CUST0297,48,131739,20,19.0,1,9,13,13040.22,1
CUST0298,48,155290,22,20.0,0,11,5,13443.13,1
CUST0299,43,121053,10,15.2,0,4,17,6621.35,0
CUST0300,38,67397,7,9.0,1,6,34,4543.56,0
CUST0301,45,65275,8,14.4,1,2,28,2272.07,0
CUST0302,33,42165,2,6.8,2,2,84,2790.14,0
CUST0303,40,91432,9,9.3,0,4,26,6993.47,0
CUST0304,46,107269,9,13.3,1,6,28,6367.93,0
CUST0305,59,160287,20,22.6,0,10,3,12347.39,0
CUST0306,40,85128,10,11.9,1,5,19,6543.59,1
CUST0307,25,75272,12,12.8,0,2,23,6105.9,0
CUST0308,48,95630,10,9.1,2,4,30,5024.3,0
CUST0309,29,40613,3,5.1,1,2,87,1275.3,0
CUST0310,22,31337,4,2.9,2,1,69,1609.35,0
CUST0311,31,101483,9,9.2,1,6,36,7584.44,1
CUST0312,41,103613,10,13.7,1,4,20,4686.79,0
CUST0313,28,47018,1,6.5,3,1,71,1541.98,0
CUST0314,29,93251,8,10.8,1,6,37,7165.44,1
CUST0315,57,83159,8,8.1,2,5,41,4528.77,0
CUST0316,27,49254,1,7.7,2,1,81,698.9,0
CUST0317,34,60356,11,14.6,1,4,22,5931.44,0
CUST0318,30,106833,9,16.4,1,3,33,6143.17,0
CUST0319,34,36124,2,5.2,1,1,91,1269.97,0
CUST0320,37,208284,19,19.1,1,7,11,11078.02,0
CUST0321,48,202167,20,23.6,1,10,8,13335.08,1
CUST0322,30,90068,9,12.9,1,4,23,4525.56,0
CUST0323,20,26390,3,6.2,2,1,45,500.0,0
CUST0324,29,99773,8,12.2,1,5,25,6114.87,0
CUST0325,49,133469,20,28.9,1,10,7,10925.5,1
CUST0326,48,77363,8,11.6,0,3,24,4166.73,0
CUST0327,42,178581,18,20.5,1,9,6,12537.34,1
CUST0328,36,91289,8,10.1,1,5,27,6452.93,0
CUST0329,43,104961,11,11.8,2,4,28,6393.07,0
CUST0330,22,48312,5,4.9,2,1,65,3137.4,0
CUST0331,34,64600,8,8.2,1,7,21,5534.06,0
CUST0332,22,53694,2,4.6,1,2,69,1816.28,0
CUST0333,36,69650,10,8.1,1,5,26,6458.47,0
CUST0334,56,189042,20,23.8,1,8,3,12484.06,1
CUST0335,33,33573,2,6.2,1,0,77,500.0,0
CUST0336,48,119198,7,11.3,1,6,21,6953.21,0
CUST0337,24,48499,1,5.2,0,0,84,692.56,0
CUST0338,32,86469,10,14.2,0,3,25,5342.41,0
CUST0339,28,39256,2,5.1,2,0,71,805.45,0
CUST0340,45,189928,22,20.8,1,8,6,12902.81,1
CUST0341,28,31872,2,8.7,1,0,92,774.23,0
CUST0342,47,156714,19,16.9,1,9,13,11662.95,1
CUST0343,47,236227,21,18.6,1,8,3,12529.97,1
CUST0344,23,71613,9,11.1,1,3,29,3749.84,1
CUST0345,24,72519,10,15.7,1,5,24,5539.9,0
CUST0346,28,69540,10,9.5,1,2,26,3749.34,0
CUST0347,50,197130,17,21.2,0,8,6,11249.36,1
CUST0348,18,25000,1,6.4,0,0,97,500.0,0
CUST0349,43,100600,6,11.5,0,7,13,6839.14,0
CUST0350,18,54173,5,4.8,1,0,69,1078.2,0
CUST0351,39,96322,10,11.3,0,5,24,7465.9,1
CUST0352,18,29092,2,3.9,2,1,87,1171.67,0
CUST0353,47,97515,9,15.3,1,4,18,6781.84,0
CUST0354,37,110926,5,11.9,1,3,41,4863.4,0
CUST0355,38,57954,8,14.2,1,3,33,5646.39,0
CUST0356,34,86168,8,9.8,0,3,17,3747.87,0
CUST0357,39,117212,8,12.7,1,4,29,6825.76,1
CUST0358,35,84279,7,10.2,1,3,27,5760.16,0
CUST0359,40,73454,8,10.5,1,3,31,4416.31,0
CUST0360,27,94051,11,12.6,2,6,22,7038.59,0
CUST0361,42,195323,20,21.8,1,12,8,14463.73,1
CUST0362,32,39111,3,5.8,2,0,50,500.0,0
CUST0363,23,47712,2,5.8,1,1,80,1944.53,0
CUST0364,27,61789,2,4.5,1,1,70,1720.55,0
CUST0365,30,87610,9,10.8,1,4,30,5552.65,1
CUST0366,33,99153,10,13.9,1,5,23,7021.95,1
CUST0367,32,79945,9,12.9,1,4,23,3805.02,1
CUST0368,36,87435,12,9.3,1,1,21,3800.53,0
CUST0369,33,49745,3,4.9,2,1,61,500.0,0
CUST0370,53,224190,19,18.7,0,10,2,14204.21,1
CUST0371,41,86485,10,12.4,1,6,22,7802.12,1
CUST0372,34,55218,3,6.3,2,1,80,931.59,0
CUST0373,47,105594,8,10.4,1,5,17,6909.9,1
CUST0374,26,51090,2,5.2,1,2,61,2614.93,0
CUST0375,20,36518,4,5.8,1,1,70,4513.26,0
CUST0376,24,54780,1,5.6,3,1,48,1313.51,0
CUST0377,50,143189,17,19.3,1,11,10,12910.01,1
CUST0378,27,98532,7,11.5,1,3,17,5104.57,0
CUST0379,46,99712,9,10.4,0,3,27,5626.95,0
CUST0380,31,109272,9,8.9,2,4,27,6217.49,0
CUST0381,32,123946,11,13.8,1,3,33,5288.37,0
CUST0382,36,111937,20,18.6,0,10,13,12869.99,1
CUST0383,38,104203,11,11.2,1,4,28,6086.54,0
CUST0384,38,112077,11,13.1,2,4,35,6723.52,0
CUST0385,28,78970,10,12.9,2,3,30,5974.55,0
CUST0386,41,201601,22,22.8,1,9,7,13639.49,1
CUST0387,31,73222,8,12.5,1,4,28,4843.77,1
CUST0388,46,153730,20,15.5,0,11,2,13988.08,1
CUST0389,24,44626,4,4.8,2,1,65,963.83,0
CUST0390,56,160213,16,17.8,1,12,8,12958.97,1
CUST0391,36,83947,7,15.1,0,5,21,6035.26,0
CUST0392,22,35879,2,6.1,1,0,60,1949.96,0
CUST0393,41,85817,8,15.7,1,3,32,4481.7,0
CUST0394,38,90004,9,16.6,1,1,26,4190.27,0
CUST0395,29,44213,2,5.4,2,1,59,4088.05,0
CUST0396,38,66069,9,9.9,1,5,27,6343.39,0
CUST0397,60,134011,23,24.1,1,8,7,11032.91,0
CUST0398,25,25000,4,5.4,1,1,77,506.31,0
CUST0399,41,98305,9,9.5,1,2,17,4042.4,0
CUST0400,35,82834,13,12.8,1,4,20,4352.57,0
CUST0401,29,40387,2,6.6,0,1,56,3230.75,0
CUST0402,32,125642,19,19.6,0,12,8,13579.15,1
CUST0403,43,83913,8,13.3,0,6,25,8064.24,0
CUST0404,21,31542,3,5.6,1,0,54,898.54,0
CUST0405,43,205224,19,24.8,0,9,7,11577.05,1
CUST0406,47,184406,17,20.5,0,11,8,13750.3,1
CUST0407,33,48888,1,4.5,1,2,74,795.05,0
CUST0408,37,163617,15,22.6,1,12,10,13095.63,0
CUST0409,18,33337,3,2.3,1,0,73,500.0,0
CUST0410,48,201409,19,18.7,1,7,8,11805.73,0
CUST0411,33,85715,8,12.5,1,4,32,5029.44,0
CUST0412,42,89807,8,17.3,1,4,19,7541.3,0
CUST0413,22,46613,3,4.7,2,1,75,1408.4,0
CUST0414,49,166536,17,26.1,0,10,6,14296.26,1
CUST0415,22,33271,3,3.4,1,0,75,500.0,0
CUST0416,33,30230,3,4.4,3,2,58,1088.62,0
CUST0417,25,40475,4,4.4,2,2,83,1816.88,0
CUST0418,24,73100,10,11.7,1,5,16,6118.05,0
CUST0419,22,54883,3,5.9,3,0,72,1290.28,0
CUST0420,50,136228,21,24.2,1,6,4,10534.11,1
CUST0421,18,109885,9,10.2,2,3,19,5734.53,0
CUST0422,36,45237,3,6.7,1,1,62,2035.97,0
CUST0423,30,43062,0,5.8,2,1,71,2548.95,0
CUST0424,18,44802,3,7.1,2,0,38,949.88,0
CUST0425,35,102818,9,14.8,1,5,28,8031.09,0
CUST0426,44,187061,23,21.7,1,10,10,13166.39,1
CUST0427,34,59014,3,5.6,1,1,70,2023.45,0
CUST0428,57,135355,18,21.3,2,8,5,10233.2,1
CUST0429,18,32975,5,6.4,1,1,73,2336.76,0
CUST0430,50,150965,21,18.9,0,6,2,9406.39,1
CUST0431,50,133815,11,17.9,0,8,12,9308.16,0
CUST0432,37,89323,7,11.9,1,4,22,4795.88,0
CUST0433,41,82830,9,11.8,0,4,20,5007.75,1
CUST0434,45,179741,17,28.6,1,11,9,15232.27,1
CUST0435,18,37984,3,5.7,2,2,77,2613.79,0
CUST0436,20,56527,3,4.6,1,1,62,772.81,0
CUST0437,25,36663,4,5.9,2,0,70,1181.78,0
CUST0438,37,107265,9,13.7,1,2,26,5560.3,0
CUST0439,41,84422,8,13.2,1,3,32,4195.16,0
CUST0440,51,103897,8,12.6,1,1,18,4150.93,0
CUST0441,49,194366,18,17.8,1,8,7,11406.58,1
CUST0442,18,38504,2,4.3,2,2,71,1606.0,0
CUST0443,37,88746,9,12.6,1,3,17,3797.19,0
CUST0444,28,46547,1,8.2,1,1,84,540.91,0
CUST0445,28,67717,3,7.9,2,1,58,3088.7,0
CUST0446,50,93200,4,11.3,1,4,29,4502.08,0
CUST0447,47,165820,18,24.7,0,10,7,11492.55,1
CUST0448,38,121699,10,8.2,0,5,23,7994.66,0
CUST0449,29,49615,2,4.9,2,1,72,2261.97,0
CUST0450,27,121631,8,10.7,1,4,21,6227.54,0
CUST0451,28,25000,4,5.3,2,0,65,500.0,0
CUST0452,43,184710,17,19.6,1,11,1,12274.47,1
CUST0453,29,77014,6,10.4,0,3,32,4885.3,0
CUST0454,20,28175,1,5.4,2,2,81,848.23,0
CUST0455,25,40189,5,2.9,1,2,51,1909.22,0
CUST0456,25,27636,3,6.5,2,0,73,500.0,0
CUST0457,63,167488,16,21.5,0,7,4,10264.12,1
CUST0458,42,98367,7,10.8,1,3,22,5461.76,0
CUST0459,39,115483,9,14.6,1,2,16,4548.14,0
CUST0460,37,99834,11,12.7,1,2,24,5025.92,0
CUST0461,54,109849,10,9.9,1,4,19,6659.68,0
CUST0462,20,52771,3,2.9,1,1,86,1136.02,0
CUST0463,49,130808,15,24.4,1,10,11,12600.66,1
CUST0464,21,57582,3,4.9,1,1,49,2648.2,0
CUST0465,40,81654,9,10.3,1,6,34,6998.08,0
CUST0466,44,108079,8,11.8,0,5,38,6627.49,0
CUST0467,42,75534,8,13.4,1,3,19,5058.57,0
CUST0468,40,156353,20,20.5,0,11,0,12979.94,1
CUST0469,27,47054,4,4.4,2,1,48,3486.43,0
CUST0470,41,96239,9,10.9,1,2,24,4150.01,1
CUST0471,41,107239,8,13.7,1,3,22,5246.74,0
CUST0472,41,93754,6,8.4,1,3,26,5389.36,0
CUST0473,18,57069,3,4.9,1,1,55,2723.14,0
CUST0474,33,38394,1,4.9,0,1,70,2027.12,0
CUST0475,33,49385,4,5.4,2,0,82,500.0,0
CUST0476,20,42049,2,6.1,0,0,91,1458.11,0
CUST0477,37,106312,10,12.3,2,3,24,5505.44,0
CUST0478,34,91165,9,9.7,1,3,22,4870.98,0
CUST0479,21,104254,8,14.7,1,4,37,5701.83,0
CUST0480,38,96646,9,13.9,1,3,20,5539.38,1
CUST0481,43,110875,7,10.4,0,6,26,7601.58,0
CUST0482,26,46583,2,7.1,3,0,58,500.0,0
CUST0483,46,87831,9,10.2,2,4,22,6134.43,0
CUST0484,25,42095,3,8.0,2,2,69,1618.08,0
CUST0485,28,29196,2,5.4,1,2,79,2884.73,0
CUST0486,38,75014,9,12.0,0,3,22,5387.71,0
CUST0487,33,97501,9,5.7,1,5,12,6491.81,0
CUST0488,22,42019,1,7.9,1,1,91,1761.6,0
CUST0489,32,97918,8,7.3,1,2,35,4387.79,0
CUST0490,32,59769,7,14.2,2,5,23,5332.68,0
CUST0491,54,86980,13,15.1,0,3,19,5814.77,0
CUST0492,61,72764,9,13.4,1,4,17,5746.27,1
CUST0493,40,99123,12,14.1,1,3,20,5652.53,1
CUST0494,24,33578,1,3.0,1,0,58,500.0,0
CUST0495,41,101843,8,11.0,1,3,19,6322.2,0
CUST0496,42,104810,5,15.0,1,5,27,6414.17,0
CUST0497,40,85012,11,8.5,1,6,20,6852.33,1
CUST0498,40,78219,9,13.9,1,5,30,7139.65,1
CUST0499,63,106872,10,10.1,1,6,36,8483.28,1
CUST0500,27,97794,7,8.7,1,5,30,6537.86,0
CUST0501,30,88320,6,7.6,1,3,30,5481.86,0
CUST0502,52,147809,14,21.4,0,8,13,9277.58,1
CUST0503,41,188614,20,22.1,0,8,10,13545.23,1
CUST0504,30,95423,13,12.2,2,3,24,6176.24,0
CUST0505,31,77047,11,14.6,2,6,25,6802.33,0
CUST0506,43,74280,7,13.1,1,4,32,5913.22,0
CUST0507,18,44280,3,3.2,1,0,72,2216.72,0
CUST0508,42,178690,20,22.2,1,9,12,13309.52,1
CUST0509,44,104277,10,14.5,1,4,25,4576.48,0
CUST0510,22,31321,4,6.3,1,1,76,2279.5,0
CUST0511,25,41956,3,2.6,1,1,70,978.82,0
CUST0512,61,156578,20,27.0,0,12,7,15739.02,1
CUST0513,28,41409,2,5.6,2,1,68,1156.2,0
CUST0514,34,35995,2,6.1,3,2,54,1770.45,0
CUST0515,25,56439,1,3.1,1,1,81,1710.73,0
CUST0516,30,52581,1,7.3,1,2,53,2439.67,0
CUST0517,33,27732,3,3.9,2,2,90,1049.4,0
CUST0518,48,63708,10,14.1,1,3,31,3830.16,0
CUST0519,26,48439,2,4.5,2,2,104,500.0,0
CUST0520,40,191489,17,19.0,0,9,8,12661.95,1
CUST0521,38,183922,19,24.5,0,6,7,11863.16,1
CUST0522,36,76074,12,9.7,1,5,11,7635.73,0
CUST0523,32,47023,2,3.9,1,0,79,1409.18,0
CUST0524,40,104793,8,10.9,1,4,26,4987.26,0
CUST0525,30,49980,2,6.5,1,1,92,2057.0,0
CUST0526,53,78737,7,10.4,1,1,23,2998.38,0
CUST0527,50,149381,20,23.2,0,8,0,10581.8,1
CUST0528,48,140420,18,17.3,1,10,8,11897.07,1
CUST0529,48,65342,8,11.1,1,4,34,5783.44,0
CUST0530,31,47762,2,6.8,1,0,78,1078.13,0
CUST0531,37,78494,10,11.9,1,4,16,5045.75,0
CUST0532,42,70604,9,12.8,1,3,24,6302.61,0
CUST0533,45,95399,7,13.6,1,5,20,6290.19,0
CUST0534,39,97899,8,9.0,2,7,27,6302.79,1
CUST0535,30,54070,1,5.3,2,2,67,775.02,0
CUST0536,33,41256,3,4.8,1,2,77,2455.42,0
CUST0537,29,81167,9,10.8,1,4,17,5732.91,0
CUST0538,32,45538,3,6.0,1,0,76,664.53,0
CUST0539,35,47695,3,5.4,1,1,73,1807.55,0
CUST0540,54,147003,17,25.4,1,8,7,10984.75,1
CUST0541,51,230909,19,23.0,0,8,11,13066.33,1
CUST0542,45,61572,10,16.2,0,6,5,7975.6,0
CUST0543,31,176599,22,22.1,1,8,1,12649.87,0
CUST0544,55,113315,15,18.5,0,9,8,9382.95,1
CUST0545,30,37066,2,2.6,1,1,74,1481.23,0
CUST0546,35,94579,11,11.8,1,4,19,6608.87,0
CUST0547,41,90452,8,11.3,1,2,27,4595.95,0
CUST0548,23,59058,2,4.2,1,0,93,1952.45,0
CUST0549,30,118980,8,11.4,2,5,39,6755.05,0
CUST0550,33,60448,8,14.5,1,4,17,5571.91,0
CUST0551,41,92667,8,13.9,0,4,42,4436.89,1
CUST0552,26,37836,4,6.2,2,2,72,4829.93,0
CUST0553,28,26605,2,7.2,1,0,72,1770.02,0
CUST0554,45,116679,20,23.0,0,11,9,13624.69,1
CUST0555,30,46686,3,2.8,0,0,70,1300.26,0
CUST0556,33,52336,2,5.9,1,1,77,500.0,0
CUST0557,30,36638,4,5.0,2,1,95,1060.25,0
CUST0558,47,99362,9,14.4,3,4,25,6053.55,0
CUST0559,33,85546,6,9.4,1,4,36,5583.42,0
CUST0560,32,111995,11,12.1,1,5,17,7470.14,1
CUST0561,25,43848,2,6.1,1,0,82,1690.42,0
CUST0562,24,33345,2,4.7,1,2,79,2243.75,0
CUST0563,53,154259,20,20.2,1,10,6,11394.76,1
CUST0564,36,59754,10,14.1,3,4,20,4407.56,0
CUST0565,39,77019,9,7.6,2,3,24,3435.65,0
CUST0566,35,89819,10,15.2,1,5,34,7062.99,0
CUST0567,46,107168,10,8.8,0,4,29,6082.88,0
CUST0568,34,52792,4,3.9,2,1,49,1692.91,0
CUST0569,41,122284,9,17.4,1,4,15,7715.09,1
CUST0570,32,110499,11,14.5,1,4,24,7191.12,0
CUST0571,29,59774,3,5.1,2,2,100,3029.79,0
CUST0572,46,179977,23,22.3,1,9,6,12664.77,1
CUST0573,51,86164,9,10.1,1,6,35,6928.81,1
CUST0574,36,98448,10,12.1,1,5,22,6516.94,0
CUST0575,66,133686,16,18.1,1,10,9,11719.57,1
CUST0576,32,86094,9,8.5,0,3,29,5185.24,0
CUST0577,35,126427,21,12.7,1,6,10,8475.39,1
CUST0578,63,53629,10,8.0,1,4,25,4280.39,0
CUST0579,37,197282,18,16.8,1,9,13,13243.23,1
CUST0580,26,43089,4,6.2,2,1,71,2722.51,1
CUST0581,34,80967,8,8.9,1,6,23,7235.16,1
CUST0582,42,87418,8,12.4,1,1,30,3950.09,0
CUST0583,21,28771,3,7.9,2,0,75,617.54,0
CUST0584,42,42226,10,9.8,0,4,27,3611.44,0
CUST0585,53,166221,17,18.1,1,7,10,10256.56,1
CUST0586,24,87652,10,9.1,1,4,19,6521.21,0
CUST0587,29,56574,4,6.1,1,1,68,2439.57,0
CUST0588,31,61198,2,3.5,1,2,71,3039.87,0
CUST0589,31,40575,2,4.9,1,2,71,2541.19,0
CUST0590,20,39895,4,4.7,1,1,79,2871.53,0
CUST0591,52,183701,16,18.1,0,7,9,10950.16,1
CUST0592,18,122887,7,16.5,0,3,9,6366.77,1
CUST0593,20,29647,3,6.6,3,1,75,500.0,0
CUST0594,33,97431,11,14.2,0,5,24,6709.85,1
CUST0595,23,57680,3,5.8,1,3,90,2235.34,0
CUST0596,25,43312,2,6.2,3,0,56,500.0,0
CUST0597,53,106027,11,11.4,1,2,29,5407.88,0
CUST0598,41,86626,9,12.4,2,2,29,4363.85,0
CUST0599,33,161451,23,26.0,1,12,7,15312.43,1
CUST0600,33,79159,5,14.8,1,3,16,4619.16,0
CUST0601,54,63426,8,9.7,2,4,20,5128.36,0
CUST0602,50,98751,10,6.1,1,6,33,5346.49,1
CUST0603,39,209488,20,18.7,1,5,4,10398.76,1
CUST0604,22,83901,11,8.8,1,4,36,5422.6,0
CUST0605,53,130514,18,19.6,1,10,9,11174.87,1
CUST0606,49,76698,9,11.6,1,2,34,3534.36,0
CUST0607,43,148736,22,24.0,1,10,6,12828.14,1
CUST0608,32,35759,4,5.0,2,2,72,1776.44,0
CUST0609,45,79394,9,12.0,2,4,37,5242.03,0
CUST0610,36,68933,7,10.8,2,4,21,6141.35,0
CUST0611,48,76350,8,16.0,1,4,29,6452.5,0
CUST0612,39,104824,7,12.0,0,3,20,5782.38,0
CUST0613,43,166340,16,22.3,1,9,6,12104.54,1
CUST0614,51,245649,19,20.6,1,12,10,13439.42,1
CUST0615,42,47601,1,5.9,1,2,59,2266.93,0
CUST0616,33,113778,9,10.8,0,2,15,5233.17,0
CUST0617,33,115128,8,11.5,0,5,39,5161.76,0
CUST0618,34,28977,3,7.3,2,1,97,2648.75,0
CUST0619,23,33720,3,3.4,1,1,65,1594.81,0
CUST0620,26,38081,4,5.9,3,1,69,500.0,0
CUST0621,23,96069,7,14.8,1,4,18,6442.16,1
CUST0622,30,109013,10,11.5,1,4,27,5508.91,0
CUST0623,43,205456,19,23.4,1,11,4,15054.5,0
CUST0624,40,85860,9,10.8,1,6,17,6200.68,0
CUST0625,52,220129,18,21.4,0,9,2,13650.53,1
CUST0626,37,83754,7,13.6,0,5,39,7352.27,0
CUST0627,33,96743,9,8.9,1,4,37,5407.13,0
CUST0628,19,32747,3,7.1,1,1,53,1514.41,0
CUST0629,34,86015,7,10.6,2,4,17,5176.71,0
CUST0630,40,200368,19,26.7,1,9,9,10641.92,1
CUST0631,47,203637,21,17.6,1,9,4,12965.0,1
CUST0632,58,173856,20,23.7,1,10,11,13509.79,1
CUST0633,34,41181,3,8.1,3,1,66,2777.96,0
CUST0634,40,84850,10,12.0,1,4,26,5486.21,0
CUST0635,34,50729,2,6.6,2,0,81,935.33,0
CUST0636,35,48400,3,5.7,1,0,60,1135.64,0
CUST0637,33,86038,9,10.5,1,6,29,6369.43,0
CUST0638,37,77712,8,14.2,1,3,24,5071.12,0
CUST0639,37,103887,10,16.9,2,6,44,7971.4,0
CUST0640,54,150459,19,19.1,1,8,5,11414.71,0
CUST0641,22,66711,7,10.1,1,4,31,5633.68,0
CUST0642,52,170451,22,23.8,1,11,0,13661.22,1
CUST0643,33,56142,1,7.6,1,0,69,812.08,0
CUST0644,30,48114,4,4.8,1,1,96,500.0,0
CUST0645,38,72630,9,11.7,1,4,28,5235.51,1
CUST0646,46,164806,15,22.4,0,11,9,13943.06,0
CUST0647,24,30817,2,7.4,3,0,66,517.94,0
CUST0648,23,64351,10,7.7,1,4,27,5088.86,0
CUST0649,44,94563,8,12.1,1,6,30,7989.51,0
CUST0650,23,39881,2,4.0,2,2,68,2427.31,0
CUST0651,43,68491,9,11.9,1,3,7,4084.39,0
CUST0652,48,208777,20,21.2,1,11,5,14068.74,1
CUST0653,49,96279,8,11.7,1,4,20,5291.89,1
CUST0654,24,37916,1,5.6,1,1,75,1838.29,0
CUST0655,51,158742,18,17.9,0,9,5,11834.0,1
CUST0656,18,49374,2,4.2,1,1,91,914.12,0
CUST0657,55,117928,24,28.3,0,9,5,11972.65,1
CUST0658,31,40986,2,5.2,2,0,49,2643.58,0
CUST0659,36,83635,10,15.9,1,2,14,4543.31,1
CUST0660,24,103109,7,15.3,2,4,27,4819.81,0
CUST0661,24,32214,2,4.8,1,2,61,3432.62,0
CUST0662,59,138570,19,19.5,1,10,11,13049.21,1
CUST0663,28,34961,2,3.8,1,1,45,1489.9,0
CUST0664,33,36733,1,6.2,0,2,69,3549.8,0
CUST0665,32,41095,2,3.4,2,1,97,1762.55,0
CUST0666,29,68104,12,10.3,2,5,26,5908.03,0
CUST0667,47,155400,21,20.6,0,10,7,13168.77,1
CUST0668,39,210111,23,23.7,1,9,11,13054.24,1
CUST0669,38,41570,4,3.4,2,2,72,1829.86,0
CUST0670,46,77677,9,9.3,2,5,24,5004.16,0
CUST0671,24,32053,1,4.5,0,1,82,728.86,0
CUST0672,32,91042,12,11.2,1,2,35,4343.13,0
CUST0673,47,180901,21,19.6,1,8,9,11476.54,1
CUST0674,34,90799,7,12.5,1,3,24,5125.29,0
CUST0675,36,73911,13,14.3,1,5,10,4691.37,0
CUST0676,26,86214,9,14.0,0,4,24,6229.23,1
CUST0677,57,162308,23,18.6,1,9,6,12837.01,1
CUST0678,18,40994,11,14.7,2,4,15,4946.25,1
CUST0679,20,56837,5,6.2,1,0,94,1229.93,0
CUST0680,41,80628,9,8.8,2,4,32,5126.34,0
CUST0681,19,48837,2,4.8,2,1,48,1506.88,0
CUST0682,24,39977,3,5.3,1,1,86,500.0,0
CUST0683,18,50472,2,4.2,2,0,58,500.0,0
CUST0684,48,78270,10,10.2,1,3,24,5045.78,0
CUST0685,43,80513,10,16.7,0,3,22,5125.71,0
CUST0686,19,54635,1,5.2,2,1,58,500.0,0
CUST0687,31,93283,6,13.8,1,4,34,5138.97,0
CUST0688,44,159994,19,18.5,0,8,8,11374.71,0
CUST0689,53,102149,11,13.7,2,6,31,8002.11,0
CUST0690,37,84594,10,10.4,1,1,36,3553.29,0
CUST0691,35,44702,4,3.6,3,2,75,3205.95,0
CUST0692,45,202550,14,22.7,1,12,2,15515.09,1
CUST0693,24,31001,1,6.1,1,2,63,835.94,0
CUST0694,29,39503,3,6.5,2,1,57,1686.73,0
CUST0695,37,141844,17,20.4,0,10,2,10776.43,1
CUST0696,36,66725,8,11.1,1,4,19,6554.21,0
CUST0697,31,91512,9,14.7,1,5,24,7862.05,0
CUST0698,39,85803,10,11.6,2,4,21,5381.78,0
CUST0699,42,76879,11,9.2,1,5,9,8171.35,0
CUST0700,27,47143,3,5.9,2,1,97,1693.55,0
CUST0701,32,25748,5,4.6,3,1,87,500.0,0
CUST0702,25,56211,3,6.9,0,1,78,2060.87,0
CUST0703,24,42439,4,2.1,2,1,59,1826.96,0
CUST0704,55,161487,21,23.6,1,8,5,12418.94,1
CUST0705,20,26836,3,4.7,2,2,54,1921.68,0
CUST0706,41,109826,7,13.3,2,4,23,6291.55,0
CUST0707,42,98980,7,14.2,2,4,14,5796.11,0
CUST0708,28,84237,6,13.3,1,2,26,4131.23,0
CUST0709,34,77176,8,10.8,1,4,23,5063.35,0
CUST0710,58,77668,8,19.2,1,2,30,3754.49,1
CUST0711,46,153565,23,22.7,1,10,6,13486.82,1
CUST0712,39,118826,11,12.5,1,4,15,6607.31,0
CUST0713,45,173779,19,23.3,1,9,3,13859.14,1
CUST0714,47,156094,18,25.6,1,10,7,13121.94,1
CUST0715,36,95409,8,12.6,1,5,20,7100.98,1
CUST0716,23,37239,1,7.0,1,1,90,595.31,0
CUST0717,29,103327,11,13.6,1,4,20,5707.16,1
CUST0718,31,35760,3,5.0,1,1,66,652.02,0
CUST0719,25,84057,9,10.1,1,4,28,5406.55,0
CUST0720,48,132170,20,18.2,1,8,10,9784.83,1
CUST0721,41,108727,12,12.1,2,4,32,5497.23,0
CUST0722,19,72054,10,9.1,1,5,20,5298.36,0
CUST0723,21,41089,3,5.0,3,0,91,500.0,0
CUST0724,56,194415,18,22.7,1,8,9,13459.59,1
CUST0725,30,48049,1,6.2,1,1,102,875.61,0
CUST0726,33,33470,2,7.4,2,0,80,500.0,0
CUST0727,23,51461,4,4.2,1,1,60,2116.05,0
CUST0728,25,42440,3,5.7,1,1,70,1530.88,0
CUST0729,40,60963,8,11.4,0,6,24,6629.59,1
CUST0730,37,70555,9,9.9,1,1,16,4837.33,0
CUST0731,34,54489,3,4.8,1,2,73,4444.72,0
CUST0732,38,40588,4,8.0,1,1,58,859.13,0
CUST0733,25,42471,3,2.7,2,1,79,1749.08,0
CUST0734,37,56021,9,12.4,0,4,21,4205.04,0
CUST0735,23,38342,2,7.4,1,1,66,1911.59,0
CUST0736,43,100989,10,9.0,0,4,19,5214.95,1
CUST0737,18,39691,2,4.3,2,1,87,908.06,0
CUST0738,28,29381,2,3.6,1,0,77,500.0,0
CUST0739,18,99158,11,10.3,1,4,35,4720.71,0
CUST0740,60,85630,6,10.7,0,4,30,4581.43,0
CUST0741,32,26248,1,5.2,1,1,54,1406.63,0
CUST0742,30,43803,3,3.3,2,1,70,2274.48,0
CUST0743,57,202556,21,18.1,0,11,7,13463.59,1
CUST0744,21,38182,3,3.8,1,2,75,3017.59,0
CUST0745,38,52612,7,13.7,0,4,26,6319.15,0
CUST0746,32,89160,10,11.7,2,3,25,5548.31,1
CUST0747,32,43340,3,5.8,2,1,63,2624.86,0
CUST0748,29,92893,5,10.7,2,4,25,2693.15,0
CUST0749,40,97444,11,11.5,1,2,23,3840.65,0
CUST0750,40,204225,18,21.7,0,6,10,8994.68,1
CUST0751,26,44074,2,2.7,1,0,61,1650.88,0
CUST0752,28,43424,3,5.3,2,1,78,500.0,0
CUST0753,29,45880,3,4.7,3,1,78,1810.28,0
CUST0754,35,79548,6,15.4,1,5,46,6096.15,1
CUST0755,36,74403,8,11.1,1,2,35,4258.27,0
CUST0756,31,46239,3,6.5,2,1,83,1569.61,0
CUST0757,36,37698,3,6.1,1,0,67,501.18,0
CUST0758,43,171921,22,22.7,0,10,5,13674.7,1
CUST0759,25,41079,2,7.5,1,2,85,2531.41,0
CUST0760,46,82673,10,9.9,0,6,17,8073.3,0
CUST0761,34,89282,7,12.0,0,4,30,5813.14,0
CUST0762,32,41936,2,6.6,1,0,98,524.15,0
CUST0763,24,52619,2,3.2,1,2,84,1752.38,0
CUST0764,31,39600,2,6.0,1,1,76,500.0,0
CUST0765,45,191729,14,19.9,0,11,7,14748.8,1
CUST0766,24,44156,2,6.8,1,0,78,1870.7,0
CUST0767,35,40738,1,1.0,0,1,71,1699.5,0
CUST0768,20,38282,3,5.8,1,2,63,1463.82,0
CUST0769,33,40804,2,6.9,3,1,89,1962.14,0
CUST0770,38,69479,9,10.6,1,3,22,5229.02,0
CUST0771,18,35284,1,5.9,2,1,61,1457.94,0
CUST0772,28,101870,10,14.1,1,5,21,7452.14,0
CUST0773,36,51261,8,12.2,1,6,16,5871.65,0
CUST0774,44,191816,23,18.9,0,7,11,12588.54,1
CUST0775,18,30240,3,6.3,0,1,95,984.44,0
CUST0776,52,136808,18,20.6,0,7,12,9337.79,1
CUST0777,34,89589,10,10.7,1,2,27,2475.35,0
CUST0778,32,47600,1,3.7,1,1,44,1642.56,0
CUST0779,35,98405,9,10.8,0,4,17,5585.7,0
CUST0780,57,164010,20,16.7,1,9,11,11385.79,1
CUST0781,33,41171,1,9.3,1,1,77,1649.55,1
CUST0782,46,158891,16,27.5,1,10,6,12231.49,0
CUST0783,25,87430,8,14.6,0,3,18,6553.89,0
CUST0784,42,105522,9,9.0,0,5,15,7092.62,0
CUST0785,50,177261,17,18.1,1,8,0,11887.14,1
CUST0786,41,112285,9,14.2,1,6,17,7640.15,1
CUST0787,46,194957,18,27.2,2,9,9,13654.15,1
CUST0788,19,53307,3,5.2,2,0,69,500.0,0
CUST0789,45,99226,10,8.7,1,5,33,8235.55,0
CUST0790,34,78123,9,12.0,1,5,16,5429.26,0
CUST0791,24,30942,2,5.3,1,2,71,2743.21,0
CUST0792,37,80995,9,13.6,1,5,18,7067.1,0
CUST0793,32,42548,4,3.8,0,1,53,704.54,0
CUST0794,26,37682,2,4.6,3,0,53,1398.92,0
CUST0795,39,37264,3,7.1,1,0,82,1270.41,0
CUST0796,20,25000,3,5.1,1,0,57,500.0,0
CUST0797,27,47251,5,5.5,2,0,49,1108.06,0
CUST0798,27,34975,1,8.1,1,0,85,500.0,0
CUST0799,32,81345,10,13.3,1,4,28,6416.99,1
CUST0800,36,66875,10,12.1,1,6,14,8268.18,0
