ticket_id,created_at,channel,priority,category,customer_segment,region,resolution_hours,sla_missed,satisfaction_score,first_response_minutes
TCK-00001,2026-01-05 09:33:00,web,medium,delivery,B2C,Central,2.83,0,4,51
TCK-00002,not_a_date,web,high,delivery,B2C,North-West,12.59,0,4,47
TCK-00003,2026-01-05 12:13:00,chat,medium,billing,B2C,North-West,7.41,0,5,13
TCK-00004,2026-01-05 16:08:00,web,high,technical,B2C,Volga,15.01,0,3,66
TCK-00005,2026-01-05 14:40:00,phone,medium,access,B2C,Central,11.37,0,5,57
TCK-00006,2026-01-05 11:24:00,chat,low,billing,B2C,Central,1.11,0,5,43
TCK-00007,2026-01-05 13:48:00,phone,medium,delivery,SMB,North-West,4.29,0,5,33
TCK-00008,2026-01-05 10:22:00,email,medium,billing,SMB,North-West,6.31,0,3,68
TCK-00009,2026-01-05 11:46:00,web,high,access,B2C,South,15.59,0,4,37
TCK-00010,2026-01-05 14:51:00,chat,low,technical,B2C,Central,3.73,0,5,35
TCK-00011,2026-01-06 19:10:00,chat,low,billing,B2C,Volga,1.6,0,4,46
TCK-00012,2026-01-06 17:29:00,web,medium,delivery,B2C,North-West,8.69,0,4,59
TCK-00013,2026-01-06 15:08:00,chat,medium,billing,SMB,South,2.39,0,5,34
TCK-00014,2026-01-07 10:57:00,chat,low,delivery,SMB,Central,5.82,0,5,23
TCK-00015,2026-01-07 19:53:00,email,medium,product,Enterprise,Siberia,9.52,0,4,98
TCK-00016,2026-01-07 21:14:00,chat,low,delivery,B2C,South,9.99,0,5,28
TCK-00017,2026-01-07 14:30:00,web,low,technical,SMB,South,5.34,0,5,56
TCK-00018,2026-01-08 09:23:00,phone,medium,billing,B2C,South,4.58,0,4,79
TCK-00019,2026-01-08 18:08:00,web,low,technical,SMB,Central,7.16,0,4,39
TCK-00020,2026-01-08 11:47:00,chat,medium,billing,B2C,Siberia,0.46,0,4,25
TCK-00021,2026-01-08 21:44:00,phone,high,technical,B2C,Central,26.76,1,4,48
TCK-00022,2026-01-08 10:17:00,web,low,billing,Enterprise,Central,6.45,0,5,50
TCK-00023,2026-01-09 20:14:00,chat,high,product,B2C,Central,24.22,1,3,21
TCK-00024,2026-01-09 19:54:00,web,low,product,B2C,Siberia,1.82,0,4,55
TCK-00025,2026-01-09 18:23:00,email,medium,technical,SMB,North-West,10.06,0,5,63
TCK-00026,2026-01-09 10:41:00,email,low,technical,B2C,North-West,4.08,0,5,126
TCK-00027,2026-01-10 16:43:00,phone,high,billing,SMB,Central,17.78,0,4,33
TCK-00028,2026-01-10 18:35:00,chat,medium,delivery,Enterprise,Central,4.0,0,5,55
TCK-00029,2026-01-10 11:35:00,chat,medium,delivery,SMB,North-West,3.64,0,5,61
TCK-00030,2026-01-10 19:45:00,chat,medium,access,B2C,South,5.74,0,5,32
TCK-00031,2026-01-10 21:56:00,web,medium,technical,SMB,Volga,-1.0,0,5,78
TCK-00032,2026-01-10 14:35:00,web,low,product,SMB,Central,4.2,0,3,26
TCK-00033,2026-01-10 15:06:00,chat,medium,technical,Enterprise,Siberia,4.76,0,5,37
TCK-00034,2026-01-10 19:11:00,web,low,billing,B2C,Siberia,3.55,0,5,52
TCK-00035,2026-01-11 14:02:00,phone,high,delivery,SMB,Siberia,5.64,0,4,79
TCK-00036,2026-01-11 09:42:00,web,low,delivery,B2C,Central,14.22,0,5,36
TCK-00037,2026-01-11 13:58:00,web,medium,billing,B2C,Central,3.77,0,5,60
TCK-00038,2026-01-11 14:56:00,web,low,access,SMB,Volga,7.98,0,5,90
TCK-00039,2026-01-12 14:28:00,email,medium,technical,B2C,North-West,14.73,0,4,87
TCK-00040,2026-01-12 15:37:00,phone,low,delivery,B2C,North-West,20.01,0,5,56
TCK-00041,2026-01-12 13:29:00,chat,medium,delivery,B2C,Siberia,7.23,0,4,41
TCK-00042,2026-01-12 14:49:00,email,low,technical,SMB,Central,1.62,0,3,82
TCK-00043,2026-01-12 18:41:00,chat,high,product,SMB,Central,1.92,0,5,33
TCK-00044,2026-01-12 21:33:00,chat,low,billing,SMB,South,2.07,0,4,60
TCK-00045,2026-01-12 12:10:00,email,medium,technical,B2C,Central,4.94,0,4,106
TCK-00046,2026-01-13 12:28:00,email,low,technical,B2C,Siberia,6.57,0,4,89
TCK-00047,2026-01-13 08:23:00,web,low,technical,B2C,Central,,0,5,71
TCK-00048,2026-01-13 15:00:00,email,high,technical,B2C,Volga,12.4,0,5,68
TCK-00049,2026-01-13 16:46:00,chat,medium,product,SMB,South,2.3,0,4,13
TCK-00050,2026-01-13 21:44:00,phone,critical,product,B2C,Volga,8.67,1,3,47
TCK-00051,2026-01-13 17:05:00,web,medium,product,B2C,Siberia,3.87,0,5,68
TCK-00052,2026-01-13 17:46:00,chat,low,billing,SMB,Volga,2.24,0,4,39
TCK-00053,2026-01-13 15:01:00,chat,high,billing,B2C,Volga,4.44,0,3,16
TCK-00054,2026-01-14 16:17:00,email,low,delivery,SMB,South,5.08,0,5,63
TCK-00055,2026-01-14 12:12:00,web,medium,billing,B2C,Central,8.14,0,4,76
TCK-00056,2026-01-14 13:14:00,web,medium,technical,B2C,South,1.36,0,5,8
TCK-00057,2026-01-14 12:52:00,phone,low,billing,B2C,Central,5.86,0,5,51
TCK-00058,2026-01-14 11:47:00,chat,critical,access,SMB,South,8.22,1,4,26
TCK-00059,2026-01-14 12:02:00,chat,medium,billing,Enterprise,Central,0.51,0,5,31
TCK-00060,2026-01-14 14:12:00,email,low,technical,B2C,Volga,7.85,0,5,94
TCK-00061,2026-01-15 14:50:00,chat,medium,technical,B2C,Siberia,4.38,0,4,8
TCK-00062,2026-01-16 08:55:00,chat,medium,billing,B2C,Central,5.29,0,3,5
TCK-00063,2026-01-16 11:51:00,email,medium,access,SMB,Central,26.97,0,4,78
TCK-00064,2026-01-16 18:48:00,web,medium,access,Enterprise,North-West,17.07,0,5,77
TCK-00065,2026-01-17 12:44:00,chat,low,billing,SMB,Volga,10.65,0,4,35
TCK-00066,2026-01-17 20:00:00,phone,low,technical,Enterprise,Central,20.01,0,4,59
TCK-00067,2026-01-18 08:35:00,chat,low,access,SMB,Central,8.95,0,4,19
TCK-00068,2026-01-18 18:59:00,chat,medium,delivery,B2C,Siberia,13.55,0,4,39
TCK-00069,2026-01-18 13:57:00,email,high,technical,SMB,Central,8.71,0,3,100
TCK-00070,2026-01-19 19:43:00,email,medium,billing,Enterprise,North-West,9.71,0,5,152
TCK-00071,2026-01-19 12:22:00,chat,medium,product,B2C,Central,5.77,0,3,42
TCK-00072,2026-01-19 12:16:00,web,low,billing,SMB,Siberia,10.69,0,4,44
TCK-00073,2026-01-19 20:06:00,email,medium,product,SMB,North-West,8.75,0,4,94
TCK-00074,2026-01-19 21:18:00,web,critical,product,B2C,Central,9.39,1,3,40
TCK-00075,2026-01-19 15:44:00,email,low,billing,SMB,Volga,9.31,0,4,96
TCK-00076,2026-01-19 13:15:00,email,high,billing,Enterprise,Central,5.88,0,4,105
TCK-00077,2026-01-19 18:14:00,phone,high,product,B2C,Volga,1.27,0,4,57
TCK-00078,2026-01-19 13:07:00,chat,medium,technical,B2C,North-West,4.73,0,5,64
TCK-00079,2026-01-19 10:55:00,chat,low,technical,B2C,Central,6.45,0,4,40
TCK-00080,2026-01-19 19:09:00,email,critical,delivery,SMB,North-West,25.42,1,3,119
TCK-00081,2026-01-19 15:26:00,chat,medium,delivery,B2C,South,4.33,0,4,30
TCK-00082,2026-01-19 10:55:00,chat,low,billing,SMB,North-West,1.86,0,3,27
TCK-00083,2026-01-20 18:39:00,chat,high,delivery,Enterprise,Volga,18.22,0,4,58
TCK-00084,2026-01-20 10:38:00,chat,medium,technical,Enterprise,North-West,3.79,0,5,35
TCK-00085,2026-01-20 19:11:00,phone,medium,access,B2C,Central,3.96,0,4,36
TCK-00086,2026-01-20 18:12:00,email,low,technical,SMB,South,10.19,0,4,55
TCK-00087,2026-01-20 15:01:00,chat,low,product,B2C,Volga,2.31,0,5,24
TCK-00088,2026-01-20 19:20:00,web,low,technical,B2C,Volga,2.34,0,5,37
TCK-00089,2026-01-21 13:00:00,chat,low,delivery,SMB,Central,1.73,0,4,33
TCK-00090,2026-01-21 08:25:00,email,medium,product,B2C,Central,17.77,0,4,102
TCK-00091,2026-01-21 10:25:00,web,medium,billing,SMB,Central,4.97,0,4,58
TCK-00092,2026-01-21 12:19:00,web,medium,billing,SMB,South,17.07,0,3,64
TCK-00093,2026-01-21 11:44:00,phone,high,delivery,B2C,Central,6.95,0,4,56
TCK-00094,2026-01-21 11:00:00,email,low,technical,B2C,Central,2.84,0,5,90
TCK-00095,2026-01-21 14:49:00,email,low,product,SMB,Volga,16.17,0,4,96
TCK-00096,2026-01-21 16:12:00,chat,medium,technical,B2C,Central,4.76,0,5,28
TCK-00097,2026-01-21 10:26:00,web,medium,product,B2C,Volga,7.01,0,3,10
TCK-00098,2026-01-22 11:45:00,email,medium,technical,B2C,North-West,1.52,0,5,101
TCK-00099,2026-01-22 08:12:00,email,medium,access,B2C,Central,5.52,0,5,92
TCK-00100,2026-01-22 14:11:00,chat,high,billing,B2C,Volga,3.09,0,4,11
TCK-00101,2026-01-22 11:03:00,email,low,product,B2C,North-West,20.6,0,4,86
TCK-00102,2026-01-22 13:07:00,web,low,billing,B2C,Volga,11.46,0,5,62
TCK-00103,2026-01-22 20:48:00,email,medium,technical,Enterprise,Volga,6.68,0,5,96
TCK-00104,2026-01-22 19:51:00,chat,low,technical,B2C,Central,1.48,0,5,53
TCK-00105,2026-01-22 21:34:00,web,high,technical,B2C,North-West,4.8,0,5,43
TCK-00106,2026-01-23 21:55:00,email,medium,delivery,B2C,Siberia,11.12,0,4,121
TCK-00107,2026-01-23 20:33:00,web,medium,billing,B2C,Volga,5.46,0,5,18
TCK-00108,2026-01-23 19:33:00,email,medium,technical,SMB,North-West,10.01,0,4,56
TCK-00109,2026-01-23 21:52:00,web,critical,product,B2C,Volga,1.44,0,3,50
TCK-00110,2026-01-24 08:01:00,phone,high,technical,B2C,Siberia,11.25,0,4,41
TCK-00111,2026-01-24 21:12:00,chat,medium,billing,B2C,North-West,4.29,0,5,15
TCK-00112,2026-01-24 21:52:00,chat,high,product,B2C,Volga,5.79,0,4,42
TCK-00113,2026-01-24 15:54:00,web,high,billing,SMB,Central,9.62,0,5,61
TCK-00114,2026-01-25 10:57:00,email,critical,technical,B2C,Central,34.33,1,4,67
TCK-00115,2026-01-25 13:32:00,web,high,billing,SMB,Volga,14.47,0,4,3
TCK-00116,2026-01-25 15:46:00,chat,low,technical,B2C,Central,1.62,0,5,25
TCK-00117,2026-01-25 20:58:00,email,critical,billing,B2C,South,31.58,1,3,86
TCK-00118,2026-01-25 15:48:00,chat,high,technical,SMB,Central,32.37,1,3,59
TCK-00119,2026-01-26 19:06:00,email,medium,billing,Enterprise,Central,2.14,0,2,87
TCK-00120,2026-01-26 11:13:00,chat,medium,technical,B2C,Volga,4.22,0,4,62
TCK-00121,2026-01-26 20:25:00,chat,low,delivery,SMB,Siberia,4.05,0,5,67
TCK-00122,2026-01-26 13:30:00,phone,critical,technical,B2C,Siberia,3.77,0,5,23
TCK-00123,2026-01-26 15:06:00,email,medium,delivery,Enterprise,Central,2.66,0,5,103
TCK-00124,2026-01-26 19:28:00,web,medium,access,B2C,North-West,8.19,0,4,54
TCK-00125,2026-01-26 09:48:00,phone,low,technical,SMB,Siberia,1.93,0,5,78
TCK-00126,2026-01-26 10:16:00,chat,medium,billing,SMB,Central,6.19,0,3,2
TCK-00127,2026-01-26 16:59:00,phone,high,technical,SMB,Siberia,9.28,0,4,76
TCK-00128,2026-01-26 16:50:00,chat,medium,technical,B2C,Volga,16.02,0,3,4
TCK-00129,2026-01-27 08:40:00,email,low,product,B2C,Siberia,2.89,0,4,92
TCK-00130,2026-01-27 12:57:00,email,medium,delivery,B2C,Central,7.96,0,4,95
TCK-00131,2026-01-27 16:34:00,phone,low,delivery,B2C,Central,0.39,0,5,52
TCK-00132,2026-01-27 10:11:00,email,medium,delivery,B2C,Central,4.91,0,4,91
TCK-00133,2026-01-27 21:43:00,web,medium,technical,Enterprise,Central,9.14,0,4,29
TCK-00134,2026-01-27 16:15:00,chat,low,delivery,Enterprise,Siberia,4.28,0,5,22
TCK-00135,2026-01-27 19:38:00,email,high,technical,B2C,Central,17.31,0,2,115
TCK-00136,2026-01-27 15:45:00,email,low,product,B2C,Volga,5.23,0,5,63
TCK-00137,2026-01-27 16:17:00,web,medium,delivery,SMB,Siberia,12.69,0,5,52
TCK-00138,2026-01-27 12:40:00,chat,medium,product,B2C,Volga,3.92,0,5,3
TCK-00139,2026-01-28 10:20:00,chat,critical,product,B2C,Siberia,18.77,1,2,29
TCK-00140,2026-01-28 19:51:00,phone,medium,technical,B2C,Central,7.1,0,3,45
TCK-00141,2026-01-28 13:46:00,web,medium,product,B2C,Volga,26.24,0,4,34
TCK-00142,2026-01-28 08:38:00,chat,medium,technical,B2C,North-West,9.36,0,5,2
TCK-00143,2026-01-28 19:10:00,email,critical,product,Enterprise,Central,6.27,0,5,83
TCK-00144,2026-01-28 08:37:00,email,low,delivery,SMB,Siberia,6.18,0,4,69
TCK-00145,2026-01-28 13:09:00,chat,medium,billing,SMB,Central,15.16,0,4,47
TCK-00146,2026-01-28 17:54:00,email,medium,technical,B2C,Volga,4.12,0,5,106
TCK-00147,2026-01-28 15:40:00,chat,medium,billing,SMB,Volga,2.34,0,5,13
TCK-00148,2026-01-28 08:45:00,chat,medium,billing,SMB,Volga,1.81,0,3,40
TCK-00149,2026-01-29 10:05:00,chat,critical,technical,B2C,Central,9.6,1,4,2
TCK-00150,2026-01-29 10:19:00,chat,low,product ,B2C,Volga,2.78,0,5,2
TCK-00151,2026-01-29 18:17:00,chat,medium,delivery,Enterprise,Central,6.91,0,5,46
TCK-00152,2026-01-29 13:31:00,chat,medium,product,Enterprise,Central,3.29,0,4,63
TCK-00153,2026-01-29 09:33:00,web,medium,technical,B2C,Volga,6.9,0,4,81
TCK-00154,2026-01-29 08:13:00,email,low,billing,SMB,North-West,6.79,0,4,106
TCK-00155,2026-01-29 19:01:00,phone,low,billing,B2C,Volga,8.92,0,4,66
TCK-00156,2026-01-30 19:39:00,email,high,technical,B2C,Central,6.19,0,5,62
TCK-00157,2026-01-30 14:42:00,chat,low,billing,B2C,North-West,3.81,0,5,15
TCK-00158,2026-01-30 17:14:00,phone,medium,billing,B2C,Volga,4.81,0,4,63
TCK-00159,2026-01-31 10:54:00,web,high,billing,SMB,South,6.09,0,5,2
TCK-00160,2026-01-31 17:04:00,chat,medium,access,B2C,Volga,9.37,0,3,34
TCK-00161,2026-01-31 18:27:00,web,medium,technical,B2C,Central,3.11,0,4,83
TCK-00162,2026-01-31 09:41:00,web,low,access,Enterprise,Central,0.67,0,4,41
TCK-00163,2026-02-01 19:57:00,email,high,technical,SMB,North-West,10.24,0,4,83
TCK-00164,2026-02-01 10:26:00,email,medium,billing,B2C,Central,12.2,0,5,96
TCK-00165,2026-02-01 12:27:00,chat,medium,billing,B2C,Central,5.34,0,4,30
TCK-00166,2026-02-02 20:17:00,phone,high,billing,SMB,Siberia,13.38,0,4,94
TCK-00167,2026-02-02 10:00:00,chat,medium,billing,B2C,South,1.77,0,5,12
TCK-00168,2026-02-02 19:30:00,chat,low,billing,Enterprise,Central,3.03,0,4,35
TCK-00169,2026-02-02 13:51:00,email,medium,product,B2C,Central,8.22,0,5,86
TCK-00170,2026-02-03 14:27:00,phone,low,technical,B2C,Volga,1.24,0,5,63
TCK-00171,2026-02-03 17:44:00,chat,low,technical,B2C,Central,3.68,0,4,2
TCK-00172,2026-02-03 19:31:00,phone,critical,technical,B2C,North-West,41.37,1,3,51
TCK-00173,2026-02-03 11:11:00,email,low,technical,B2C,Central,5.16,0,5,78
TCK-00174,2026-02-04 09:46:00,phone,medium,delivery,Enterprise,North-West,14.97,0,5,22
TCK-00175,2026-02-04 18:47:00,phone,low,access,B2C,Siberia,10.96,0,5,58
TCK-00176,2026-02-04 08:52:00,email,medium,technical,B2C,North-West,7.65,0,4,104
TCK-00177,2026-02-04 16:33:00,chat,low,technical,B2C,North-West,4.78,0,4,77
TCK-00178,2026-02-04 11:49:00,web,high,billing,B2C,Central,21.34,0,4,103
TCK-00179,2026-02-04 15:30:00,phone,low,access,SMB,Central,5.29,0,5,35
TCK-00180,2026-02-04 14:09:00,email,low,access,SMB,North-West,9.95,0,5,105
TCK-00181,2026-02-05 09:39:00,web,low,access,B2C,Central,17.42,0,3,36
TCK-00182,2026-02-05 14:17:00,web,low,technical,B2C,Volga,2.18,0,3,58
TCK-00183,2026-02-05 21:46:00,email,medium,technical,B2C,Volga,7.56,0,4,89
TCK-00184,2026-02-05 19:27:00,phone,low,technical,SMB,South,16.79,0,4,55
TCK-00185,2026-02-05 16:50:00,phone,high,access,SMB,Siberia,4.08,0,5,65
TCK-00186,2026-02-05 12:12:00,chat,medium,billing,B2C,Volga,1.9,0,4,18
TCK-00187,2026-02-05 17:02:00,web,medium,access,B2C,Central,5.1,0,4,36
TCK-00188,2026-02-06 09:45:00,chat,low,technical,B2C,Central,4.76,0,4,51
TCK-00189,2026-02-06 19:34:00,web,low,billing,B2C,North-West,4.89,0,5,63
TCK-00190,2026-02-06 17:04:00,web,low,access,B2C,Central,10.69,0,5,71
TCK-00191,2026-02-06 18:14:00,web,low,billing,B2C,Siberia,3.43,0,4,89
TCK-00192,2026-02-06 09:53:00,web,low,delivery,B2C,North-West,6.89,0,5,62
TCK-00193,2026-02-06 20:21:00,chat,medium,technical,B2C,Central,6.79,0,5,38
TCK-00194,2026-02-06 12:45:00,web,low,billing,B2C,Central,23.56,0,5,70
TCK-00195,2026-02-06 21:15:00,phone,low,billing,SMB,South,3.13,0,5,66
TCK-00196,2026-02-06 18:17:00,phone,high,delivery,B2C,Volga,19.01,0,4,37
TCK-00197,2026-02-07 19:05:00,email,high,billing,B2C,Siberia,7.75,0,4,82
TCK-00198,2026-02-07 20:41:00,phone,high,delivery,SMB,Central,6.5,0,4,75
TCK-00199,2026-02-07 19:34:00,web,low,billing,B2C,North-West,3.41,0,4,65
TCK-00200,2026-02-07 08:36:00,phone,medium,delivery,SMB,Volga,1.5,0,4,12
TCK-00201,2026-02-08 13:31:00,chat,low,technical,SMB,Volga,11.83,0,5,55
TCK-00202,2026-02-08 08:48:00,web,medium,billing,B2C,Central,6.97,0,5,37
TCK-00203,2026-02-08 16:12:00,email,high,product,B2C,Volga,17.95,0,5,86
TCK-00204,2026-02-08 08:31:00,web,low,billing,Enterprise,South,7.64,0,3,21
TCK-00205,2026-02-08 21:12:00,email,high,billing,B2C,Volga,7.21,0,4,95
TCK-00206,2026-02-09 08:26:00,phone,low,billing,B2C,North-West,10.82,0,5,54
TCK-00207,2026-02-09 09:38:00,email,low,technical,B2C,North-West,0.48,0,5,104
TCK-00208,2026-02-09 11:30:00,chat,low,access,SMB,Siberia,8.16,0,4,65
TCK-00209,2026-02-09 13:32:00,web,low,technical,SMB,Siberia,1.13,0,3,51
TCK-00210,2026-02-09 10:09:00,email,low,billing,B2C,Central,11.32,0,4,97
TCK-00211,2026-02-09 21:56:00,email,low,product,B2C,North-West,7.45,0,4,109
TCK-00212,2026-02-09 08:21:00,email,low,access,B2C,Volga,4.88,0,4,102
TCK-00213,2026-02-09 12:52:00,chat,low,product,SMB,South,10.46,0,4,18
TCK-00214,2026-02-09 16:29:00,chat,low,technical,B2C,Central,4.04,0,4,20
TCK-00215,2026-02-09 21:34:00,email,high,billing,SMB,Siberia,17.77,0,4,120
TCK-00216,2026-02-10 15:48:00,web,medium,technical,B2C,North-West,5.55,0,5,24
TCK-00217,2026-02-10 09:28:00,chat,medium,technical,SMB,North-West,3.09,0,5,22
TCK-00218,2026-02-10 18:40:00,email,medium,technical,SMB,Central,8.55,0,4,93
TCK-00219,2026-02-10 21:23:00,web,high,billing,SMB,Central,18.59,0,3,53
TCK-00220,2026-02-10 15:38:00,phone,medium,product,B2C,Central,24.26,0,5,57
TCK-00221,2026-02-10 15:30:00,email,medium,product,B2C,Volga,9.74,0,3,88
TCK-00222,2026-02-10 17:17:00,phone,low,technical,Enterprise,Central,10.58,0,4,63
TCK-00223,2026-02-10 15:10:00,chat,medium,access,B2C,Siberia,3.97,0,5,8
TCK-00224,2026-02-10 09:04:00,chat,low,billing,SMB,Siberia,4.21,0,5,52
TCK-00225,2026-02-10 08:04:00,chat,medium,product,B2C,Central,10.29,0,2,42
TCK-00226,2026-02-10 16:21:00,email,medium,product,B2C,Siberia,6.34,0,5,97
TCK-00227,2026-02-11 15:37:00,email,medium,product,SMB,Volga,6.42,0,5,139
TCK-00228,2026-02-11 16:43:00,email,medium,billing,B2C,Central,14.21,0,4,108
TCK-00229,2026-02-11 09:55:00,email,medium,technical,SMB,North-West,11.22,0,3,82
TCK-00230,2026-02-11 09:13:00,phone,medium,billing,SMB,Volga,13.02,0,4,65
TCK-00231,2026-02-11 13:25:00,chat,low,technical,B2C,Siberia,1.47,0,5,44
TCK-00232,2026-02-11 12:48:00,email,medium,technical,B2C,North-West,18.21,0,5,85
TCK-00233,2026-02-11 15:06:00,phone,medium,technical,B2C,Central,4.84,0,4,37
TCK-00234,2026-02-11 20:07:00,email,medium,technical,B2C,Central,4.2,0,4,85
TCK-00235,2026-02-11 12:13:00,email,low,technical,B2C,Volga,6.58,0,4,95
TCK-00236,2026-02-12 12:58:00,web,low,product,B2C,Volga,7.28,0,4,36
TCK-00237,2026-02-12 11:51:00,chat,medium,technical,B2C,Central,5.63,0,4,33
TCK-00238,2026-02-12 14:21:00,phone,low,access,SMB,Volga,2.14,0,5,82
TCK-00239,2026-02-12 17:00:00,phone,medium,technical,B2C,Central,0.5,0,5,40
TCK-00240,2026-02-12 21:09:00,chat,low,delivery,Enterprise,Siberia,7.49,0,4,29
TCK-00241,2026-02-12 17:58:00,email,low,billing,Enterprise,Siberia,2.64,0,5,79
TCK-00242,2026-02-12 11:07:00,email,medium,billing,B2C,Volga,15.05,0,4,104
TCK-00243,2026-02-12 18:36:00,phone,high,access,B2C,Central,26.68,1,4,42
TCK-00244,2026-02-12 20:33:00,chat,medium,delivery,B2C,Volga,1.36,0,5,50
TCK-00245,2026-02-13 14:41:00,email,medium,technical,Enterprise,Siberia,14.1,0,5,73
TCK-00246,2026-02-13 10:18:00,email,medium,delivery,B2C,Volga,7.69,0,4,72
TCK-00247,2026-02-13 09:42:00,phone,low,technical,B2C,South,15.28,0,4,54
TCK-00248,2026-02-13 10:27:00,web,medium,technical,SMB,South,7.34,0,5,53
TCK-00249,2026-02-13 10:09:00,chat,medium,access,B2C,Volga,12.86,0,5,46
TCK-00250,2026-02-13 10:43:00,web,low,technical,B2C,Central,8.49,0,5,67
TCK-00251,2026-02-13 18:16:00,web,high,technical,SMB,Volga,19.51,0,4,47
TCK-00252,2026-02-14 21:57:00,email,low,technical,B2C,Central,1.52,0,5,93
TCK-00253,2026-02-14 17:15:00,email,medium,billing,Enterprise,Central,5.15,0,4,92
TCK-00254,2026-02-14 19:19:00,phone,low,technical,B2C,Central,11.1,0,4,38
TCK-00255,2026-02-14 17:02:00,phone,high,technical,Enterprise,Central,27.54,1,3,58
TCK-00256,2026-02-14 11:49:00,chat,low,billing,Enterprise,Central,6.07,0,4,57
TCK-00257,2026-02-14 14:19:00,EMAIL,medium,technical,B2C,Central,8.36,0,3,108
TCK-00258,not_a_date,web,low,delivery,SMB,Volga,3.14,0,4,78
TCK-00259,2026-02-14 18:21:00,phone,critical,access,B2C,Siberia,11.51,1,3,57
TCK-00260,2026-02-14 10:08:00,email,low,billing,SMB,Siberia,11.1,0,3,80
TCK-00261,2026-02-15 15:55:00,web,medium,product,Enterprise,Volga,5.49,0,4,45
TCK-00262,2026-02-15 19:44:00,chat,medium,delivery,SMB,Central,3.03,0,5,27
TCK-00263,2026-02-15 21:40:00,phone,medium,access,B2C,Siberia,7.99,0,5,41
TCK-00264,2026-02-15 11:17:00,chat,low,billing,B2C,South,5.65,0,4,19
TCK-00265,2026-02-16 08:04:00,phone,low,technical,B2C,Central,1.9,0,3,30
TCK-00266,2026-02-16 12:35:00,email,medium,product,B2C,South,6.02,0,5,84
TCK-00267,2026-02-16 08:16:00,chat,low,billing,SMB,Central,8.75,0,5,33
TCK-00268,2026-02-16 15:29:00,email,medium,technical,SMB,Volga,17.3,0,3,65
TCK-00269,2026-02-16 09:43:00,email,high,technical,B2C,South,15.76,0,3,122
TCK-00270,2026-02-16 14:03:00,web,high,technical,SMB,Central,4.21,0,5,59
TCK-00271,2026-02-16 21:24:00,chat,medium,delivery,SMB,Siberia,12.59,0,4,52
TCK-00272,2026-02-16 15:52:00,email,low,technical,B2C,North-West,2.03,0,5,86
TCK-00273,2026-02-16 20:46:00,email,medium,access,SMB,Volga,7.71,0,5,74
TCK-00274,2026-02-16 10:40:00,chat,low,access,B2C,Volga,8.26,0,5,10
TCK-00275,2026-02-16 08:53:00,email,medium,access,B2C,North-West,4.4,0,4,93
TCK-00276,2026-02-17 20:08:00,phone,medium,product,B2C,Central,12.21,0,5,42
TCK-00277,2026-02-17 15:50:00,email,low,access,SMB,Central,8.14,0,4,82
TCK-00278,2026-02-17 15:30:00,email,medium,billing,SMB,Central,7.29,0,4,65
TCK-00279,2026-02-17 09:24:00,email,high,product,B2C,Volga,11.68,0,5,96
TCK-00280,2026-02-17 18:04:00,web,medium,technical,Enterprise,Central,6.24,0,3,53
TCK-00281,2026-02-17 10:20:00,email,low,billing,B2C,Siberia,6.6,0,3,67
TCK-00282,2026-02-17 12:56:00,chat,low,billing,Enterprise,Siberia,4.2,0,4,68
TCK-00283,2026-02-17 13:18:00,email,low,delivery,SMB,Volga,2.58,0,5,76
TCK-00284,2026-02-18 13:07:00,chat,medium,billing,SMB,Volga,4.44,0,5,37
TCK-00285,2026-02-18 08:34:00,chat,medium,billing,SMB,Volga,7.74,0,3,49
TCK-00286,2026-02-18 08:32:00,web,high,delivery,SMB,Central,12.62,0,4,90
TCK-00287,2026-02-18 21:29:00,chat,medium,billing,B2C,Siberia,3.05,0,5,47
TCK-00288,2026-02-18 12:53:00,phone,low,access,B2C,Central,7.55,0,3,31
TCK-00289,2026-02-18 17:33:00,chat,critical,billing,SMB,Siberia,2.77,0,3,44
TCK-00290,2026-02-18 09:54:00,web,medium,technical,SMB,North-West,14.77,0,5,70
TCK-00291,2026-02-18 20:26:00,web,low,delivery,B2C,Central,3.89,0,5,54
TCK-00292,2026-02-18 13:54:00,email,medium,delivery,B2C,Volga,2.44,0,5,91
TCK-00293,2026-02-18 14:59:00,phone,low,delivery,B2C,Central,5.74,0,4,53
TCK-00294,2026-02-18 16:11:00,email,high,billing,B2C,Central,27.71,1,3,67
TCK-00295,2026-02-18 11:57:00,chat,medium,technical,B2C,Central,8.88,0,4,20
TCK-00296,2026-02-18 10:06:00,chat,high,access,SMB,Central,17.21,0,3,21
TCK-00297,2026-02-18 17:01:00,web,low,delivery,B2C,Central,7.29,0,3,57
TCK-00298,2026-02-18 20:18:00,chat,low,product,B2C,Central,6.31,0,4,41
TCK-00299,2026-02-19 19:36:00,email,low,technical,B2C,North-West,6.15,0,5,94
TCK-00300,2026-02-19 21:25:00,chat,low,billing,SMB,Central,0.75,0,3,78
TCK-00301,2026-02-19 19:32:00,chat,medium,billing,SMB,Central,5.72,0,4,24
TCK-00302,2026-02-19 15:03:00,chat,high,billing,B2C,Volga,8.78,0,4,23
TCK-00303,2026-02-19 20:49:00,web,medium,product,SMB,Siberia,12.55,0,4,43
TCK-00304,2026-02-19 19:57:00,chat,high,technical,SMB,Siberia,1.94,0,4,23
TCK-00305,2026-02-20 10:15:00,email,high,technical,B2C,Volga,10.36,0,4,100
TCK-00306,2026-02-20 11:16:00,chat,medium,technical,B2C,Central,6.84,0,5,10
TCK-00307,2026-02-20 11:39:00,email,low,delivery,B2C,Central,5.86,0,3,99
TCK-00308,2026-02-20 09:57:00,phone,medium,access,B2C,Siberia,1.77,0,4,42
TCK-00309,2026-02-20 08:13:00,web,critical,billing,B2C,Volga,19.16,1,3,65
TCK-00310,2026-02-20 11:12:00,chat,medium,technical,B2C,Central,2.27,0,5,43
TCK-00311,2026-02-20 20:33:00,chat,high,delivery,B2C,Central,8.07,0,4,39
TCK-00312,2026-02-20 15:01:00,phone,high,delivery,SMB,Volga,28.66,1,3,26
TCK-00313,2026-02-21 15:39:00,email,medium,technical,SMB,Volga,7.58,0,4,62
TCK-00314,2026-02-21 11:13:00,chat,low,technical,B2C,Volga,4.86,0,3,27
TCK-00315,2026-02-21 11:33:00,email,medium,technical,Enterprise,Central,9.88,0,4,61
TCK-00316,2026-02-21 10:57:00,email,low,product,B2C,Central,3.57,0,5,88
TCK-00317,2026-02-21 19:55:00,chat,critical,billing,Enterprise,Siberia,13.72,1,4,31
TCK-00318,2026-02-21 15:11:00,web,medium,technical,B2C,Central,7.85,0,5,50
TCK-00319,2026-02-21 08:28:00,phone,high,technical,SMB,North-West,24.08,1,3,49
TCK-00320,2026-02-22 17:31:00,chat,medium,delivery,B2C,South,1.31,0,5,68
TCK-00321,2026-02-22 20:11:00,chat,medium,technical,B2C,Central,2.54,0,3,36
TCK-00322,2026-02-22 16:56:00,email,high,technical,B2C,South,3.56,0,5,75
TCK-00323,2026-02-22 21:16:00,email,medium,technical,B2C,Volga,,0,4,87
TCK-00324,2026-02-22 16:04:00,email,high,billing,B2C,Central,23.03,0,4,77
TCK-00325,2026-02-22 11:04:00,email,medium,access,B2C,North-West,10.96,0,4,127
TCK-00326,2026-02-22 17:05:00,chat,low,technical,B2C,Central,14.84,0,3,16
TCK-00327,2026-02-23 17:15:00,email,high,billing,B2C,Volga,18.73,0,4,69
TCK-00328,2026-02-23 17:39:00,email,high,delivery,Enterprise,Volga,33.27,1,3,121
TCK-00329,2026-02-23 15:22:00,chat,low,technical,B2C,Siberia,8.28,0,4,34
TCK-00330,2026-02-23 09:43:00,chat,low,billing,B2C,North-West,1.87,0,5,20
TCK-00331,2026-02-23 14:58:00,web,low,product,B2C,Siberia,1.95,0,5,26
TCK-00332,2026-02-23 13:38:00,email,medium,product,B2C,North-West,11.81,0,4,90
TCK-00333,2026-02-23 12:43:00,chat,low,technical,B2C,Central,1.63,0,4,29
TCK-00334,2026-02-23 14:11:00,email,low,billing,SMB,Siberia,7.97,0,5,135
TCK-00335,2026-02-24 20:35:00,web,medium,technical,SMB,Central,1.86,0,5,43
TCK-00336,2026-02-24 19:28:00,web,medium,product,B2C,North-West,3.54,0,4,54
TCK-00337,2026-02-24 18:42:00,chat,medium,billing,B2C,Siberia,4.2,0,4,31
TCK-00338,2026-02-24 09:24:00,chat,low,billing,SMB,North-West,7.96,0,5,33
TCK-00339,2026-02-24 15:51:00,email,medium,billing,B2C,Central,6.68,0,4,91
TCK-00340,2026-02-24 11:17:00,chat,medium,product,SMB,South,4.3,0,4,50
TCK-00341,2026-02-24 14:55:00,web,medium,billing ,SMB,North-West,13.58,0,3,41
TCK-00342,2026-02-24 21:31:00,email,medium,technical,SMB,Central,13.14,0,4,128
TCK-00343,2026-02-24 11:11:00,phone,low,access,SMB,Siberia,8.23,0,4,40
TCK-00344,2026-02-24 12:04:00,chat,low,access,B2C,Volga,1.49,0,5,33
TCK-00345,2026-02-24 21:33:00,email,low,product,SMB,Central,6.28,0,5,119
TCK-00346,2026-02-25 16:48:00,phone,low,product,B2C,Central,2.19,0,5,61
TCK-00347,2026-02-25 16:57:00,email,low,technical,Enterprise,Central,6.56,0,4,76
TCK-00348,2026-02-25 14:28:00,chat,high,delivery,SMB,South,4.59,0,5,42
TCK-00349,2026-02-25 09:36:00,web,low,access,B2C,North-West,4.74,0,4,48
TCK-00350,2026-02-25 18:35:00,web,medium,billing,B2C,Central,3.17,0,5,18
TCK-00351,2026-02-25 18:00:00,phone,medium,delivery ,Enterprise,North-West,8.79,0,4,48
TCK-00352,2026-02-25 14:37:00,chat,medium,technical,SMB,Central,13.04,0,5,28
TCK-00353,2026-02-25 12:03:00,chat,medium,billing,B2C,Volga,15.55,0,5,55
TCK-00354,2026-02-25 21:01:00,email,medium,delivery,B2C,Central,6.66,0,4,79
TCK-00355,2026-02-26 16:44:00,web,medium,product,B2C,North-West,16.94,0,4,75
TCK-00356,2026-02-26 20:07:00,chat,medium,billing,B2C,Central,4.09,0,5,42
TCK-00357,2026-02-26 12:13:00,email,high,billing,B2C,Central,25.39,1,3,86
TCK-00358,2026-02-26 11:39:00,phone,medium,billing,SMB,North-West,1.64,0,5,56
TCK-00359,2026-02-26 18:28:00,phone,medium,delivery,B2C,Central,3.25,0,5,55
TCK-00360,2026-02-26 21:46:00,chat,low,delivery,B2C,Central,15.06,0,4,46
TCK-00361,2026-02-26 15:08:00,chat,low,access,B2C,Central,1.59,0,5,43
TCK-00362,2026-02-26 12:17:00,chat,medium,access,SMB,Central,2.86,0,4,35
TCK-00363,2026-02-27 11:20:00,web,critical,access,SMB,North-West,17.69,1,4,41
TCK-00364,2026-02-27 16:09:00,chat,low,product,B2C,Central,2.17,0,4,43
TCK-00365,2026-02-27 20:14:00,chat,low,technical,SMB,Volga,8.01,0,4,32
TCK-00366,2026-02-27 18:17:00,email,high,technical,SMB,Central,9.48,0,5,65
TCK-00367,2026-02-27 09:46:00,email,low,technical,B2C,Siberia,5.57,0,4,72
TCK-00368,2026-02-28 20:17:00,web,low,billing,B2C,North-West,4.27,0,5,60
TCK-00369,2026-02-28 19:14:00,web,medium,technical,SMB,Volga,13.35,0,3,51
TCK-00370,2026-02-28 09:21:00,chat,low,access,SMB,Central,7.88,0,4,9
TCK-00371,2026-02-28 11:04:00,email,critical,technical,SMB,Central,24.53,1,3,95
TCK-00372,2026-02-28 21:14:00,phone,medium,billing,SMB,South,6.01,0,4,61
TCK-00373,2026-02-28 19:09:00,email,medium,access,B2C,Siberia,29.41,0,5,81
TCK-00374,2026-03-01 13:12:00,web,low,technical,SMB,Central,18.13,0,4,37
TCK-00375,2026-03-01 18:19:00,chat,high,product,SMB,Volga,17.58,0,5,22
TCK-00376,2026-03-01 16:08:00,email,medium,technical,B2C,Central,16.22,0,5,112
TCK-00377,2026-03-01 20:19:00,chat,high,billing,SMB,Siberia,10.75,0,3,53
TCK-00378,2026-03-01 10:10:00,email,medium,billing,B2C,Volga,69.16,1,3,78
TCK-00379,2026-03-01 10:50:00,web,high,billing,B2C,North-West,13.94,0,5,49
TCK-00380,2026-03-01 19:54:00,web,low,access,B2C,Volga,14.67,0,5,63
TCK-00381,2026-03-01 21:02:00,chat,high,technical,B2C,Central,5.73,0,5,2
TCK-00382,2026-03-01 12:44:00,email,high,product,B2C,Siberia,12.84,0,4,101
TCK-00383,2026-03-01 13:24:00,email,medium,product,B2C,Volga,16.37,0,5,104
TCK-00384,2026-03-02 14:34:00,chat,medium,billing,SMB,South,12.82,0,4,35
TCK-00385,2026-03-02 18:20:00,chat,medium,technical,SMB,Central,4.17,0,4,27
TCK-00386,2026-03-02 18:40:00,web,low,billing,Enterprise,Siberia,2.7,0,5,70
TCK-00387,2026-03-02 16:37:00,phone,low,billing,B2C,North-West,1.0,0,4,60
TCK-00388,2026-03-02 13:03:00,chat,high,technical,B2C,South,12.43,0,4,19
TCK-00389,2026-03-02 15:42:00,chat,low,access,B2C,Central,7.83,0,4,36
TCK-00390,2026-03-03 21:57:00,email,medium,technical,B2C,Central,9.3,0,5,75
TCK-00391,2026-03-03 14:48:00,phone,medium,billing,B2C,North-West,1.44,0,5,74
TCK-00392,2026-03-03 08:00:00,chat,medium,technical,Enterprise,North-West,14.26,0,3,26
TCK-00393,2026-03-03 19:10:00,email,medium,access,B2C,North-West,10.42,0,4,114
TCK-00394,2026-03-03 13:00:00,phone,medium,technical,SMB,Central,0.22,0,5,48
TCK-00395,2026-03-03 13:08:00,chat,medium,technical,B2C,Volga,3.75,0,4,28
TCK-00396,2026-03-03 15:16:00,email,high,technical,SMB,Central,11.82,0,5,99
TCK-00397,2026-03-03 12:26:00,email,low,billing,B2C,Volga,1.4,0,5,98
TCK-00398,2026-03-03 20:35:00,email,medium,technical,B2C,Central,15.61,0,3,114
TCK-00399,2026-03-03 14:26:00,phone,medium,product,B2C,Central,4.93,0,4,31
TCK-00400,2026-03-03 20:52:00,web,medium,technical,B2C,Central,1.46,0,5,90
TCK-00401,2026-03-04 19:12:00,email,low,product,B2C,Central,17.74,0,4,93
TCK-00402,2026-03-04 20:43:00,phone,low,access,B2C,North-West,3.97,0,4,46
TCK-00403,2026-03-04 19:39:00,web,medium,delivery,SMB,Siberia,18.66,0,3,19
TCK-00404,2026-03-04 17:42:00,email,low,product,B2C,North-West,7.08,0,3,67
TCK-00405,2026-03-04 16:37:00,email,low,technical,B2C,Volga,4.12,0,4,63
TCK-00406,2026-03-04 18:13:00,chat,low,delivery,Enterprise,South,7.91,0,4,19
TCK-00407,2026-03-04 11:42:00,email,high,billing,B2C,Siberia,2.96,0,5,87
TCK-00408,2026-03-04 16:09:00,chat,medium,billing,SMB,Siberia,4.74,0,5,39
TCK-00409,2026-03-04 18:11:00,chat,low,technical,B2C,Volga,1.71,0,5,57
TCK-00410,2026-03-04 12:36:00,web,high,product,SMB,Volga,26.39,1,3,45
TCK-00411,2026-03-04 13:53:00,web,low,technical,SMB,Central,1.1,0,4,72
TCK-00412,2026-03-05 08:32:00,chat,medium,billing,SMB,Central,7.1,0,5,17
TCK-00413,2026-03-05 08:21:00,email,low,product,B2C,Volga,6.84,0,4,115
TCK-00414,2026-03-05 09:20:00,chat,critical,billing,B2C,Central,14.79,1,4,46
TCK-00415,2026-03-05 19:17:00,web,medium,delivery,B2C,South,8.26,0,2,72
TCK-00416,2026-03-05 11:33:00,chat,medium,access,SMB,Siberia,8.89,0,3,69
TCK-00417,2026-03-05 13:36:00,email,low,technical,SMB,Central,6.3,0,5,102
TCK-00418,2026-03-05 09:25:00,phone,low,technical,SMB,Central,3.12,0,3,26
TCK-00419,2026-03-05 12:28:00,web,critical,technical,B2C,Central,37.92,1,3,38
TCK-00420,2026-03-06 15:35:00,chat,low,billing,B2C,Central,5.79,0,4,14
TCK-00421,2026-03-06 11:07:00,chat,medium,delivery,B2C,Siberia,1.96,0,5,53
TCK-00422,2026-03-06 21:31:00,email,low,billing,B2C,North-West,13.67,0,3,109
TCK-00423,2026-03-06 10:40:00,email,medium,product,B2C,Volga,15.74,0,4,129
TCK-00424,2026-03-06 19:10:00,chat,medium,technical,B2C,Central,2.01,0,5,31
TCK-00425,2026-03-06 18:54:00,email,low,technical,B2C,South,7.45,0,4,104
TCK-00426,2026-03-06 14:28:00,email,low,access,B2C,Central,29.67,0,4,111
TCK-00427,2026-03-06 18:11:00,web,medium,technical,SMB,Volga,22.78,0,3,51
TCK-00428,2026-03-06 13:12:00,email,low,technical,SMB,North-West,17.09,0,4,99
TCK-00429,2026-03-06 19:25:00,phone,medium,product,SMB,North-West,9.95,0,4,63
TCK-00430,2026-03-06 09:29:00,chat,low,technical,SMB,South,2.34,0,4,64
TCK-00431,2026-03-07 18:19:00,email,medium,technical,B2C,Volga,13.96,0,4,93
TCK-00432,2026-03-07 09:36:00,web,low,technical,B2C,Volga,9.66,0,3,108
TCK-00433,2026-03-07 17:20:00,email,medium,technical,B2C,Volga,7.65,0,5,105
TCK-00434,2026-03-07 15:08:00,email,medium,product,B2C,Central,4.82,0,4,65
TCK-00435,2026-03-07 12:41:00,phone,low,billing,B2C,Siberia,2.85,0,4,42
TCK-00436,2026-03-07 18:44:00,web,medium,technical,B2C,Volga,8.56,0,4,55
TCK-00437,2026-03-07 17:21:00,phone,high,product,SMB,North-West,6.43,0,4,61
TCK-00438,2026-03-07 08:18:00,web,high,technical,SMB,Siberia,12.99,0,4,73
TCK-00439,2026-03-07 10:13:00,phone,low,delivery,B2C,Siberia,1.43,0,5,28
TCK-00440,2026-03-08 12:19:00,web,medium,technical,B2C,Central,3.89,0,5,21
TCK-00441,2026-03-08 18:13:00,email,medium,delivery,B2C,Central,13.08,0,4,77
TCK-00442,2026-03-08 08:21:00,phone,medium,billing,Enterprise,Central,9.43,0,5,54
TCK-00443,2026-03-08 08:21:00,chat,high,delivery,Enterprise,Volga,30.87,1,4,59
TCK-00444,2026-03-08 13:48:00,web,low,product,B2C,Central,8.17,0,5,59
TCK-00445,2026-03-09 09:03:00,web,medium,billing,SMB,Central,16.8,0,4,71
TCK-00446,2026-03-09 13:37:00,phone,medium,billing,B2C,Central,3.42,0,4,64
TCK-00447,2026-03-09 09:00:00,email,medium,access,Enterprise,Central,18.82,0,4,87
TCK-00448,2026-03-09 20:14:00,email,medium,delivery,B2C,Volga,4.53,0,5,127
TCK-00449,2026-03-09 14:37:00,email,low,billing,B2C,Central,4.14,0,4,117
TCK-00450,2026-03-09 16:10:00,chat,medium,technical,B2C,South,2.12,0,3,9
TCK-00451,2026-03-10 08:35:00,chat,low,billing ,Enterprise,Volga,12.06,0,3,59
TCK-00452,2026-03-10 16:10:00,phone,medium,technical,B2C,North-West,5.16,0,4,43
TCK-00453,2026-03-10 20:55:00,email,high,technical,B2C,Central,20.28,0,4,84
TCK-00454,2026-03-10 08:07:00,email,low,technical,SMB,Central,14.27,0,5,94
TCK-00455,2026-03-10 10:34:00,chat,low,delivery,SMB,South,6.59,0,5,46
TCK-00456,2026-03-10 08:24:00,chat,low,access,SMB,South,7.68,0,4,51
TCK-00457,2026-03-10 15:25:00,web,medium,technical,B2C,Volga,10.07,0,4,67
TCK-00458,2026-03-10 21:04:00,chat,low,technical,SMB,Volga,1.88,0,4,2
TCK-00459,2026-03-10 11:25:00,chat,medium,delivery,B2C,Central,2.48,0,4,15
TCK-00460,2026-03-10 09:47:00,EMAIL,medium,billing,B2C,North-West,9.43,0,3,118
TCK-00461,2026-03-10 18:35:00,email,medium,billing,Enterprise,North-West,4.44,0,5,80
TCK-00462,2026-03-10 09:07:00,email,medium,technical,B2C,North-West,3.89,0,5,97
TCK-00463,2026-03-10 11:30:00,web,medium,product,B2C,Volga,8.44,0,5,53
TCK-00464,2026-03-11 11:32:00,email,medium,product,B2C,Central,2.06,0,5,139
TCK-00465,2026-03-11 21:45:00,web,low,delivery,B2C,Central,,0,5,26
TCK-00466,2026-03-11 16:06:00,chat,medium,technical,Enterprise,Volga,9.18,0,4,16
TCK-00467,2026-03-11 18:52:00,phone,low,billing,Enterprise,Siberia,7.43,0,5,63
TCK-00468,2026-03-11 20:36:00,web,medium,product,B2C,South,10.05,0,4,32
TCK-00469,2026-03-11 21:57:00,phone,high,access,B2C,Central,21.79,0,4,53
TCK-00470,2026-03-12 17:24:00,email,high,delivery,Enterprise,North-West,49.1,1,4,45
TCK-00471,2026-03-12 17:42:00,web,low,technical,B2C,Central,3.49,0,5,86
TCK-00472,2026-03-12 21:48:00,chat,high,billing,SMB,Siberia,2.25,0,4,25
TCK-00473,2026-03-12 15:39:00,email,medium,access,B2C,South,5.75,0,5,93
TCK-00474,2026-03-12 12:45:00,chat,medium,access,SMB,Central,4.64,0,5,5
TCK-00475,2026-03-12 15:41:00,phone,low,billing,B2C,North-West,1.88,0,5,79
TCK-00476,2026-03-13 21:19:00,web,medium,technical,B2C,North-West,7.63,0,4,58
TCK-00477,2026-03-13 09:01:00,email,low,delivery,Enterprise,Siberia,7.77,0,4,103
TCK-00478,2026-03-13 17:44:00,chat,low,access,B2C,Volga,2.28,0,4,2
TCK-00479,2026-03-13 09:09:00,email,medium,technical,B2C,Central,1.2,0,5,115
TCK-00480,2026-03-13 13:02:00,email,low,delivery,Enterprise,North-West,7.08,0,5,115
TCK-00481,2026-03-13 12:06:00,chat,medium,delivery,B2C,Siberia,19.47,0,4,69
TCK-00482,2026-03-13 09:37:00,email,medium,technical,Enterprise,Volga,15.72,0,4,140
TCK-00483,2026-03-13 19:52:00,email,low,access,SMB,Siberia,8.34,0,4,104
TCK-00484,2026-03-13 09:59:00,email,high,delivery,SMB,Central,5.42,0,5,90
TCK-00485,2026-03-14 20:20:00,email,low,access,B2C,Volga,9.66,0,4,99
TCK-00486,2026-03-14 09:09:00,chat,low,access,B2C,Central,0.51,0,4,80
TCK-00487,2026-03-14 18:32:00,email,medium,delivery,B2C,Central,3.71,0,4,84
TCK-00488,2026-03-14 17:21:00,chat,medium,delivery,B2C,Volga,7.03,0,5,54
TCK-00489,2026-03-14 18:34:00,phone,critical,product,B2C,North-West,28.55,1,4,36
TCK-00490,2026-03-14 09:51:00,email,medium,access,SMB,Siberia,34.61,0,5,71
TCK-00491,2026-03-14 15:53:00,email,high,delivery,Enterprise,South,14.54,0,4,122
TCK-00492,2026-03-14 11:07:00,email,high,billing,B2C,North-West,8.43,0,5,91
TCK-00493,2026-03-15 16:05:00,phone,critical,technical,B2C,North-West,10.08,1,5,67
TCK-00494,2026-03-15 11:48:00,email,low,billing,B2C,Volga,5.54,0,4,89
TCK-00495,2026-03-15 16:08:00,email,high,technical,B2C,Central,52.22,1,3,82
TCK-00496,2026-03-16 19:20:00,email,low,delivery,B2C,Central,9.42,0,3,152
TCK-00497,2026-03-16 13:08:00,web,low,billing,B2C,Volga,2.22,0,4,77
TCK-00498,2026-03-16 16:05:00,web,critical,billing,B2C,Volga,12.42,1,4,62
TCK-00499,2026-03-16 15:21:00,chat,low,product,B2C,Central,2.26,0,4,61
TCK-00500,2026-03-16 12:15:00,chat,low,technical,SMB,Volga,2.97,0,4,39
TCK-00501,2026-03-16 11:36:00,chat,low,billing,B2C,Volga,4.17,0,2,45
TCK-00502,2026-03-17 10:34:00,email,high,access,B2C,Central,9.03,0,5,92
TCK-00503,2026-03-17 11:59:00,web,medium,technical,B2C,North-West,8.3,0,4,62
TCK-00504,2026-03-17 08:43:00,chat,high,access,B2C,Volga,6.52,0,4,48
TCK-00505,2026-03-17 16:08:00,email,medium,billing,B2C,Siberia,6.57,0,4,106
TCK-00506,2026-03-17 15:01:00,phone,medium,technical,B2C,Siberia,8.44,0,5,66
TCK-00507,2026-03-17 08:08:00,email,medium,technical,B2C,Volga,7.5,0,5,78
TCK-00508,2026-03-17 14:21:00,chat,high,technical,SMB,Central,2.41,0,4,67
TCK-00509,2026-03-18 10:12:00,web,critical,access,B2C,Siberia,8.41,1,4,58
TCK-00510,2026-03-18 17:03:00,email,medium,billing,Enterprise,Central,5.83,0,4,71
TCK-00511,2026-03-18 19:01:00,email,low,technical,B2C,Volga,4.24,0,5,103
TCK-00512,2026-03-18 10:33:00,phone,low,technical,B2C,Siberia,4.37,0,5,52
TCK-00513,2026-03-18 12:48:00,web,high,product,B2C,Siberia,6.19,0,4,78
TCK-00514,2026-03-19 16:36:00,phone,medium,technical,SMB,North-West,0.27,0,3,78
TCK-00515,2026-03-19 14:26:00,email,high,access,B2C,Central,5.39,0,4,75
TCK-00516,2026-03-19 21:54:00,chat,low,billing,SMB,Siberia,4.64,0,5,31
TCK-00517,2026-03-19 09:45:00,phone,medium,access,SMB,South,13.21,0,4,37
TCK-00518,2026-03-19 14:07:00,chat,medium,technical,SMB,North-West,1.22,0,4,53
TCK-00519,2026-03-19 19:17:00,phone,high,billing,Enterprise,Volga,21.39,0,5,43
TCK-00520,2026-03-19 10:52:00,phone,high,access,SMB,Central,8.5,0,4,43
TCK-00521,2026-03-19 14:47:00,chat,low,billing,SMB,Siberia,3.87,0,5,25
TCK-00522,2026-03-19 09:12:00,email,medium,billing,SMB,South,5.93,0,5,90
TCK-00523,2026-03-20 20:24:00,email,low,technical,B2C,Central,6.93,0,4,150
TCK-00524,2026-03-20 17:54:00,chat,low,product,B2C,North-West,15.73,0,3,40
TCK-00525,2026-03-20 20:29:00,chat,medium,delivery,B2C,Central,5.09,0,3,2
TCK-00526,2026-03-20 17:15:00,CHAT,medium,billing,SMB,Volga,2.28,0,5,5
TCK-00527,2026-03-20 16:06:00,web,medium,access,Enterprise,Volga,10.1,0,4,90
TCK-00528,2026-03-20 20:15:00,chat,high,delivery,Enterprise,Siberia,6.72,0,4,32
TCK-00529,2026-03-20 11:28:00,web,low,delivery,B2C,North-West,1.01,0,5,30
TCK-00530,2026-03-20 17:35:00,web,medium,billing,Enterprise,Central,20.84,0,4,66
TCK-00531,2026-03-20 12:18:00,email,medium,delivery,SMB,Central,15.36,0,5,79
TCK-00532,2026-03-20 12:16:00,web,low,billing,B2C,Central,14.15,0,5,83
TCK-00533,2026-03-20 10:14:00,email,medium,technical,SMB,South,14.21,0,4,87
TCK-00534,2026-03-21 09:27:00,chat,high,billing,SMB,Central,18.45,0,5,47
TCK-00535,2026-03-21 08:31:00,chat,medium,access,Enterprise,Volga,5.73,0,4,66
TCK-00536,2026-03-21 11:10:00,web,high,delivery,SMB,Siberia,148.19,1,2,6
TCK-00537,2026-03-21 18:20:00,email,medium,technical,SMB,South,19.93,0,4,98
TCK-00538,2026-03-21 16:51:00,email,low,billing,SMB,Central,59.01,0,3,93
TCK-00539,2026-03-21 21:14:00,email,critical,billing,B2C,Siberia,18.21,1,3,94
TCK-00540,2026-03-21 13:41:00,email,high,access,SMB,Central,10.33,0,5,72
TCK-00541,2026-03-22 08:04:00,phone,low,technical,SMB,Central,4.58,0,5,48
TCK-00542,2026-03-22 18:57:00,phone,medium,technical,B2C,Volga,11.66,0,4,54
TCK-00543,2026-03-22 09:11:00,web,low,delivery,SMB,North-West,15.35,0,5,57
TCK-00544,2026-03-22 09:27:00,phone,low,technical,Enterprise,Central,8.81,0,3,28
TCK-00545,2026-03-22 16:27:00,chat,high,product,B2C,North-West,10.46,0,5,51
TCK-00546,2026-03-23 08:07:00,phone,medium,billing,SMB,South,2.61,0,3,49
TCK-00547,2026-03-23 08:37:00,email,low,product,B2C,Volga,15.28,0,3,95
TCK-00548,2026-03-23 08:23:00,chat,low,technical,B2C,North-West,2.46,0,5,3
TCK-00549,2026-03-23 09:00:00,chat,high,delivery,B2C,South,2.23,0,4,61
TCK-00550,2026-03-23 09:31:00,email,low,billing,B2C,Volga,0.71,0,4,102
TCK-00551,2026-03-23 11:24:00,web,medium,billing,SMB,Siberia,23.66,0,4,44
TCK-00552,2026-03-23 11:23:00,email,medium,delivery,B2C,Siberia,11.06,0,4,70
TCK-00553,2026-03-23 11:22:00,chat,medium,technical,B2C,Volga,4.94,0,4,36
TCK-00554,2026-03-24 11:46:00,chat,medium,technical,B2C,Siberia,5.45,0,4,44
TCK-00555,2026-03-24 18:38:00,email,low,billing,B2C,Central,2.31,0,4,86
TCK-00556,2026-03-24 17:51:00,chat,low,access,B2C,Central,0.58,0,4,2
TCK-00557,2026-03-24 12:59:00,web,medium,billing,B2C,Volga,5.66,0,5,25
TCK-00558,2026-03-24 13:57:00,chat,low,billing,B2C,Central,5.31,0,4,27
TCK-00559,2026-03-24 12:13:00,email,low,technical,B2C,Central,7.25,0,4,86
TCK-00560,2026-03-24 13:34:00,chat,low,access,B2C,Volga,1.05,0,4,34
TCK-00561,2026-03-24 14:23:00,email,medium,billing,B2C,Volga,3.67,0,5,87
TCK-00562,2026-03-24 18:12:00,chat,medium,access,B2C,Central,6.54,0,5,31
TCK-00563,2026-03-24 09:28:00,web,low,technical,SMB,Central,9.69,0,4,44
TCK-00564,2026-03-24 19:53:00,phone,medium,access,SMB,Siberia,10.73,0,4,66
TCK-00565,2026-03-24 12:15:00,phone,medium,technical,B2C,Central,8.38,0,5,86
TCK-00566,2026-03-24 20:33:00,chat,medium,access,SMB,South,18.69,0,4,9
TCK-00567,2026-03-25 17:05:00,web,low,billing,B2C,North-West,2.66,0,4,89
TCK-00568,2026-03-25 19:01:00,phone,low,billing,Enterprise,Volga,10.05,0,4,74
TCK-00569,2026-03-25 10:35:00,web,low,delivery,B2C,Volga,5.81,0,4,54
TCK-00570,2026-03-25 15:23:00,web,medium,delivery,SMB,Volga,17.5,0,3,47
TCK-00571,2026-03-25 11:00:00,chat,high,technical,SMB,Central,10.97,0,5,33
TCK-00572,2026-03-25 08:33:00,email,critical,technical,B2C,Central,33.25,1,5,89
TCK-00573,2026-03-25 11:12:00,email,medium,product,B2C,Central,26.91,0,5,71
TCK-00574,2026-03-25 14:13:00,web,high,access,B2C,Central,2.44,0,4,75
TCK-00575,2026-03-25 08:07:00,email,critical,billing,B2C,North-West,15.85,1,3,109
TCK-00576,2026-03-25 09:48:00,email,low,technical,B2C,North-West,2.12,0,4,111
TCK-00577,2026-03-25 19:13:00,email,low,technical,SMB,North-West,2.6,0,4,103
TCK-00578,2026-03-25 10:16:00,phone,low,access,SMB,Siberia,3.43,0,4,25
TCK-00579,2026-03-25 09:14:00,phone,medium,technical,B2C,Central,5.07,0,3,37
TCK-00580,2026-03-25 14:08:00,email,low,access,B2C,Central,6.09,0,4,81
TCK-00581,2026-03-25 18:23:00,web,medium,access,B2C,Volga,7.15,0,5,68
TCK-00582,2026-03-26 16:25:00,phone,low,billing,SMB,Central,14.14,0,5,32
TCK-00583,2026-03-26 09:44:00,email,medium,delivery,SMB,Volga,1.33,0,3,130
TCK-00584,2026-03-26 10:34:00,web,low,billing,SMB,North-West,2.27,0,4,33
TCK-00585,2026-03-26 10:38:00,chat,low,technical,B2C,Volga,1.42,0,4,8
TCK-00586,2026-03-26 11:04:00,email,low,technical,SMB,North-West,5.1,0,4,84
TCK-00587,2026-03-26 12:57:00,chat,low,technical,B2C,Siberia,3.79,0,5,24
TCK-00588,2026-03-26 08:02:00,email,critical,access,B2C,Volga,12.61,1,3,87
TCK-00589,2026-03-26 20:16:00,chat,high,billing,SMB,Volga,18.26,0,4,27
TCK-00590,2026-03-27 18:36:00,web,low,billing,B2C,North-West,3.04,0,4,74
TCK-00591,2026-03-27 17:59:00,chat,low,access,SMB,North-West,4.14,0,4,52
TCK-00592,2026-03-27 12:26:00,chat,high,access,B2C,Central,8.71,0,5,32
TCK-00593,2026-03-27 12:37:00,chat,low,access,B2C,Central,,0,5,25
TCK-00594,2026-03-28 21:07:00,email,low,product,Enterprise,Siberia,3.35,0,3,98
TCK-00595,2026-03-28 16:54:00,email,medium,product,SMB,Central,9.98,0,5,93
TCK-00596,2026-03-28 10:23:00,chat,medium,billing,SMB,Central,5.08,0,4,80
TCK-00597,2026-03-28 10:02:00,email,high,product,B2C,Central,18.97,0,5,123
TCK-00598,2026-03-28 09:53:00,web,medium,technical,B2C,Central,19.77,0,4,59
TCK-00599,2026-03-28 16:52:00,chat,low,product,B2C,Central,6.01,0,5,10
TCK-00600,2026-03-28 17:34:00,email,low,billing,B2C,South,7.28,0,4,96
TCK-00601,2026-03-28 13:11:00,phone,medium,delivery,Enterprise,Siberia,14.28,0,3,45
TCK-00602,2026-03-29 16:56:00,web,medium,technical,B2C,North-West,3.25,0,4,42
TCK-00603,2026-03-29 11:44:00,email,low,technical,B2C,Central,1.19,0,5,79
TCK-00604,2026-03-29 08:57:00,email,low,technical,B2C,Central,7.76,0,5,88
TCK-00605,2026-03-29 09:52:00,email,medium,access,SMB,Central,27.54,0,4,78
TCK-00606,2026-03-29 12:35:00,chat,medium,billing,Enterprise,Central,4.64,0,4,17
TCK-00607,2026-03-29 13:54:00,email,medium,billing,B2C,Central,7.46,0,5,87
TCK-00608,2026-03-30 11:25:00,chat,medium,technical,B2C,Central,7.52,0,4,16
TCK-00609,2026-03-30 16:54:00,email,medium,technical,B2C,Central,16.0,0,4,104
TCK-00610,2026-03-30 13:23:00,chat,low,delivery,B2C,North-West,4.67,0,4,30
TCK-00611,2026-03-30 08:47:00,chat,high,technical,SMB,Central,7.8,0,3,40
TCK-00612,2026-03-30 20:19:00,web,medium,billing,Enterprise,Siberia,9.67,0,3,54
TCK-00613,2026-03-30 17:50:00,email,medium,technical,SMB,South,15.58,0,4,107
TCK-00614,2026-03-30 20:21:00,phone,medium,technical,SMB,Volga,6.56,0,4,36
TCK-00615,2026-03-30 20:10:00,email,low,delivery,SMB,North-West,1.01,0,5,104
TCK-00616,2026-03-30 14:56:00,web,medium,delivery,B2C,Central,7.2,0,4,67
TCK-00617,2026-03-30 15:40:00,chat,low,billing,B2C,Siberia,4.91,0,5,47
TCK-00618,2026-03-30 09:07:00,email,high,product,Enterprise,Central,4.39,0,4,80
TCK-00619,2026-03-30 11:21:00,web,critical,access,Enterprise,Central,18.23,1,4,41
TCK-00620,2026-03-31 21:53:00,chat,high,delivery,SMB,Volga,14.87,0,3,51
TCK-00621,2026-03-31 17:46:00,web,medium,access,Enterprise,South,8.5,0,3,58
TCK-00622,2026-03-31 15:41:00,phone,medium,technical,SMB,Central,18.72,0,5,15
TCK-00623,2026-03-31 21:02:00,email,medium,billing,Enterprise,South,3.9,0,5,98
TCK-00624,2026-03-31 14:22:00,email,low,technical,Enterprise,Volga,6.05,0,4,84
TCK-00625,2026-03-31 17:49:00,email,low,technical,B2C,Volga,1.15,0,5,110
TCK-00626,2026-03-31 10:59:00,phone,medium,billing,B2C,North-West,9.23,0,4,12
TCK-00627,2026-03-31 19:56:00,chat,medium,technical,Enterprise,Central,9.68,0,3,32
TCK-00628,2026-03-31 15:51:00,web,critical,product,SMB,North-West,19.45,1,2,71
TCK-00629,2026-03-31 13:14:00,chat,low,technical,B2C,Central,1.8,0,4,52
TCK-00630,2026-04-01 08:32:00,phone,medium,billing,B2C,Central,17.36,0,5,28
TCK-00631,2026-04-01 13:15:00,email,medium,product,B2C,Central,3.05,0,3,84
TCK-00632,2026-04-01 11:05:00,email,high,technical,SMB,North-West,20.61,0,4,108
TCK-00633,2026-04-01 15:48:00,phone,medium,technical,SMB,Central,3.75,0,4,28
TCK-00634,2026-04-01 19:21:00,web,low,billing,B2C,Volga,6.69,0,4,53
TCK-00635,2026-04-01 11:05:00,phone,low,product,SMB,Central,11.65,0,3,37
TCK-00636,2026-04-01 13:30:00,web,low,access,SMB,Central,1.85,0,5,47
TCK-00637,2026-04-01 19:24:00,chat,low,delivery,B2C,Central,3.11,0,4,34
TCK-00638,2026-04-01 09:13:00,email,low,delivery,B2C,North-West,9.36,0,4,108
TCK-00639,2026-04-01 15:19:00,email,medium,access,B2C,Volga,6.11,0,4,61
TCK-00640,2026-04-02 14:20:00,web,medium,billing,SMB,Volga,7.25,0,4,27
TCK-00641,2026-04-02 09:30:00,email,low,access,B2C,Central,6.27,0,4,83
TCK-00642,2026-04-02 12:14:00,chat,medium,technical,SMB,Central,6.87,0,4,24
TCK-00643,2026-04-02 19:35:00,chat,medium,technical,B2C,Central,2.52,0,3,32
TCK-00644,2026-04-02 15:56:00,chat,low,access,SMB,South,5.29,0,5,48
TCK-00645,2026-04-02 09:32:00,chat,low,billing,SMB,Volga,3.71,0,4,36
TCK-00646,2026-04-02 17:37:00,chat,low,product,B2C,North-West,9.1,0,5,14
TCK-00647,2026-04-02 17:24:00,web,medium,technical,Enterprise,Central,26.48,0,3,66
TCK-00648,2026-04-03 11:37:00,phone,low,technical,B2C,Central,3.73,0,4,31
TCK-00649,2026-04-03 09:15:00,email,low,access,B2C,Volga,6.64,0,4,99
TCK-00650,2026-04-03 13:21:00,chat,high,billing,SMB,Volga,8.3,0,4,39
TCK-00651,2026-04-03 16:50:00,phone,medium,billing,SMB,North-West,32.65,0,4,61
TCK-00652,2026-04-03 13:54:00,email,medium,product,SMB,South,13.42,0,3,86
TCK-00653,2026-04-03 14:51:00,phone,low,product,Enterprise,Volga,10.13,0,5,39
TCK-00654,2026-04-03 21:33:00,email,low,technical,B2C,South,7.02,0,4,103
TCK-00655,2026-04-03 15:43:00,chat,high,delivery,SMB,South,34.07,1,4,37
TCK-00656,2026-04-04 17:21:00,chat,medium,product,SMB,Volga,27.31,0,3,31
TCK-00657,2026-04-04 20:27:00,email,high,billing,B2C,Siberia,15.9,0,4,64
TCK-00658,2026-04-04 18:56:00,phone,medium,delivery ,Enterprise,Volga,3.52,0,4,32
TCK-00659,2026-04-04 13:09:00,chat,low,technical,SMB,South,4.34,0,4,47
TCK-00660,2026-04-04 18:00:00,chat,low,technical,Enterprise,North-West,13.74,0,3,23
TCK-00661,2026-04-04 10:10:00,email,medium,billing,SMB,South,24.97,0,4,109
TCK-00662,2026-04-04 12:27:00,web,low,product,B2C,North-West,8.08,0,2,34
TCK-00663,2026-04-05 11:34:00,email,high,delivery,B2C,South,2.0,0,4,95
TCK-00664,2026-04-05 18:41:00,phone,low,product,B2C,North-West,9.17,0,5,61
TCK-00665,2026-04-05 14:46:00,web,low,technical,B2C,Central,1.26,0,5,47
TCK-00666,2026-04-05 20:05:00,chat,medium,technical ,B2C,Siberia,4.23,0,3,31
TCK-00667,2026-04-05 17:23:00,web,high,billing,B2C,Central,14.5,0,5,56
TCK-00668,2026-04-05 17:41:00,phone,critical,billing,B2C,South,20.54,1,4,58
TCK-00669,2026-04-06 15:23:00,chat,low,delivery,B2C,Central,2.08,0,4,9
TCK-00670,2026-04-06 10:31:00,phone,high,billing,Enterprise,South,28.48,1,2,58
TCK-00671,2026-04-06 17:20:00,email,medium,technical,B2C,North-West,7.88,0,5,115
TCK-00672,2026-04-06 09:24:00,chat,low,billing,SMB,Volga,2.97,0,5,52
TCK-00673,2026-04-06 14:39:00,email,low,access,B2C,South,9.42,0,5,70
TCK-00674,2026-04-06 20:03:00,email,high,technical,SMB,North-West,16.65,0,5,114
TCK-00675,2026-04-06 09:08:00,email,low,technical,B2C,North-West,3.16,0,4,119
TCK-00676,2026-04-06 18:49:00,email,medium,access,B2C,Central,4.2,0,5,106
TCK-00677,2026-04-06 18:43:00,phone,low,technical,B2C,South,4.25,0,4,99
TCK-00678,2026-04-06 16:06:00,email,medium,access,B2C,North-West,10.86,0,5,116
TCK-00679,2026-04-06 08:16:00,chat,low,access,B2C,Volga,3.49,0,4,32
TCK-00680,2026-04-07 18:18:00,email,low,technical,Enterprise,Siberia,13.15,0,4,85
TCK-00681,2026-04-07 18:28:00,web,low,access,B2C,Siberia,2.44,0,5,37
TCK-00682,2026-04-07 14:09:00,phone,high,billing,B2C,Volga,17.4,0,4,31
TCK-00683,2026-04-07 13:52:00,chat,low,billing,B2C,South,1.92,0,4,16
TCK-00684,2026-04-07 14:29:00,email,high,billing,B2C,South,3.67,0,4,114
TCK-00685,2026-04-07 20:24:00,email,low,technical,B2C,Central,4.9,0,4,82
TCK-00686,2026-04-07 16:10:00,chat,medium,access,B2C,Central,4.28,0,5,15
TCK-00687,2026-04-07 08:32:00,phone,medium,technical,SMB,Central,4.42,0,4,36
TCK-00688,2026-04-07 12:11:00,email,medium,delivery,Enterprise,Siberia,3.86,0,4,117
TCK-00689,2026-04-08 15:57:00,web,low,technical,SMB,Central,3.48,0,5,53
TCK-00690,2026-04-08 10:10:00,phone,medium,technical,SMB,South,8.56,0,5,62
TCK-00691,2026-04-08 21:56:00,email,medium,access,B2C,Siberia,16.56,0,4,91
TCK-00692,2026-04-08 14:39:00,web,high,access,B2C,South,11.44,0,4,54
TCK-00693,2026-04-08 19:24:00,chat,medium,technical,B2C,Siberia,6.63,0,5,46
TCK-00694,2026-04-08 19:33:00,email,high,billing,B2C,Siberia,8.68,0,5,108
TCK-00695,2026-04-08 20:36:00,phone,low,product,B2C,Siberia,3.19,0,4,39
TCK-00696,2026-04-08 12:16:00,email,medium,billing,SMB,Volga,11.09,0,5,69
TCK-00697,2026-04-08 16:55:00,chat,medium,product,B2C,Volga,2.87,0,5,2
TCK-00698,2026-04-08 11:41:00,web,medium,billing,SMB,Siberia,11.85,0,5,41
TCK-00699,2026-04-09 20:44:00,email,low,product,B2C,North-West,3.29,0,5,66
TCK-00700,2026-04-09 20:44:00,phone,medium,delivery,B2C,Volga,3.15,0,5,15
TCK-00701,2026-04-09 19:41:00,email,medium,technical,Enterprise,North-West,12.4,0,4,85
TCK-00702,2026-04-09 08:09:00,web,medium,billing,B2C,Volga,12.04,0,5,55
TCK-00703,2026-04-09 08:31:00,chat,low,technical,B2C,Volga,4.05,0,4,58
TCK-00704,2026-04-09 18:03:00,phone,medium,technical,B2C,Volga,8.43,0,5,46
TCK-00705,2026-04-10 20:43:00,email,medium,access,SMB,Central,13.94,0,5,91
TCK-00706,2026-04-10 11:30:00,email,low,product,B2C,Siberia,7.71,0,5,126
TCK-00707,2026-04-10 15:59:00,email,medium,technical,B2C,Central,11.85,0,4,93
TCK-00708,2026-04-10 20:58:00,email,medium,access,B2C,South,11.69,0,4,114
TCK-00709,2026-04-10 12:55:00,chat,medium,technical,B2C,South,1.76,0,3,37
TCK-00710,2026-04-10 13:07:00,web,low,technical,Enterprise,Central,10.61,0,5,60
TCK-00711,2026-04-11 17:02:00,email,high,technical,B2C,Central,5.91,0,5,131
TCK-00712,2026-04-11 12:28:00,email,low,technical,B2C,Central,9.2,0,3,81
TCK-00713,2026-04-11 17:01:00,phone,low,delivery,SMB,Central,1.95,0,5,43
TCK-00714,2026-04-11 20:59:00,chat,medium,delivery,B2C,South,2.15,0,4,62
TCK-00715,2026-04-11 18:20:00,chat,medium,delivery,B2C,Volga,20.29,0,5,40
TCK-00716,2026-04-11 19:32:00,chat,medium,access,SMB,Siberia,15.24,0,4,74
TCK-00717,2026-04-11 20:35:00,email,low,billing,B2C,Central,2.15,0,4,92
TCK-00718,2026-04-12 13:09:00,chat,medium,product,B2C,Volga,0.77,0,3,65
TCK-00719,2026-04-12 10:19:00,phone,low,delivery,Enterprise,Siberia,3.62,0,4,41
TCK-00720,2026-04-12 21:12:00,email,medium,billing,B2C,Central,7.89,0,4,109
TCK-00721,2026-04-12 16:56:00,web,high,product,SMB,South,5.18,0,4,45
TCK-00722,2026-04-12 16:52:00,chat,medium,access,SMB,Siberia,11.79,0,3,49
TCK-00723,2026-04-12 15:38:00,chat,low,access,B2C,Central,9.19,0,4,23
TCK-00724,2026-04-12 11:35:00,email,medium,delivery,SMB,Siberia,5.49,0,4,89
TCK-00725,2026-04-12 21:15:00,chat,medium,billing ,Enterprise,South,2.28,0,3,14
TCK-00726,2026-04-12 14:38:00,email,medium,billing,B2C,North-West,,0,5,90
TCK-00727,2026-04-13 19:38:00,phone,low,technical,SMB,South,4.77,0,3,49
TCK-00728,2026-04-13 11:14:00,phone,low,delivery,SMB,Siberia,6.58,0,5,48
TCK-00729,2026-04-13 12:56:00,email,low,product,SMB,Central,14.31,0,3,70
TCK-00730,2026-04-13 21:15:00,chat,medium,access,B2C,North-West,7.05,0,4,10
TCK-00731,2026-04-13 11:44:00,phone,low,technical,B2C,North-West,10.98,0,5,96
TCK-00732,2026-04-13 20:01:00,email,critical,delivery,Enterprise,Central,7.41,0,5,112
TCK-00733,2026-04-13 13:26:00,phone,medium,access,B2C,Volga,8.75,0,3,27
TCK-00734,2026-04-13 16:37:00,chat,low,access,SMB,Central,0.71,0,5,22
TCK-00735,2026-04-13 14:51:00,email,medium,technical,Enterprise,Volga,10.78,0,4,120
TCK-00736,2026-04-14 08:25:00,chat,high,billing,B2C,North-West,9.26,0,4,10
TCK-00737,2026-04-14 19:42:00,web,low,technical,B2C,Central,10.74,0,5,48
TCK-00738,2026-04-14 11:39:00,phone,high,technical,Enterprise,Siberia,10.32,0,5,45
TCK-00739,2026-04-14 08:49:00,web,medium,delivery,B2C,Siberia,5.66,0,4,62
TCK-00740,2026-04-14 20:21:00,web,medium,technical,Enterprise,Volga,15.33,0,5,34
TCK-00741,2026-04-14 17:23:00,email,low,technical,B2C,South,0.66,0,5,109
TCK-00742,2026-04-14 20:51:00,web,medium,product,B2C,Siberia,8.98,0,3,89
TCK-00743,2026-04-14 08:19:00,chat,medium,access,B2C,Central,3.48,0,5,34
TCK-00744,2026-04-14 19:07:00,phone,low,technical,B2C,North-West,6.54,0,3,59
TCK-00745,2026-04-14 21:13:00,chat,medium,access,B2C,Central,12.78,0,4,32
TCK-00746,2026-04-14 16:43:00,web,low,technical,B2C,Volga,7.3,0,4,78
TCK-00747,2026-04-14 13:50:00,web,low,technical,B2C,North-West,5.57,0,3,46
TCK-00748,2026-04-15 16:26:00,phone,medium,access,B2C,Central,10.83,0,5,49
TCK-00749,2026-04-15 13:21:00,email,medium,technical,B2C,Central,6.69,0,5,79
TCK-00750,2026-04-15 08:40:00,email,low,technical,B2C,Siberia,1.53,0,3,64
TCK-00751,2026-04-15 13:54:00,email,low,access,B2C,Central,1.21,0,4,88
TCK-00752,2026-04-15 09:59:00,chat,low,technical,Enterprise,Siberia,1.94,0,3,38
TCK-00753,2026-04-15 13:33:00,email,medium,technical,B2C,Central,16.33,0,3,77
TCK-00754,2026-04-15 21:24:00,chat,low,billing,SMB,Volga,0.9,0,5,36
TCK-00755,2026-04-15 08:47:00,email,low,delivery,Enterprise,South,4.65,0,4,122
TCK-00756,2026-04-15 11:23:00,email,high,product,SMB,Siberia,7.66,0,5,98
TCK-00757,2026-04-15 08:17:00,email,low,access,SMB,South,10.68,0,5,138
TCK-00758,2026-04-15 08:20:00,chat,low,access,SMB,Central,2.79,0,4,14
TCK-00759,2026-04-15 18:42:00,web,medium,technical,Enterprise,Central,2.93,0,5,63
TCK-00760,2026-04-15 09:37:00,web,high,billing,SMB,South,26.96,1,4,43
TCK-00761,2026-04-16 15:23:00,chat,high,access,B2C,Central,21.7,0,4,24
TCK-00762,2026-04-16 15:50:00,chat,low,access,B2C,North-West,2.27,0,4,54
TCK-00763,2026-04-16 19:20:00,email,medium,billing,Enterprise,Siberia,14.08,0,4,98
TCK-00764,2026-04-16 15:03:00,phone,medium,technical,B2C,Central,1.77,0,4,53
TCK-00765,2026-04-16 17:18:00,phone,high,technical,B2C,Volga,5.47,0,4,72
TCK-00766,2026-04-16 08:46:00,chat,medium,delivery,SMB,Central,5.44,0,5,44
TCK-00767,2026-04-16 10:26:00,web,medium,access,B2C,Central,6.86,0,4,51
TCK-00768,2026-04-16 09:41:00,phone,medium,delivery,Enterprise,Central,20.15,0,4,77
TCK-00769,2026-04-16 14:55:00,email,low,technical,B2C,North-West,2.1,0,5,85
TCK-00770,2026-04-16 10:44:00,email,medium,delivery,B2C,Central,4.92,0,4,81
TCK-00771,2026-04-17 16:31:00,web,high,access,B2C,Volga,28.7,1,4,38
TCK-00772,2026-04-17 13:50:00,chat,medium,billing,B2C,Volga,1.27,0,5,58
TCK-00773,2026-04-17 10:33:00,chat,low,delivery,B2C,Central,1.86,0,4,14
TCK-00774,2026-04-17 12:15:00,chat,medium,billing,B2C,South,8.23,0,4,38
TCK-00775,2026-04-17 09:16:00,email,medium,product,SMB,Central,7.82,0,4,116
TCK-00776,2026-04-17 19:04:00,chat,low,access,B2C,Central,5.28,0,5,9
TCK-00777,2026-04-17 21:38:00,chat,critical,access,SMB,Central,10.38,1,5,29
TCK-00778,2026-04-17 16:06:00,web,medium,billing,B2C,Central,9.38,0,4,57
TCK-00779,2026-04-17 14:43:00,email,medium,access,B2C,Central,1.45,0,5,94
TCK-00780,2026-04-17 20:08:00,email,high,product,B2C,Central,6.12,0,4,92
TCK-00781,2026-04-17 13:32:00,chat,medium,billing,SMB,Central,6.75,0,3,46
TCK-00782,2026-04-17 20:57:00,web,low,access,B2C,South,7.9,0,4,57
TCK-00783,2026-04-18 14:40:00,email,low,technical,SMB,North-West,4.55,0,4,95
TCK-00784,2026-04-18 17:07:00,chat,low,delivery,B2C,Volga,2.49,0,4,41
TCK-00785,2026-04-18 11:03:00,email,medium,billing ,B2C,Volga,11.92,0,5,118
TCK-00786,2026-04-18 09:54:00,chat,medium,billing,SMB,Central,5.15,0,5,13
TCK-00787,2026-04-18 21:23:00,phone,medium,technical,B2C,Volga,3.34,0,5,49
TCK-00788,2026-04-18 12:03:00,chat,high,access,SMB,Central,4.68,0,5,19
TCK-00789,2026-04-19 16:36:00,email,medium,billing,B2C,Siberia,9.82,0,5,90
TCK-00790,2026-04-19 08:27:00,web,medium,technical,B2C,Central,3.07,0,5,37
TCK-00791,2026-04-19 16:15:00,email,high,technical,B2C,Siberia,2.69,0,5,118
TCK-00792,2026-04-19 09:24:00,web,low,product,Enterprise,Volga,25.2,0,4,67
TCK-00793,2026-04-19 20:00:00,chat,low,product,B2C,Central,10.47,0,3,31
TCK-00794,2026-04-19 19:27:00,email,medium,billing,B2C,North-West,4.06,0,5,88
TCK-00795,2026-04-19 16:55:00,web,low,technical,B2C,Siberia,7.05,0,3,61
TCK-00796,2026-04-19 16:50:00,phone,low,technical,B2C,Central,3.66,0,3,35
TCK-00797,2026-04-19 18:56:00,chat,high,billing,B2C,Volga,5.95,0,4,40
TCK-00798,not_a_date,chat,low,billing,SMB,Volga,4.76,0,5,28
TCK-00799,2026-04-19 20:53:00,phone,high,delivery,B2C,South,2.46,0,3,36
TCK-00800,2026-04-19 21:17:00,email,low,product,B2C,Volga,2.8,0,4,83
TCK-00801,2026-04-20 13:07:00,phone,medium,technical,SMB,Central,5.1,0,4,42
TCK-00802,2026-04-20 16:22:00,phone,low,technical,SMB,Central,1.79,0,5,33
TCK-00803,2026-04-20 21:03:00,email,low,access,B2C,Central,8.46,0,5,88
TCK-00804,2026-04-20 12:46:00,email,high,access,B2C,North-West,20.93,0,4,104
TCK-00805,2026-04-20 18:49:00,email,low,billing,B2C,Siberia,3.72,0,5,94
TCK-00806,2026-04-21 21:42:00,chat,medium,delivery,B2C,Volga,-1.0,0,5,46
TCK-00807,2026-04-21 15:12:00,web,medium,billing,B2C,Volga,8.08,0,5,55
TCK-00808,2026-04-21 15:05:00,email,medium,technical,B2C,Central,11.72,0,5,95
TCK-00809,2026-04-21 16:00:00,chat,low,product,B2C,North-West,2.66,0,5,24
TCK-00810,2026-04-21 17:51:00,phone,low,billing,B2C,Siberia,6.53,0,5,68
TCK-00811,2026-04-21 10:34:00,web,medium,delivery,B2C,South,6.27,0,4,45
TCK-00812,2026-04-21 12:12:00,phone,medium,access,Enterprise,Central,1.65,0,4,77
TCK-00813,2026-04-21 21:53:00,phone,low,product,B2C,Volga,4.52,0,5,24
TCK-00814,2026-04-21 18:02:00,email,high,billing,B2C,Volga,13.63,0,5,93
TCK-00815,2026-04-21 09:17:00,phone,medium,billing,SMB,Central,9.57,0,3,48
TCK-00816,2026-04-21 17:14:00,phone,medium,technical,B2C,Siberia,22.04,0,3,40
TCK-00817,2026-04-21 09:20:00,phone,medium,delivery,B2C,North-West,23.62,0,4,33
TCK-00818,2026-04-21 20:43:00,email,low,access,B2C,Volga,1.81,0,3,111
TCK-00819,2026-04-21 13:35:00,email,low,technical,B2C,South,8.31,0,5,80
TCK-00820,2026-04-21 13:21:00,email,low,technical,B2C,Central,9.91,0,5,49
TCK-00821,2026-04-22 11:58:00,email,low,technical,B2C,North-West,8.19,0,4,92
TCK-00822,2026-04-22 14:15:00,email,high,billing,SMB,Siberia,25.11,1,2,108
TCK-00823,2026-04-22 10:39:00,email,low,product,B2C,Siberia,1.72,0,3,101
TCK-00824,2026-04-22 10:29:00,web,medium,technical,B2C,Central,1.57,0,5,65
TCK-00825,2026-04-22 19:50:00,phone,low,billing,SMB,North-West,2.72,0,3,110
TCK-00826,2026-04-22 16:55:00,web,medium,delivery,B2C,Volga,5.57,0,4,43
TCK-00827,2026-04-22 11:33:00,web,low,delivery,B2C,Siberia,2.73,0,4,51
TCK-00828,2026-04-22 20:49:00,email,high,access,SMB,Volga,9.75,0,4,81
TCK-00829,2026-04-22 21:08:00,chat,high,access,B2C,South,9.17,0,5,39
TCK-00830,2026-04-22 14:17:00,email,high,product,B2C,North-West,84.6,1,3,91
TCK-00831,2026-04-22 08:07:00,chat,low,billing,B2C,Central,17.04,0,4,70
TCK-00832,2026-04-22 11:12:00,web,low,technical,SMB,Volga,7.86,0,4,28
TCK-00833,2026-04-23 10:20:00,chat,medium,technical,Enterprise,Central,22.19,0,5,45
TCK-00834,2026-04-23 08:06:00,phone,low,access,B2C,Volga,6.96,0,4,59
TCK-00835,2026-04-23 18:41:00,chat,low,product,B2C,Central,1.05,0,3,33
TCK-00836,2026-04-23 17:34:00,chat,low,billing,B2C,Central,7.0,0,5,46
TCK-00837,2026-04-23 14:40:00,email,medium,billing,Enterprise,Central,9.75,0,4,90
TCK-00838,2026-04-23 21:15:00,chat,medium,access,B2C,Central,2.5,0,4,34
TCK-00839,2026-04-24 19:42:00,email,medium,delivery,SMB,Volga,,0,4,107
TCK-00840,2026-04-24 20:46:00,chat,medium,delivery,B2C,Central,8.67,0,4,49
TCK-00841,2026-04-24 19:23:00,email,low,technical,SMB,Central,8.83,0,4,82
TCK-00842,2026-04-25 16:13:00,email,medium,technical,B2C,Siberia,3.79,0,4,82
TCK-00843,2026-04-25 16:40:00,email,medium,technical,B2C,South,1.46,0,5,81
TCK-00844,2026-04-25 08:45:00,web,high,technical,B2C,Central,4.65,0,5,62
TCK-00845,2026-04-25 20:32:00,chat,critical,billing,B2C,Volga,5.14,0,5,77
TCK-00846,2026-04-25 11:42:00,email,low,technical,B2C,South,14.02,0,4,67
TCK-00847,2026-04-25 15:00:00,phone,medium,billing,SMB,Central,1.3,0,5,52
TCK-00848,2026-04-25 15:36:00,web,medium,billing,B2C,South,4.09,0,3,51
TCK-00849,2026-04-25 08:33:00,email,high,technical,SMB,Volga,50.31,1,2,81
TCK-00850,2026-04-25 09:40:00,phone,medium,access,B2C,Volga,4.43,0,3,25
TCK-00851,2026-04-25 19:01:00,phone,medium,technical,Enterprise,Central,15.07,0,3,62
TCK-00852,2026-04-26 17:08:00,phone,medium,technical,SMB,Volga,10.2,0,5,68
TCK-00853,2026-04-26 17:48:00,chat,medium,billing,B2C,South,2.18,0,5,3
TCK-00854,2026-04-26 18:30:00,email,medium,access,SMB,Central,6.74,0,4,86
TCK-00855,2026-04-26 17:11:00,chat,low,billing,SMB,Central,2.96,0,4,40
TCK-00856,2026-04-26 16:16:00,phone,medium,access,B2C,Volga,27.89,0,3,18
TCK-00712,2026-04-11 12:28:00,email,low,technical,B2C,Central,9.2,0,3,81
TCK-00604,2026-03-29 08:57:00,email,low,technical,B2C,Central,7.76,0,5,88
TCK-00121,2026-01-26 20:25:00,chat,low,delivery,SMB,Siberia,4.05,0,5,67
TCK-00209,2026-02-09 13:32:00,web,low,technical,SMB,Siberia,1.13,0,3,51
