ticket_id,created_at,resolved_at,region,channel,priority,category,customer_segment,assigned_team,sla_target_hours,resolution_hours,reopened_flag,satisfaction_score,status
TKT-100001,2026-01-17 03:00:00,2026-01-17 22:00:08,Казань,email,medium,payment,b2b,Billing,24.0,19.0,0,4.0,closed
TKT-100002,2026-05-21 22:00:00,2026-05-23 07:04:30,Санкт-Петербург,email,medium,access,b2b,L1,24.0,33.08,0,3.0,resolved
TKT-100003,2026-04-29 20:00:00,2026-04-30 22:53:35,Казань,chat,low,access,b2c,L1,48.0,26.89,0,5.0,resolved
TKT-100004,2026-03-21 02:00:00,2026-03-21 05:26:24,Казань,chat,critical,access,b2b,L1,4.0,3.44,0,2.0,resolved
TKT-100005,2026-03-20 18:00:00,2026-03-22 10:27:00,Ростов-на-Дону,chat,low,payment,partner,Billing,48.0,40.45,1,3.0,resolved
TKT-100006,2026-06-05 02:00:00,2026-06-07 22:25:07,Санкт-Петербург,email,low,integration,b2b,Integration,48.0,68.42,0,5.0,closed
TKT-100007,2026-01-16 17:00:00,2026-01-17 09:45:39,Ростов-на-Дону,email,medium,other,b2b,L1,24.0,16.76,0,3.0,resolved
TKT-100008,2026-05-07 02:00:00,2026-05-08 15:20:16,Казань,web,low,integration,b2b,Integration,48.0,37.34,0,4.0,resolved
TKT-100009,2026-02-06 11:00:00,2026-02-07 02:41:16,Санкт-Петербург,email,medium,reporting,b2b,L2,24.0,15.69,0,4.0,resolved
TKT-100010,2026-01-18 15:00:00,2026-01-20 00:05:51,Екатеринбург,email,medium,payment,b2b,Billing,24.0,33.1,0,3.0,resolved
TKT-100011,2026-04-06 17:00:00,2026-04-08 05:25:21,Казань,email,medium,security,b2c,Security,24.0,36.42,0,4.0,closed
TKT-100012,2026-06-26 10:00:00,2026-06-28 13:14:59,Санкт-Петербург,web,low,reporting,b2b,L2,48.0,51.25,0,4.0,resolved
TKT-100013,2026-05-14 22:00:00,2026-05-16 12:41:37,Екатеринбург,phone,low,other,b2c,Security,48.0,38.69,0,4.0,closed
TKT-100014,2026-05-18 18:00:00,2026-05-19 11:15:01,Москва,phone,medium,other,partner,L1,24.0,17.25,0,5.0,resolved
TKT-100015,2026-05-10 04:00:00,2026-05-13 05:17:07,Санкт-Петербург,web,low,payment,b2c,Billing,48.0,73.29,0,3.0,resolved
TKT-100016,2026-05-23 16:00:00,2026-05-24 12:44:03,Екатеринбург,email,medium,access,b2c,L1,24.0,20.73,0,5.0,resolved
TKT-100017,2026-04-03 17:00:00,2026-04-05 07:17:03,Казань,web,low,payment,b2b,Billing,48.0,38.28,0,4.0,closed
TKT-100018,2026-01-24 08:00:00,2026-01-25 23:52:54,,email,medium,integration,b2b,L2,24.0,39.88,0,3.0,resolved
TKT-100019,2026-06-01 17:00:00,2026-06-02 12:07:47,Санкт-Петербург,phone,medium,other,b2b,L1,24.0,19.13,0,3.0,closed
TKT-100020,2026-03-23 21:00:00,2026-03-24 19:29:55,Владивосток,chat,medium,payment,partner,L2,24.0,22.5,0,4.0,resolved
TKT-100021,2026-04-01 19:00:00,2026-04-04 09:55:42,Ростов-на-Дону,chat,low,security,b2c,Security,48.0,62.93,1,3.0,closed
TKT-100022,2026-03-09 18:00:00,2026-03-12 04:38:08,Владивосток,web,low,integration,b2b,Integration,48.0,58.64,1,2.0,resolved
TKT-100023,2026-02-03 15:00:00,2026-02-03 22:39:15,Ростов-на-Дону,email,high,access,b2c,L1,8.0,7.65,0,3.0,closed
TKT-100024,2026-06-17 06:00:00,2026-06-20 16:38:25,Москва,web,low,payment,b2c,Billing,48.0,82.64,1,2.0,closed
TKT-100025,2026-05-22 19:00:00,2026-05-24 01:20:02,Екатеринбург,chat,medium,reporting,b2c,L2,24.0,30.33,0,4.0,resolved
TKT-100026,2026-04-27 08:00:00,2026-04-27 18:44:57,Москва,phone,medium,reporting,b2c,L2,24.0,10.75,0,5.0,resolved
TKT-100027,2026-03-14 12:00:00,2026-03-15 23:10:28,Ростов-на-Дону,web,medium,integration,partner,Integration,24.0,35.17,0,3.0,closed
TKT-100028,2026-05-29 07:00:00,2026-05-30 13:12:08,Новосибирск,email,medium,payment,b2c,Billing,24.0,30.2,0,3.0,resolved
TKT-100029,2026-04-09 07:00:00,2026-04-09 16:26:10,Санкт-Петербург,web,high,reporting,b2c,Security,8.0,9.44,0,4.0,resolved
TKT-100030,2026-03-22 03:00:00,2026-03-22 11:47:30,Владивосток,chat,high,access,b2b,L1,8.0,8.79,0,4.0,closed
TKT-100031,2026-03-23 23:00:00,2026-03-24 17:07:32,Москва,phone,medium,other,b2b,L1,24.0,18.13,0,3.0,resolved
TKT-100032,2026-02-11 03:00:00,2026-02-11 20:39:06,Екатеринбург,email,medium,access,partner,L1,24.0,17.65,0,5.0,closed
TKT-100033,2026-01-17 02:00:00,2026-01-17 21:06:27,Самара,chat,medium,access,b2c,L1,24.0,19.11,0,5.0,closed
TKT-100034,2026-04-11 22:00:00,2026-04-12 23:10:19,Москва,phone,medium,integration,b2b,Integration,24.0,25.17,0,5.0,closed
TKT-100035,2026-06-10 13:00:00,2026-06-11 19:39:01,Новосибирск,chat,medium,integration,b2c,Integration,24.0,30.65,0,4.0,resolved
TKT-100036,2026-01-12 10:00:00,2026-01-15 09:06:31,Ростов-на-Дону,email,medium,integration,b2b,Integration,24.0,71.11,1,2.0,closed
TKT-100037,2026-06-05 17:00:00,2026-06-06 19:59:26,Москва,email,medium,integration,b2c,Integration,24.0,26.99,1,3.0,closed
TKT-100038,2026-05-30 09:00:00,2026-05-30 14:53:51,Екатеринбург,web,critical,other,b2b,L1,4.0,5.9,0,4.0,resolved
TKT-100039,2026-02-20 03:00:00,2026-02-21 08:43:38,Санкт-Петербург,email,low,integration,b2c,Integration,48.0,29.73,0,3.0,closed
TKT-100040,2026-04-25 17:00:00,2026-04-27 06:20:16,Новосибирск,phone,medium,integration,b2c,Integration,24.0,37.34,0,2.0,closed
TKT-100041,2026-01-30 04:00:00,2026-01-30 11:26:04,Москва,web,high,integration,b2b,L1,8.0,7.43,0,4.0,closed
TKT-100042,2026-05-18 13:00:00,2026-05-19 23:59:20,Владивосток,email,low,access,b2b,L1,48.0,34.99,0,4.0,resolved
TKT-100043,2026-05-07 22:00:00,2026-05-10 13:02:03,Ростов-на-Дону,email,low,reporting,b2c,L2,48.0,63.03,0,4.0,resolved
TKT-100044,2026-03-06 22:00:00,2026-03-08 15:40:07,Москва,phone,low,payment,b2b,Billing,48.0,41.67,0,4.0,closed
TKT-100045,2026-01-13 08:00:00,2026-01-13 17:12:16,Санкт-Петербург,email,high,reporting,b2b,L2,8.0,9.2,0,4.0,closed
TKT-100046,2026-06-25 18:00:00,2026-06-26 18:03:24,Новосибирск,chat,low,access,b2c,L1,48.0,24.06,0,5.0,closed
TKT-100047,2026-03-22 14:00:00,2026-03-25 00:27:58,Самара,phone,low,other,b2b,L1,48.0,58.47,0,3.0,resolved
TKT-100048,2026-06-11 11:00:00,2026-06-13 07:25:11,Казань,chat,low,integration,b2b,L2,48.0,44.42,0,4.0,closed
TKT-100049,2026-05-03 03:00:00,2026-05-05 11:23:31,Москва,chat,low,other,b2b,L1,48.0,56.39,0,3.0,resolved
TKT-100050,2026-05-21 09:00:00,2026-05-23 03:50:46,Москва,phone,medium,integration,b2c,Billing,24.0,42.85,0,3.0,resolved
TKT-100051,2026-05-18 15:00:00,2026-05-19 19:01:11,Владивосток,phone,medium,access,b2b,L1,24.0,28.02,0,4.0,closed
TKT-100052,2026-02-05 23:00:00,2026-02-06 22:59:05,Казань,email,medium,security,b2b,Security,24.0,23.98,0,2.0,resolved
TKT-100053,2026-03-07 00:00:00,2026-03-08 00:43:29,Ростов-на-Дону,chat,medium,reporting,b2b,L2,24.0,24.72,0,5.0,resolved
TKT-100054,2026-03-26 17:00:00,2026-03-27 04:57:54,Екатеринбург,web,high,security,b2b,Security,8.0,11.97,0,4.0,resolved
TKT-100055,2026-04-01 20:00:00,2026-04-04 11:52:32,Владивосток,phone,low,integration,b2b,Integration,48.0,63.88,0,3.0,closed
TKT-100056,2026-01-08 22:00:00,2026-01-09 04:45:36,Москва,chat,high,reporting,b2b,L2,8.0,6.76,0,5.0,resolved
TKT-100057,2026-04-09 10:00:00,2026-04-09 20:42:41,Москва,chat,medium,other,b2b,L1,24.0,10.71,0,4.0,closed
TKT-100058,2026-01-28 02:00:00,2026-01-30 08:43:32,Владивосток,email,low,reporting,b2b,L2,48.0,54.73,0,4.0,closed
TKT-100059,2026-05-15 06:00:00,2026-05-15 18:01:47,Владивосток,email,high,payment,b2c,Billing,8.0,12.03,0,3.0,closed
TKT-100060,2026-05-04 20:00:00,2026-05-05 04:34:30,Санкт-Петербург,email,high,reporting,b2b,L2,8.0,8.58,0,5.0,closed
TKT-100061,2026-06-16 21:00:00,2026-06-17 19:18:51,Санкт-Петербург,web,medium,reporting,b2b,L2,24.0,22.31,0,4.0,closed
TKT-100062,2026-05-15 15:00:00,2026-05-16 01:26:46,Казань,email,high,other,partner,L1,8.0,10.45,0,4.0,closed
TKT-100063,2026-03-08 02:00:00,2026-03-08 20:15:47,Казань,web,medium,payment,partner,Billing,24.0,18.26,0,5.0,closed
TKT-100064,2026-06-25 02:00:00,2026-06-25 19:00:29,Москва,email,medium,integration,b2c,Integration,24.0,17.01,0,5.0,closed
TKT-100065,2026-03-16 11:00:00,2026-03-16 19:58:32,Ростов-на-Дону,chat,critical,security,b2b,Security,4.0,8.98,0,2.0,closed
TKT-100066,not-a-date,2026-03-01 22:05:10,Санкт-Петербург,chat,medium,integration,b2b,Integration,24.0,32.09,0,4.0,closed
TKT-100067,2026-06-13 00:00:00,2026-06-13 10:06:42,Самара,chat,high,reporting,b2b,L2,8.0,10.11,0,5.0,resolved
TKT-100068,2026-03-09 16:00:00,2026-03-10 11:26:02,Москва,web,medium,integration,b2b,Integration,24.0,19.43,0,4.0,closed
TKT-100069,2026-01-14 13:00:00,2026-01-14 20:51:27,Москва,web,high,payment,b2b,Billing,8.0,7.86,0,4.0,resolved
TKT-100070,2026-03-26 00:00:00,2026-03-26 23:06:30,Новосибирск,web,medium,security,b2c,Security,24.0,23.11,0,4.0,closed
TKT-100071,2026-05-25 02:00:00,2026-05-26 02:48:12,Санкт-Петербург,email,low,access,b2b,L1,48.0,24.8,1,4.0,resolved
TKT-100072,2026-02-04 10:00:00,2026-02-05 05:29:10,Новосибирск,phone,medium,payment,b2c,Billing,24.0,19.49,0,4.0,closed
TKT-100073,2026-03-25 17:00:00,2026-03-26 19:09:58,Москва,email,medium,reporting,b2b,L2,24.0,26.17,0,4.0,closed
TKT-100074,2026-01-24 19:00:00,2026-01-26 21:50:04,Владивосток,web,low,security,b2b,Security,48.0,50.83,0,3.0,closed
TKT-100075,2026-05-05 10:00:00,2026-05-06 19:52:42,Самара,chat,low,other,b2c,L1,48.0,33.88,0,4.0,resolved
TKT-100076,2026-03-28 07:00:00,2026-03-30 03:35:27,Ростов-на-Дону,chat,medium,payment,b2c,Billing,24.0,44.59,0,3.0,closed
TKT-100077,2026-03-01 23:00:00,2026-03-03 05:37:45,Москва,email,low,access,b2b,L1,48.0,30.63,0,4.0,closed
TKT-100078,2026-02-11 11:00:00,2026-02-12 21:21:49,Санкт-Петербург,email,low,other,b2c,L1,48.0,34.36,0,5.0,resolved
TKT-100079,2026-04-13 07:00:00,2026-04-13 13:40:08,Санкт-Петербург,email,high,access,b2b,L1,8.0,6.67,0,4.0,closed
TKT-100080,2026-05-02 10:00:00,2026-05-02 19:35:45,Екатеринбург,web,high,payment,b2b,Billing,8.0,9.6,0,3.0,closed
TKT-100081,2026-06-20 00:00:00,2026-06-20 05:43:59,Санкт-Петербург,web,high,payment,b2c,Billing,8.0,5.73,0,4.0,closed
TKT-100082,2026-03-21 07:00:00,2026-03-22 19:40:19,Москва,web,medium,integration,b2b,Integration,24.0,36.67,0,4.0,resolved
TKT-100083,2026-01-30 12:00:00,2026-01-30 19:59:27,Санкт-Петербург,email,high,other,b2b,L1,8.0,7.99,0,5.0,closed
TKT-100084,2026-05-31 22:00:00,2026-06-02 08:11:37,Санкт-Петербург,phone,medium,security,b2c,Security,24.0,34.19,0,3.0,closed
TKT-100085,2026-04-24 17:00:00,2026-04-26 08:58:06,Казань,email,low,reporting,b2b,L2,48.0,39.97,0,4.0,resolved
TKT-100086,2026-05-07 18:00:00,2026-05-09 09:31:13,Москва,chat,low,access,b2b,L1,48.0,39.52,0,5.0,closed
TKT-100087,2026-01-18 13:00:00,2026-01-19 01:49:34,Санкт-Петербург,chat,medium,payment,b2b,Billing,24.0,12.83,0,4.0,closed
TKT-100088,2026-02-26 02:00:00,2026-02-27 22:34:55,Новосибирск,chat,low,integration,partner,Integration,48.0,44.58,1,3.0,closed
TKT-100089,2026-05-19 09:00:00,2026-05-19 23:52:44,Казань,chat,medium,,b2c,L1,24.0,14.88,0,5.0,closed
TKT-100090,2026-05-31 23:00:00,2026-06-01 09:18:30,Санкт-Петербург,email,critical,payment,b2b,Billing,4.0,10.31,0,2.0,closed
TKT-100091,2026-03-20 01:00:00,2026-03-22 08:12:44,Екатеринбург,chat,low,payment,b2b,Billing,48.0,55.21,0,3.0,resolved
TKT-100092,2026-05-26 21:00:00,2026-05-27 14:47:18,Самара,phone,low,access,b2c,Billing,48.0,17.79,0,5.0,resolved
TKT-100093,2026-06-02 16:00:00,2026-06-02 21:30:55,Казань,email,critical,integration,b2b,Integration,4.0,5.52,0,3.0,closed
TKT-100094,2026-03-12 06:00:00,2026-03-13 05:46:01,Новосибирск,web,medium,reporting,b2c,L2,24.0,23.77,0,3.0,closed
TKT-100095,2026-06-12 18:00:00,2026-06-14 06:47:11,Владивосток,chat,low,access,b2c,L1,48.0,36.79,0,5.0,closed
TKT-100096,2026-02-22 20:00:00,2026-02-23 04:06:22,Екатеринбург,web,high,integration,b2b,Integration,8.0,8.11,0,5.0,closed
TKT-100097,2026-02-13 01:00:00,2026-02-14 01:56:07,Владивосток,phone,high,security,b2b,Security,8.0,24.94,0,2.0,closed
TKT-100098,2026-05-04 02:00:00,2026-05-05 21:16:05,Ростов-на-Дону,phone,medium,security,b2b,Security,24.0,43.27,0,3.0,resolved
TKT-100099,2026-04-26 15:00:00,2026-04-28 03:40:51,Москва,phone,medium,security,b2b,Security,24.0,36.68,0,3.0,closed
TKT-100100,2026-01-26 23:00:00,2026-01-27 21:27:06,Казань,web,medium,integration,b2b,Integration,24.0,22.45,0,4.0,closed
TKT-100101,2026-05-31 00:00:00,2026-06-03 05:32:11,Самара,phone,low,security,partner,Security,48.0,77.54,0,3.0,closed
TKT-100102,2026-02-06 15:00:00,2026-02-07 13:33:11,Владивосток,email,medium,payment,b2b,Billing,24.0,22.55,0,3.0,resolved
TKT-100103,2026-05-26 03:00:00,2026-05-27 04:13:24,Казань,email,medium,payment,b2c,Billing,24.0,25.22,0,5.0,resolved
TKT-100104,2026-01-02 15:00:00,2026-01-03 08:34:05,Москва,phone,medium,access,b2c,L1,24.0,17.57,0,5.0,resolved
TKT-100105,2026-05-25 14:00:00,2026-05-25 23:03:03,Екатеринбург,email,high,integration,b2b,Integration,8.0,9.05,0,4.0,closed
TKT-100106,2026-05-23 02:00:00,2026-05-26 16:20:36,Москва,email,low,integration,b2b,Integration,48.0,86.34,0,3.0,closed
TKT-100107,2026-05-22 16:00:00,2026-05-23 20:09:39,Самара,email,medium,payment,b2b,Billing,24.0,28.16,1,3.0,resolved
TKT-100108,2026-05-01 21:00:00,2026-05-04 07:23:44,Екатеринбург,chat,medium,security,b2c,Security,24.0,58.4,0,2.0,closed
TKT-100109,2026-03-27 20:00:00,2026-03-28 02:41:31,Самара,email,high,payment,b2b,Billing,8.0,6.69,0,4.0,closed
TKT-100110,2026-05-08 00:00:00,2026-05-08 21:37:36,Ростов-на-Дону,phone,medium,payment,b2c,Billing,24.0,21.63,0,4.0,resolved
TKT-100111,2026-02-20 05:00:00,2026-02-20 18:07:24,Новосибирск,web,medium,access,b2c,L1,24.0,13.12,0,5.0,closed
TKT-100112,2026-05-22 05:00:00,2026-05-23 22:23:11,Новосибирск,web,medium,integration,b2c,Integration,24.0,41.39,0,3.0,closed
TKT-100113,2026-04-11 10:00:00,2026-04-12 11:32:21,Самара,chat,medium,payment,partner,Billing,24.0,25.54,0,4.0,resolved
TKT-100114,2026-03-25 03:00:00,2026-03-26 00:34:50,Ростов-на-Дону,chat,medium,payment,b2c,Billing,24.0,21.58,0,3.0,closed
TKT-100115,2026-04-02 20:00:00,2026-04-03 03:52:37,Ростов-на-Дону,chat,high,payment,b2c,Billing,8.0,7.88,0,4.0,closed
TKT-100116,2026-04-13 18:00:00,2026-04-14 15:45:17,Москва,chat,medium,security,b2c,Security,24.0,21.75,0,4.0,resolved
TKT-100117,2026-01-07 19:00:00,2026-01-08 02:35:13,Екатеринбург,phone,high,other,b2c,L1,8.0,7.59,0,3.0,resolved
TKT-100118,2026-01-26 04:00:00,2026-01-26 08:58:37,Москва,email,critical,integration,b2c,Integration,4.0,4.98,0,4.0,closed
TKT-100119,2026-02-14 00:00:00,2026-02-14 18:04:45,Ростов-на-Дону,web,medium,reporting,partner,L2,24.0,18.08,0,5.0,resolved
TKT-100120,2026-01-21 21:00:00,2026-01-23 04:51:42,Новосибирск,email,medium,other,b2c,L1,24.0,31.86,0,5.0,closed
TKT-100121,2026-03-21 06:00:00,2026-03-22 15:51:36,Казань,web,low,other,b2c,L1,48.0,33.86,0,4.0,closed
TKT-100122,2026-05-01 15:00:00,2026-05-02 04:37:41,,phone,high,reporting,b2c,L2,8.0,13.63,0,3.0,closed
TKT-100123,2026-04-29 21:00:00,2026-04-30 14:55:23,Санкт-Петербург,email,medium,other,b2c,L1,24.0,17.92,0,4.0,closed
TKT-100124,2026-03-27 00:00:00,2026-03-27 21:23:10,Самара,phone,medium,other,b2b,L1,24.0,21.39,0,4.0,closed
TKT-100125,2026-06-04 00:00:00,2026-06-06 11:55:37,Москва,email,low,security,b2c,Security,48.0,59.93,0,4.0,closed
TKT-100126,2026-04-13 00:00:00,2026-04-13 07:05:35,Москва,phone,high,integration,b2c,Integration,8.0,7.09,0,4.0,closed
TKT-100127,2026-01-15 03:00:00,2026-01-16 05:06:36,Ростов-на-Дону,chat,medium,access,partner,L1,24.0,26.11,0,4.0,closed
TKT-100128,2026-05-19 01:00:00,2026-05-19 20:30:23,Самара,email,medium,access,b2b,L1,24.0,19.51,0,3.0,closed
TKT-100129,2026-04-15 19:00:00,2026-04-18 09:49:29,Москва,email,low,integration,b2c,Integration,48.0,62.82,0,4.0,closed
TKT-100130,2026-04-25 14:00:00,2026-04-25 19:50:17,Санкт-Петербург,phone,critical,integration,b2c,Integration,4.0,5.84,0,3.0,resolved
TKT-100131,2026-04-13 23:00:00,2026-04-16 11:15:58,Владивосток,chat,low,integration,partner,Integration,48.0,60.27,1,3.0,closed
TKT-100132,2026-04-11 19:00:00,2026-04-13 13:05:14,Самара,web,low,integration,partner,Integration,48.0,42.09,0,3.0,closed
TKT-100133,2026-01-17 23:00:00,2026-01-18 16:21:01,Новосибирск,phone,high,integration,b2c,Integration,8.0,17.35,0,2.0,resolved
TKT-100134,2026-04-12 05:00:00,2026-04-12 19:49:39,Санкт-Петербург,phone,high,security,b2c,Security,8.0,14.83,0,3.0,resolved
TKT-100135,2026-05-24 06:00:00,2026-05-25 19:41:07,Санкт-Петербург,email,low,access,b2b,L1,48.0,37.69,0,4.0,closed
TKT-100136,2026-02-25 20:00:00,2026-02-27 02:08:03,Москва,phone,medium,payment,partner,Billing,24.0,30.13,0,4.0,closed
TKT-100137,2026-04-20 05:00:00,2026-04-21 00:29:43,Самара,web,high,security,b2b,Security,8.0,19.5,0,3.0,closed
TKT-100138,2026-01-06 01:00:00,2026-01-06 09:15:01,Москва,email,high,other,b2c,L1,8.0,8.25,0,4.0,closed
TKT-100139,2026-03-04 16:00:00,2026-03-05 03:56:03,Москва,chat,medium,other,b2c,Security,24.0,11.93,0,5.0,closed
TKT-100140,2026-03-21 19:00:00,2026-03-22 11:07:43,Самара,email,medium,other,b2b,L1,24.0,16.13,0,5.0,closed
TKT-100141,2026-06-27 23:00:00,2026-06-28 07:17:37,Владивосток,chat,high,other,b2b,L1,8.0,8.29,0,4.0,resolved
TKT-100142,2026-02-08 22:00:00,2026-02-09 08:48:14,Самара,phone,high,payment,b2b,Billing,8.0,10.8,0,3.0,closed
TKT-100143,2026-02-20 02:00:00,2026-02-20 14:41:38,Екатеринбург,chat,high,integration,b2c,Integration,8.0,12.69,1,3.0,resolved
TKT-100144,2026-03-15 18:00:00,2026-03-16 10:29:54,Екатеринбург,chat,medium,payment,b2c,Billing,24.0,16.5,0,5.0,closed
TKT-100145,2026-06-29 20:00:00,2026-07-01 16:27:25,Казань,chat,low,reporting,b2b,L2,48.0,44.46,0,4.0,closed
TKT-100146,2026-06-04 16:00:00,2026-06-04 22:02:54,Санкт-Петербург,email,high,other,b2c,L1,8.0,6.05,0,3.0,resolved
TKT-100147,2026-01-07 19:00:00,2026-01-08 03:50:21,Екатеринбург,email,high,payment,b2b,Billing,8.0,8.84,0,3.0,closed
TKT-100148,2026-02-12 20:00:00,2026-02-13 03:00:00,Казань,web,high,integration,b2c,Integration,8.0,7.0,0,4.0,closed
TKT-100149,2026-05-29 10:00:00,2026-05-31 21:20:20,Новосибирск,phone,low,payment,b2b,Billing,48.0,59.34,0,4.0,resolved
TKT-100150,2026-01-11 00:00:00,2026-01-12 08:18:25,Ростов-на-Дону,chat,low,access,b2b,L1,48.0,32.31,0,4.0,resolved
TKT-100151,2026-06-04 10:00:00,2026-06-05 09:10:40,Владивосток,web,high,payment,b2b,Billing,8.0,23.18,0,3.0,resolved
TKT-100152,2026-02-20 04:00:00,2026-02-21 13:24:17,Москва,email,low,access,b2c,L1,48.0,33.4,0,5.0,resolved
TKT-100153,2026-06-16 02:00:00,2026-06-16 07:06:01,Казань,email,critical,other,b2c,L1,4.0,5.1,0,4.0,closed
TKT-100154,2026-02-23 02:00:00,2026-02-24 10:56:54,Москва,email,medium,integration,b2c,Integration,24.0,32.95,0,4.0,closed
TKT-100155,2026-03-20 16:00:00,2026-03-21 00:13:19,Санкт-Петербург,web,high,security,b2c,Security,8.0,8.22,0,3.0,closed
TKT-100156,2026-04-30 12:00:00,2026-04-30 18:58:40,Санкт-Петербург,phone,high,reporting,b2b,L2,8.0,6.98,0,4.0,closed
TKT-100157,2026-01-23 12:00:00,2026-01-24 09:12:50,Москва,phone,medium,payment,b2b,Billing,24.0,21.21,0,4.0,resolved
TKT-100158,2026-04-11 17:00:00,2026-04-12 02:59:03,Самара,email,medium,access,b2b,L1,24.0,9.98,1,3.0,resolved
TKT-100159,2026-04-02 13:00:00,2026-04-04 01:55:46,Екатеринбург,email,medium,security,partner,Security,24.0,36.93,0,3.0,closed
TKT-100160,2026-05-22 15:00:00,2026-05-23 13:46:21,Владивосток,phone,medium,payment,b2b,Integration,24.0,22.77,0,5.0,closed
TKT-100161,2026-06-30 02:00:00,2026-07-01 00:59:33,Москва,chat,medium,other,partner,L1,24.0,22.99,0,4.0,closed
TKT-100162,2026-05-01 20:00:00,2026-05-02 09:31:32,Москва,web,medium,access,b2b,L1,24.0,13.53,0,5.0,resolved
TKT-100163,2026-03-16 10:00:00,2026-03-16 15:59:21,Казань,phone,critical,reporting,b2b,L2,4.0,5.99,0,3.0,closed
TKT-100164,2026-03-15 03:00:00,2026-03-16 08:37:33,Москва,chat,medium,security,b2b,Security,24.0,29.63,0,5.0,closed
TKT-100165,2026-03-17 19:00:00,2026-03-20 05:38:28,Санкт-Петербург,phone,low,payment,b2b,Billing,48.0,58.64,0,4.0,closed
TKT-100166,2026-05-28 17:00:00,2026-05-29 23:59:24,Владивосток,web,medium,payment,b2c,Billing,24.0,30.99,0,4.0,resolved
TKT-100167,2026-02-28 01:00:00,2026-02-28 14:38:46,Москва,chat,medium,other,b2c,L1,24.0,13.65,0,4.0,resolved
TKT-100168,2026-01-31 04:00:00,2026-02-01 10:13:35,Москва,phone,low,payment,b2b,Billing,48.0,30.23,0,5.0,closed
TKT-100169,2026-03-02 00:00:00,2026-03-03 13:49:20,Новосибирск,web,low,integration,b2c,Integration,48.0,37.82,0,4.0,closed
TKT-100170,2026-01-05 06:00:00,2026-01-06 14:43:39,Екатеринбург,email,medium,integration,b2c,Integration,24.0,32.73,0,3.0,closed
TKT-100171,2026-01-20 02:00:00,2026-01-21 05:53:35,Новосибирск,web,medium,payment,partner,Billing,24.0,27.89,0,4.0,resolved
TKT-100172,2026-01-17 17:00:00,2026-01-18 07:26:07,Казань,email,critical,security,partner,Security,4.0,14.44,1,2.0,closed
TKT-100173,2026-05-20 12:00:00,2026-05-21 20:41:28,Ростов-на-Дону,phone,medium,security,b2c,Security,24.0,32.69,0,4.0,closed
TKT-100174,2026-05-11 23:00:00,2026-05-13 13:22:52,Москва,web,low,payment,b2c,Billing,48.0,38.38,0,4.0,closed
TKT-100175,2026-05-07 17:00:00,2026-05-08 05:42:59,Казань,phone,high,security,b2c,Security,8.0,12.72,0,3.0,closed
TKT-100176,2026-03-25 14:00:00,2026-03-25 23:50:49,Самара,chat,high,payment,b2c,Billing,8.0,9.85,0,4.0,closed
TKT-100177,2026-05-10 12:00:00,2026-05-11 12:22:21,Ростов-на-Дону,phone,medium,access,b2c,L1,24.0,24.37,0,4.0,resolved
TKT-100178,2026-01-30 01:00:00,2026-01-31 09:29:51,Санкт-Петербург,email,low,reporting,b2b,L2,48.0,32.5,0,5.0,closed
TKT-100179,2026-06-13 01:00:00,2026-06-15 14:30:11,Екатеринбург,email,low,other,b2c,L1,48.0,61.5,0,4.0,closed
TKT-100180,2026-04-01 14:00:00,2026-04-02 04:35:07,Москва,email,medium,access,partner,L1,24.0,14.59,0,5.0,closed
TKT-100181,2026-06-19 00:00:00,2026-06-20 10:58:48,Москва,phone,medium,payment,b2b,Billing,24.0,34.98,0,4.0,closed
TKT-100182,2026-01-28 01:00:00,2026-01-29 06:00:30,Москва,chat,medium,integration,b2c,Integration,24.0,29.01,1,3.0,closed
TKT-100183,2026-04-01 05:00:00,2026-04-03 15:25:11,Самара,email,low,security,partner,Security,48.0,58.42,0,4.0,closed
TKT-100184,2026-05-07 21:00:00,2026-05-08 15:06:45,Санкт-Петербург,web,medium,access,b2b,Billing,24.0,18.11,0,5.0,closed
TKT-100185,2026-03-31 11:00:00,2026-04-01 01:18:51,Самара,chat,critical,integration,b2c,Integration,4.0,14.31,0,3.0,resolved
TKT-100186,2026-03-22 17:00:00,2026-03-23 16:03:07,Москва,chat,medium,security,partner,Security,24.0,23.05,0,5.0,closed
TKT-100187,2026-01-31 09:00:00,2026-02-01 09:24:48,Ростов-на-Дону,chat,medium,payment,partner,Billing,24.0,24.41,0,4.0,closed
TKT-100188,2026-03-10 04:00:00,2026-03-11 05:35:22,Ростов-на-Дону,email,low,access,b2b,L1,48.0,25.59,0,4.0,closed
TKT-100189,2026-02-13 08:00:00,2026-02-14 18:15:25,Москва,phone,medium,payment,b2b,Billing,24.0,34.26,0,4.0,closed
TKT-100190,2026-02-24 02:00:00,2026-02-25 11:38:06,Москва,chat,medium,integration,b2c,Integration,24.0,33.64,0,4.0,resolved
TKT-100191,2026-05-04 18:00:00,2026-05-05 04:15:16,Москва,email,high,integration,b2b,Integration,8.0,10.25,0,4.0,closed
TKT-100192,2026-04-25 04:00:00,2026-04-25 14:40:25,Ростов-на-Дону,web,high,other,b2b,L1,8.0,10.67,0,4.0,closed
TKT-100193,2026-04-20 09:00:00,2026-04-20 19:03:45,Санкт-Петербург,web,high,reporting,b2b,L2,8.0,10.06,1,3.0,closed
TKT-100194,2026-03-07 23:00:00,2026-03-08 03:44:08,Екатеринбург,phone,critical,reporting,b2b,L2,4.0,4.74,0,4.0,closed
TKT-100195,2026-06-23 14:00:00,2026-06-23 21:16:09,Казань,web,critical,other,b2c,L1,4.0,7.27,0,3.0,closed
TKT-100196,2026-01-16 11:00:00,2026-01-16 18:28:51,Ростов-на-Дону,web,critical,integration,b2c,Integration,4.0,7.48,0,3.0,closed
TKT-100197,2026-03-04 13:00:00,2026-03-06 23:14:11,Екатеринбург,chat,low,integration,b2c,Integration,48.0,58.24,0,5.0,closed
TKT-100198,2026-01-22 18:00:00,2026-01-24 02:20:35,Екатеринбург,phone,low,other,b2c,L1,48.0,32.34,0,4.0,resolved
TKT-100199,2026-03-03 06:00:00,2026-03-04 12:36:21,Владивосток,phone,medium,payment,b2b,Billing,24.0,30.61,0,4.0,closed
TKT-100200,2026-06-24 15:00:00,2026-06-25 17:32:53,Москва,email,medium,reporting,b2b,L2,24.0,26.55,0,3.0,closed
TKT-100201,2026-03-08 20:00:00,2026-03-11 07:07:37,Ростов-на-Дону,email,low,security,b2b,Security,48.0,59.13,0,4.0,closed
TKT-100202,2026-06-14 13:00:00,2026-06-14 19:31:09,Москва,email,high,access,b2b,L1,8.0,6.52,0,5.0,closed
TKT-100203,2026-03-31 10:00:00,2026-04-02 15:30:35,Екатеринбург,phone,medium,integration,b2b,Integration,24.0,53.51,1,2.0,closed
TKT-100204,2026-05-07 03:00:00,2026-05-07 23:49:00,Ростов-на-Дону,web,medium,payment,b2b,Billing,24.0,20.82,0,4.0,resolved
TKT-100205,2026-03-24 05:00:00,2026-03-25 19:08:17,Новосибирск,phone,low,access,b2b,L1,48.0,-3.0,0,5.0,closed
TKT-100206,2026-02-18 22:00:00,2026-02-19 23:27:10,Самара,chat,medium,integration,b2b,Integration,24.0,25.45,0,4.0,resolved
TKT-100207,2026-05-19 12:00:00,2026-05-22 15:06:35,Санкт-Петербург,email,low,payment,b2c,Billing,48.0,75.11,0,4.0,closed
TKT-100208,2026-06-25 07:00:00,2026-06-25 19:13:38,Казань,chat,high,security,b2c,Security,8.0,12.23,0,3.0,closed
TKT-100209,2026-02-17 10:00:00,2026-02-18 00:40:56,Санкт-Петербург,chat,medium,other,partner,L1,24.0,14.68,0,4.0,closed
TKT-100210,2026-05-21 13:00:00,2026-05-22 00:50:49,Екатеринбург,web,high,security,b2c,Security,8.0,11.85,0,3.0,closed
TKT-100211,2026-02-17 12:00:00,2026-02-18 12:44:02,Казань,web,medium,payment,b2c,Billing,24.0,24.73,0,4.0,closed
TKT-100212,2026-05-10 16:00:00,2026-05-11 09:18:24,Санкт-Петербург,web,medium,payment,b2b,Billing,24.0,17.31,0,4.0,closed
TKT-100213,2026-05-23 06:00:00,2026-05-24 04:38:03,Санкт-Петербург,web,medium,payment,b2c,Billing,24.0,22.63,0,4.0,closed
TKT-100214,2026-03-23 15:00:00,2026-03-23 18:37:01,Санкт-Петербург,web,high,access,b2b,L1,8.0,3.62,0,5.0,closed
TKT-100215,2026-05-14 10:00:00,2026-05-14 19:35:36,Санкт-Петербург,chat,high,other,b2b,L1,8.0,9.59,0,5.0,closed
TKT-100216,2026-02-19 22:00:00,2026-02-21 11:37:10,Москва,email,low,integration,b2b,Integration,48.0,37.62,0,4.0,closed
TKT-100217,2026-01-15 03:00:00,2026-01-15 06:18:46,Ростов-на-Дону,email,critical,payment,b2b,Billing,4.0,3.31,0,3.0,resolved
TKT-100218,2026-01-18 03:00:00,2026-01-20 02:02:29,Новосибирск,chat,low,other,b2b,L1,48.0,47.04,0,3.0,resolved
TKT-100219,2026-03-22 11:00:00,2026-03-22 18:22:58,Москва,email,high,integration,b2c,Integration,8.0,7.38,0,4.0,resolved
TKT-100220,2026-06-13 12:00:00,2026-06-15 10:24:38,Самара,email,low,access,b2c,L1,48.0,46.41,0,4.0,resolved
TKT-100221,2026-01-24 16:00:00,2026-01-25 05:47:02,Ростов-на-Дону,web,medium,access,b2c,L1,24.0,13.78,0,5.0,closed
TKT-100222,2026-03-24 09:00:00,2026-03-24 22:56:36,Санкт-Петербург,email,high,reporting,b2c,Billing,8.0,13.94,0,3.0,resolved
TKT-100223,2026-05-08 21:00:00,2026-05-11 20:55:10,Москва,web,low,security,b2c,Security,48.0,71.92,0,4.0,closed
TKT-100224,2026-02-06 11:00:00,2026-02-07 01:49:02,Москва,phone,medium,payment,b2b,Billing,24.0,14.82,0,4.0,resolved
TKT-100225,2026-05-11 03:00:00,2026-05-11 18:58:03,Москва,phone,medium,other,b2c,L1,24.0,15.97,0,4.0,resolved
TKT-100226,2026-02-25 02:00:00,2026-02-26 00:24:02,Самара,phone,medium,other,b2c,L1,24.0,22.4,0,4.0,closed
TKT-100227,2026-05-27 23:00:00,2026-05-28 08:45:55,Владивосток,chat,high,other,b2b,Integration,8.0,9.77,0,3.0,closed
TKT-100228,2026-04-15 03:00:00,2026-04-15 11:43:33,Москва,phone,high,payment,b2b,Billing,8.0,8.73,0,3.0,closed
TKT-100229,2026-04-09 22:00:00,2026-04-10 09:08:11,Самара,email,high,access,partner,L1,8.0,11.14,0,3.0,closed
TKT-100230,2026-02-01 06:00:00,2026-02-01 19:43:41,Москва,web,medium,other,b2c,L1,24.0,13.73,0,5.0,resolved
TKT-100231,2026-03-25 02:00:00,2026-03-26 04:41:13,Новосибирск,chat,medium,payment,b2c,Billing,24.0,26.69,1,3.0,closed
TKT-100232,2026-06-05 07:00:00,2026-06-06 18:52:13,Самара,email,medium,reporting,b2c,L2,24.0,35.87,0,4.0,closed
TKT-100233,2026-01-04 14:00:00,2026-01-06 01:59:45,Санкт-Петербург,phone,medium,security,b2b,Security,24.0,36.0,0,2.0,resolved
TKT-100234,2026-05-18 10:00:00,2026-05-19 16:12:27,Москва,phone,low,access,b2c,L1,48.0,30.21,0,4.0,closed
TKT-100235,2026-03-31 18:00:00,2026-04-01 01:37:28,Новосибирск,chat,critical,security,b2b,Security,4.0,7.62,0,3.0,closed
TKT-100236,2026-05-11 14:00:00,2026-05-11 20:16:15,Владивосток,phone,high,other,b2b,L1,8.0,6.27,0,3.0,closed
TKT-100237,2026-05-01 09:00:00,2026-05-01 16:13:27,Санкт-Петербург,email,high,reporting,b2c,L2,8.0,7.22,0,5.0,closed
TKT-100238,2026-03-20 15:00:00,2026-03-21 21:10:17,Москва,phone,medium,integration,b2b,Integration,24.0,30.17,0,3.0,closed
TKT-100239,2026-02-25 23:00:00,2026-02-26 15:29:20,Москва,email,medium,other,b2c,L1,24.0,16.49,0,5.0,resolved
TKT-100240,2026-04-24 09:00:00,2026-04-25 20:33:30,Екатеринбург,email,medium,integration,b2b,Integration,24.0,35.56,1,2.0,closed
TKT-100241,2026-01-26 03:00:00,2026-01-27 23:04:43,Новосибирск,email,medium,security,b2c,Security,24.0,44.08,1,3.0,closed
TKT-100242,2026-04-16 09:00:00,2026-04-17 10:54:38,Ростов-на-Дону,chat,medium,security,b2c,Security,24.0,25.91,0,5.0,resolved
TKT-100243,2026-01-18 20:00:00,2026-01-20 17:31:01,Самара,chat,low,security,b2c,Security,48.0,45.52,0,3.0,resolved
TKT-100244,2026-04-28 05:00:00,2026-04-30 05:04:30,Ростов-на-Дону,chat,low,payment,b2c,Billing,48.0,48.08,0,4.0,closed
TKT-100245,2026-04-24 22:00:00,2026-04-25 01:49:55,Ростов-на-Дону,email,critical,access,partner,L1,4.0,3.83,0,3.0,closed
TKT-100246,2026-01-16 14:00:00,2026-01-17 21:25:00,Санкт-Петербург,email,medium,payment,b2c,Billing,24.0,31.42,0,4.0,closed
TKT-100247,2026-05-18 14:00:00,2026-05-19 01:16:28,Екатеринбург,chat,critical,integration,b2c,Integration,4.0,11.27,1,1.0,closed
TKT-100248,2026-03-17 07:00:00,2026-03-19 13:02:15,Санкт-Петербург,email,low,integration,b2c,Integration,48.0,54.04,0,4.0,closed
TKT-100249,2026-05-23 22:00:00,2026-05-25 16:37:39,Санкт-Петербург,phone,medium,reporting,b2b,L2,24.0,42.63,0,2.0,closed
TKT-100250,2026-01-08 00:00:00,2026-01-09 09:39:26,Владивосток,web,low,integration,b2b,Integration,48.0,33.66,0,5.0,resolved
TKT-100251,2026-02-02 07:00:00,2026-02-03 13:01:31,Самара,chat,medium,security,b2b,Security,24.0,30.03,0,3.0,closed
TKT-100252,2026-03-31 10:00:00,2026-04-02 05:37:40,Владивосток,web,low,other,b2b,L1,48.0,43.63,0,5.0,resolved
TKT-100253,2026-02-04 11:00:00,2026-02-05 15:55:44,Казань,email,low,payment,b2b,Billing,48.0,28.93,0,4.0,resolved
TKT-100254,2026-03-01 11:00:00,2026-03-01 21:24:04,Екатеринбург,email,high,reporting,b2b,L2,8.0,10.4,0,3.0,closed
TKT-100255,2026-04-30 03:00:00,2026-04-30 21:28:43,Екатеринбург,phone,medium,reporting,b2c,L2,24.0,18.48,0,5.0,resolved
TKT-100256,2026-01-27 05:00:00,2026-01-28 11:21:44,Москва,phone,medium,integration,b2b,Integration,24.0,30.36,0,4.0,closed
TKT-100257,2026-05-03 02:00:00,2026-05-04 05:20:32,Санкт-Петербург,web,medium,access,b2c,L1,24.0,27.34,0,5.0,closed
TKT-100258,2026-01-19 13:00:00,2026-01-20 22:46:07,Екатеринбург,email,medium,security,b2b,Security,24.0,33.77,0,4.0,closed
TKT-100259,2026-02-01 08:00:00,2026-02-01 17:51:26,Москва,phone,medium,other,b2c,L1,24.0,9.86,0,4.0,closed
TKT-100260,2026-04-17 13:00:00,2026-04-19 00:05:45,Владивосток,chat,low,reporting,b2b,L2,48.0,35.1,0,4.0,closed
TKT-100261,2026-05-24 14:00:00,2026-05-24 19:46:31,Москва,chat,critical,other,b2c,L2,4.0,5.78,0,3.0,resolved
TKT-100262,2026-01-31 16:00:00,2026-01-31 22:35:58,Москва,email,high,other,b2b,L1,8.0,6.6,0,5.0,resolved
TKT-100263,2026-02-24 13:00:00,2026-02-24 16:52:14,Самара,web,high,payment,b2c,Billing,8.0,3.87,0,5.0,resolved
TKT-100264,2026-06-17 15:00:00,2026-06-19 02:58:51,Москва,email,medium,reporting,b2b,L2,24.0,35.98,0,3.0,resolved
TKT-100265,2026-06-29 14:00:00,2026-07-02 16:31:23,Владивосток,web,low,integration,partner,Integration,48.0,74.52,1,2.0,resolved
TKT-100266,2026-04-16 15:00:00,2026-04-16 21:41:24,Самара,phone,high,other,b2b,L1,8.0,6.69,0,4.0,resolved
TKT-100267,2026-03-22 14:00:00,2026-03-23 11:54:11,Москва,phone,medium,access,b2c,L1,24.0,21.9,0,5.0,resolved
TKT-100268,2026-03-04 07:00:00,2026-03-06 00:14:49,Самара,phone,low,integration,b2b,Integration,48.0,41.25,1,3.0,closed
TKT-100269,2026-04-21 05:00:00,2026-04-22 00:33:06,Новосибирск,web,medium,other,b2c,L1,24.0,19.55,0,4.0,resolved
TKT-100270,2026-04-17 18:00:00,2026-04-18 05:06:42,Самара,email,high,payment,b2c,Billing,8.0,11.11,0,3.0,resolved
TKT-100271,2026-02-23 08:00:00,2026-02-25 14:56:41,Ростов-на-Дону,email,medium,security,b2b,Security,24.0,54.94,0,2.0,closed
TKT-100272,2026-01-05 13:00:00,2026-01-06 02:32:04,Самара,phone,high,payment,b2b,Billing,8.0,13.53,0,2.0,resolved
TKT-100273,2026-01-28 04:00:00,2026-01-28 12:53:35,Новосибирск,chat,high,other,b2b,L1,8.0,8.89,0,3.0,closed
TKT-100274,2026-06-23 10:00:00,2026-06-25 08:16:53,Санкт-Петербург,email,low,other,b2b,L1,48.0,46.28,0,5.0,resolved
TKT-100275,2026-03-17 12:00:00,2026-03-17 23:42:59,Самара,email,high,payment,partner,Billing,8.0,11.72,0,3.0,closed
TKT-100276,2026-03-29 15:00:00,2026-03-30 16:28:17,Владивосток,chat,medium,security,b2b,Security,24.0,25.47,0,4.0,closed
TKT-100277,2026-03-26 12:00:00,2026-03-27 19:30:05,Новосибирск,email,medium,payment,b2b,Billing,24.0,31.5,0,2.0,closed
TKT-100278,2026-05-22 08:00:00,2026-05-23 22:41:27,Новосибирск,email,low,reporting,partner,L2,48.0,38.69,0,5.0,closed
TKT-100279,2026-01-12 23:00:00,2026-01-13 04:13:19,Казань,web,critical,reporting,b2b,L2,4.0,5.22,0,3.0,closed
TKT-100280,2026-01-15 12:00:00,2026-01-16 14:54:49,Самара,chat,medium,security,b2b,Security,24.0,26.91,0,4.0,resolved
TKT-100281,2026-02-19 19:00:00,2026-02-21 08:57:31,Владивосток,web,low,access,b2c,L1,48.0,37.96,0,4.0,resolved
TKT-100282,2026-03-30 17:00:00,2026-03-31 15:05:54,Москва,web,medium,payment,partner,Billing,24.0,22.1,0,4.0,closed
TKT-100283,2026-05-02 13:00:00,2026-05-03 04:45:21,Москва,email,low,reporting,b2c,L2,48.0,15.76,0,4.0,resolved
TKT-100284,2026-03-30 21:00:00,2026-04-02 06:35:49,Екатеринбург,phone,low,integration,b2c,Integration,48.0,57.6,0,4.0,resolved
TKT-100285,2026-03-21 03:00:00,2026-03-22 18:01:55,Екатеринбург,phone,medium,integration,partner,Integration,24.0,39.03,0,3.0,closed
TKT-100286,2026-06-19 22:00:00,2026-06-21 01:35:27,Новосибирск,phone,medium,access,b2b,L1,24.0,27.59,0,4.0,resolved
TKT-100287,2026-01-30 20:00:00,2026-01-31 03:25:07,Москва,email,high,payment,partner,Billing,8.0,7.42,0,4.0,resolved
TKT-100288,2026-04-14 12:00:00,2026-04-16 00:10:44,Казань,email,medium,other,b2c,L1,24.0,36.18,0,3.0,closed
TKT-100289,2026-04-09 17:00:00,2026-04-10 02:20:57,Новосибирск,email,high,access,partner,L1,8.0,9.35,0,4.0,closed
TKT-100290,2026-03-27 12:00:00,2026-03-29 02:04:09,Новосибирск,phone,medium,integration,b2b,Integration,24.0,38.07,0,4.0,closed
TKT-100291,2026-05-27 06:00:00,2026-05-28 17:00:50,Новосибирск,web,medium,other,b2b,L1,24.0,35.01,0,3.0,closed
TKT-100292,2026-02-18 19:00:00,2026-02-19 13:30:43,Самара,phone,medium,access,b2c,L1,24.0,18.51,0,3.0,closed
TKT-100293,2026-06-22 05:00:00,2026-06-23 14:24:54,Новосибирск,phone,medium,security,b2c,Security,24.0,33.42,1,3.0,closed
TKT-100294,2026-03-02 07:00:00,2026-03-02 09:46:04,Ростов-на-Дону,web,critical,payment,b2c,Billing,4.0,2.77,0,4.0,resolved
TKT-100295,2026-04-09 12:00:00,2026-04-10 08:49:53,Новосибирск,phone,medium,other,partner,L1,24.0,20.83,0,5.0,closed
TKT-100296,2026-04-05 20:00:00,2026-04-09 03:33:35,Екатеринбург,email,low,security,b2c,Security,48.0,79.56,0,3.0,closed
TKT-100297,2026-06-03 09:00:00,2026-06-04 09:25:26,Новосибирск,web,medium,other,b2b,L1,24.0,24.42,0,2.0,closed
TKT-100298,2026-03-21 11:00:00,2026-03-21 21:48:37,Москва,chat,high,payment,b2b,Billing,8.0,10.81,0,4.0,resolved
TKT-100299,2026-02-21 00:00:00,2026-02-23 00:41:08,Санкт-Петербург,email,low,integration,b2b,Integration,48.0,48.69,0,3.0,resolved
TKT-100300,2026-01-04 02:00:00,2026-01-05 23:47:55,Екатеринбург,chat,medium,security,b2b,Security,24.0,45.8,1,1.0,resolved
TKT-100301,2026-03-07 01:00:00,2026-03-07 10:02:55,Ростов-на-Дону,web,high,payment,b2b,Billing,8.0,9.05,0,4.0,resolved
TKT-100302,2026-05-30 01:00:00,2026-05-30 14:41:36,Новосибирск,email,high,payment,b2c,Billing,8.0,13.69,1,2.0,resolved
TKT-100303,2026-01-02 20:00:00,2026-01-02 23:56:50,Москва,chat,critical,access,b2c,L1,4.0,3.95,0,3.0,closed
TKT-100304,2026-06-12 20:00:00,2026-06-14 14:36:18,Новосибирск,email,medium,other,b2c,L1,24.0,42.61,1,2.0,resolved
TKT-100305,2026-04-09 19:00:00,2026-04-10 08:08:52,Москва,email,medium,reporting,b2b,L2,24.0,13.15,0,5.0,closed
TKT-100306,2026-01-26 01:00:00,2026-01-26 18:19:07,Самара,email,medium,reporting,b2c,L2,24.0,17.32,0,4.0,closed
TKT-100307,2026-02-24 01:00:00,2026-02-24 10:37:53,Ростов-на-Дону,phone,critical,security,b2c,Security,4.0,9.63,0,2.0,closed
TKT-100308,2026-04-11 06:00:00,2026-04-13 15:19:50,Новосибирск,web,medium,integration,partner,Integration,24.0,57.33,0,2.0,closed
TKT-100309,2026-02-27 13:00:00,2026-02-28 02:26:28,Новосибирск,email,high,integration,b2c,Integration,8.0,13.44,0,4.0,closed
TKT-100310,2026-01-20 08:00:00,2026-01-21 08:04:49,Санкт-Петербург,chat,medium,integration,b2c,Integration,24.0,24.08,0,3.0,resolved
TKT-100311,2026-05-01 11:00:00,2026-05-02 19:49:22,Казань,email,medium,reporting,b2c,L2,24.0,32.82,0,4.0,closed
TKT-100312,2026-05-02 04:00:00,2026-05-02 18:45:17,Ростов-на-Дону,email,high,payment,b2c,Billing,8.0,14.75,0,3.0,closed
TKT-100313,2026-01-22 17:00:00,2026-01-23 09:03:19,Самара,chat,medium,other,b2c,L1,24.0,16.06,0,4.0,closed
TKT-100314,2026-02-20 07:00:00,2026-02-20 21:18:12,Екатеринбург,phone,high,security,b2b,Security,8.0,14.3,1,1.0,closed
TKT-100315,2026-02-14 01:00:00,2026-02-15 07:26:00,Санкт-Петербург,phone,medium,payment,b2b,Billing,24.0,30.43,0,4.0,closed
TKT-100316,2026-04-30 17:00:00,2026-05-02 07:40:57,Москва,chat,medium,reporting,b2b,L2,24.0,38.68,0,4.0,closed
TKT-100317,2026-05-13 21:00:00,2026-05-14 20:21:07,Москва,chat,medium,access,b2c,L1,24.0,23.35,0,3.0,closed
TKT-100318,2026-05-12 00:00:00,2026-05-12 21:18:17,Москва,email,medium,other,b2c,L1,24.0,21.3,0,4.0,closed
TKT-100319,2026-06-19 10:00:00,2026-06-20 10:34:09,Казань,email,medium,other,b2c,L1,24.0,24.57,0,4.0,closed
TKT-100320,2026-05-20 19:00:00,2026-05-23 00:07:55,Владивосток,web,low,other,b2b,L1,48.0,53.13,1,3.0,closed
TKT-100321,2026-02-28 16:00:00,2026-03-02 06:32:54,Екатеринбург,phone,low,payment,b2b,Billing,48.0,38.55,0,5.0,closed
TKT-100322,2026-01-20 20:00:00,2026-01-21 12:29:30,Санкт-Петербург,web,medium,access,b2c,L1,24.0,16.49,0,3.0,closed
TKT-100323,2026-04-22 09:00:00,2026-04-23 01:46:17,Москва,web,medium,payment,b2b,Billing,24.0,16.77,0,5.0,resolved
TKT-100324,2026-06-15 08:00:00,2026-06-16 15:09:53,Санкт-Петербург,phone,medium,access,partner,L1,24.0,31.16,0,4.0,closed
TKT-100325,2026-06-26 17:00:00,2026-06-27 20:46:21,Ростов-на-Дону,web,low,access,b2b,L1,48.0,27.77,0,5.0,resolved
TKT-100326,2026-02-11 03:00:00,2026-02-11 18:01:22,Казань,chat,medium,access,b2c,L1,24.0,15.02,0,5.0,closed
TKT-100327,2026-02-12 05:00:00,2026-02-13 13:36:55,Самара,email,low,other,b2c,L1,48.0,32.62,0,4.0,closed
TKT-100328,2026-01-07 14:00:00,2026-01-08 02:19:11,Ростов-на-Дону,email,high,access,b2c,L1,8.0,12.32,0,3.0,closed
TKT-100329,2026-01-26 16:00:00,2026-01-26 21:08:05,Москва,email,high,access,b2b,L1,8.0,5.13,0,4.0,closed
TKT-100330,2026-04-11 02:00:00,2026-04-12 09:42:46,Новосибирск,email,medium,security,partner,Security,24.0,31.71,1,3.0,closed
TKT-100331,2026-04-09 12:00:00,2026-04-10 11:26:54,Владивосток,chat,medium,reporting,b2c,L2,24.0,23.45,0,4.0,resolved
TKT-100332,2026-03-09 08:00:00,2026-03-13 03:58:34,Казань,phone,low,security,b2c,Security,48.0,91.98,0,3.0,resolved
TKT-100333,2026-02-26 12:00:00,2026-02-26 20:12:46,Москва,web,medium,reporting,b2c,L2,24.0,8.21,0,5.0,resolved
TKT-100334,2026-05-31 23:00:00,2026-06-02 08:16:22,,phone,low,other,b2b,Integration,48.0,33.27,0,4.0,closed
TKT-100335,2026-03-25 01:00:00,2026-03-27 06:36:32,Ростов-на-Дону,email,medium,reporting,b2c,L2,24.0,53.61,0,2.0,resolved
TKT-100336,2026-05-27 23:00:00,2026-05-29 19:12:06,Екатеринбург,phone,medium,integration,b2b,Integration,24.0,44.2,0,2.0,closed
TKT-100337,2026-06-24 10:00:00,2026-06-24 18:19:15,Екатеринбург,chat,high,reporting,b2b,L2,8.0,8.32,0,4.0,resolved
TKT-100338,2026-02-27 18:00:00,2026-03-01 13:09:51,Москва,email,low,integration,b2c,Integration,48.0,43.16,0,4.0,closed
TKT-100339,2026-02-06 10:00:00,2026-02-07 09:47:42,Ростов-на-Дону,chat,medium,payment,b2c,Billing,24.0,23.8,0,4.0,closed
TKT-100340,2026-06-22 07:00:00,2026-06-23 03:10:34,Екатеринбург,chat,high,integration,b2b,Integration,8.0,20.18,0,2.0,closed
TKT-100341,2026-04-25 18:00:00,2026-04-26 01:04:01,Москва,email,critical,access,b2b,L1,4.0,7.07,0,3.0,closed
TKT-100342,2026-02-22 16:00:00,2026-02-24 01:48:56,Самара,web,medium,security,b2b,Security,24.0,33.82,0,3.0,closed
TKT-100343,2026-04-23 03:00:00,2026-04-24 03:42:09,Владивосток,phone,medium,payment,b2b,Billing,24.0,24.7,0,4.0,closed
TKT-100344,2026-04-04 16:00:00,2026-04-05 17:50:56,Ростов-на-Дону,phone,medium,access,b2c,L1,24.0,25.85,0,4.0,closed
TKT-100345,2026-06-13 18:00:00,2026-06-14 16:28:48,Санкт-Петербург,email,medium,payment,b2b,Billing,24.0,22.48,0,3.0,resolved
TKT-100346,2026-02-16 09:00:00,2026-02-16 11:55:22,Москва,web,critical,other,partner,L1,4.0,2.92,0,5.0,resolved
TKT-100347,2026-06-29 22:00:00,2026-06-30 17:21:04,Владивосток,phone,medium,payment,b2b,Billing,24.0,19.35,0,4.0,closed
TKT-100348,2026-06-19 15:00:00,2026-06-20 10:32:19,Владивосток,email,medium,reporting,b2b,L2,24.0,19.54,0,5.0,closed
TKT-100349,2026-02-02 08:00:00,2026-02-03 10:08:30,Екатеринбург,phone,low,other,b2c,L1,48.0,26.14,0,4.0,closed
TKT-100350,2026-01-30 00:00:00,2026-01-30 12:30:19,Новосибирск,chat,medium,access,b2b,L1,24.0,12.51,0,4.0,closed
TKT-100351,2026-04-07 16:00:00,2026-04-08 07:35:33,Казань,chat,high,security,b2b,Security,8.0,15.59,0,3.0,closed
TKT-100352,2026-01-09 05:00:00,2026-01-09 19:59:48,Казань,email,medium,payment,partner,Billing,24.0,15.0,0,5.0,closed
TKT-100353,2026-02-24 18:00:00,2026-02-25 01:48:27,Москва,chat,medium,payment,partner,Billing,24.0,7.81,0,5.0,closed
TKT-100354,2026-03-20 12:00:00,2026-03-20 15:26:37,Москва,email,critical,reporting,b2c,L2,4.0,3.44,0,4.0,closed
TKT-100355,2026-06-25 11:00:00,2026-06-25 19:13:09,Санкт-Петербург,email,high,other,b2b,L1,8.0,8.22,1,3.0,closed
TKT-100356,2026-06-29 03:00:00,2026-06-30 04:14:15,Ростов-на-Дону,email,medium,payment,b2c,Billing,24.0,25.24,0,4.0,closed
TKT-100357,2026-01-28 17:00:00,2026-01-30 07:56:05,Москва,web,medium,integration,partner,Integration,24.0,38.93,0,4.0,closed
TKT-100358,2026-06-11 03:00:00,2026-06-12 00:38:49,Москва,chat,medium,payment,partner,Billing,24.0,21.65,0,4.0,closed
TKT-100359,2026-01-17 10:00:00,2026-01-18 23:44:15,Екатеринбург,chat,medium,integration,b2b,Integration,24.0,37.74,0,4.0,resolved
TKT-100360,2026-05-16 20:00:00,2026-05-17 19:13:40,Москва,chat,medium,reporting,b2b,L2,24.0,23.23,0,4.0,closed
TKT-100361,2026-06-03 22:00:00,2026-06-04 22:28:12,Москва,web,medium,reporting,b2b,L2,24.0,24.47,1,2.0,closed
TKT-100362,2026-06-11 23:00:00,2026-06-12 08:01:28,Екатеринбург,chat,high,reporting,b2b,L2,8.0,9.02,1,2.0,closed
TKT-100363,2026-02-10 22:00:00,2026-02-11 04:22:18,Санкт-Петербург,web,high,access,b2c,L1,8.0,6.37,0,4.0,resolved
TKT-100364,2026-06-11 13:00:00,2026-06-11 22:33:29,Новосибирск,chat,high,reporting,b2b,L2,8.0,9.56,0,3.0,closed
TKT-100365,2026-01-21 04:00:00,2026-01-21 09:37:30,Владивосток,email,critical,reporting,b2b,Billing,4.0,5.63,0,4.0,closed
TKT-100366,2026-04-04 20:00:00,2026-04-05 04:08:43,Москва,chat,high,reporting,b2b,L2,8.0,8.15,0,4.0,closed
TKT-100367,2026-03-26 19:00:00,2026-03-27 01:09:04,Владивосток,chat,high,access,b2c,L1,8.0,6.15,0,4.0,resolved
TKT-100368,2026-02-27 23:00:00,2026-02-28 16:26:36,Владивосток,web,high,integration,b2b,Integration,8.0,17.44,0,1.0,resolved
TKT-100369,2026-01-05 15:00:00,2026-01-06 23:37:35,Ростов-на-Дону,web,medium,integration,b2b,Integration,24.0,32.63,0,5.0,closed
TKT-100370,2026-05-20 03:00:00,2026-05-20 22:53:22,Новосибирск,chat,medium,access,b2b,L1,24.0,19.89,0,4.0,closed
TKT-100371,2026-03-02 12:00:00,2026-03-03 15:07:28,Новосибирск,web,medium,payment,partner,Billing,24.0,27.12,0,5.0,resolved
TKT-100372,2026-04-30 10:00:00,2026-05-01 21:09:37,Новосибирск,chat,medium,integration,b2b,Integration,24.0,35.16,1,2.0,closed
TKT-100373,2026-03-16 20:00:00,2026-03-17 20:40:44,Самара,email,medium,security,b2c,Security,24.0,24.68,0,3.0,closed
TKT-100374,2026-03-09 09:00:00,2026-03-10 06:47:06,Москва,chat,medium,payment,b2b,Billing,24.0,21.79,0,3.0,resolved
TKT-100375,2026-06-10 07:00:00,2026-06-11 20:36:26,Владивосток,email,medium,security,b2b,Billing,24.0,37.61,0,3.0,closed
TKT-100376,2026-01-18 01:00:00,2026-01-18 23:37:47,Новосибирск,web,medium,integration,b2b,Integration,24.0,22.63,0,3.0,closed
TKT-100377,2026-05-14 20:00:00,2026-05-16 13:03:15,Ростов-на-Дону,email,low,security,b2b,Security,48.0,41.05,0,4.0,closed
TKT-100378,2026-05-16 18:00:00,2026-05-17 06:38:11,Казань,chat,high,integration,b2b,Integration,8.0,12.64,0,2.0,closed
TKT-100379,2026-03-10 00:00:00,2026-03-10 12:57:21,Москва,chat,high,integration,b2c,Integration,8.0,12.96,0,4.0,resolved
TKT-100380,2026-02-17 10:00:00,2026-02-18 16:51:32,Екатеринбург,email,low,reporting,b2c,L2,48.0,30.86,0,5.0,closed
TKT-100381,2026-01-01 11:00:00,2026-01-04 08:46:09,Екатеринбург,email,low,other,b2b,L1,48.0,69.77,0,4.0,closed
TKT-100382,2026-06-19 11:00:00,2026-06-21 11:51:24,Казань,phone,medium,integration,b2b,Integration,24.0,48.86,0,2.0,resolved
TKT-100383,2026-06-21 22:00:00,2026-06-22 19:00:21,Санкт-Петербург,email,high,integration,b2c,Integration,8.0,21.01,0,2.0,closed
TKT-100384,2026-02-13 03:00:00,2026-02-13 13:17:26,Санкт-Петербург,chat,high,reporting,b2b,L2,8.0,10.29,0,3.0,resolved
TKT-100385,2026-01-06 07:00:00,2026-01-08 22:26:48,Екатеринбург,chat,low,reporting,b2b,L2,48.0,63.45,0,3.0,closed
TKT-100386,2026-01-23 04:00:00,2026-01-23 09:09:13,Казань,email,high,access,b2b,L1,8.0,5.15,0,4.0,closed
TKT-100387,2026-01-13 05:00:00,2026-01-14 05:28:32,Владивосток,email,low,integration,b2b,Integration,48.0,24.48,0,5.0,closed
TKT-100388,2026-05-31 21:00:00,2026-06-02 00:35:10,Москва,phone,medium,integration,b2c,Integration,24.0,27.59,0,4.0,closed
TKT-100389,2026-06-11 22:00:00,2026-06-12 04:30:49,Санкт-Петербург,web,critical,other,partner,L1,4.0,6.51,0,4.0,resolved
TKT-100390,2026-01-28 01:00:00,2026-01-29 23:39:10,Санкт-Петербург,email,low,integration,partner,Integration,48.0,46.65,0,4.0,closed
TKT-100391,2026-05-16 15:00:00,2026-05-19 11:11:02,Екатеринбург,web,low,integration,partner,Integration,48.0,68.18,1,3.0,resolved
TKT-100392,2026-02-02 05:00:00,2026-02-03 10:59:03,Екатеринбург,phone,medium,other,b2b,L1,24.0,29.98,0,4.0,closed
TKT-100393,2026-03-08 04:00:00,2026-03-09 17:26:21,Новосибирск,phone,medium,integration,b2b,Integration,24.0,37.44,0,3.0,closed
TKT-100394,2026-04-19 07:00:00,2026-04-19 13:31:16,Владивосток,phone,critical,access,b2b,L1,4.0,6.52,0,3.0,resolved
TKT-100395,2026-05-11 04:00:00,2026-05-11 08:34:14,Санкт-Петербург,phone,critical,payment,b2b,Billing,4.0,4.57,0,3.0,resolved
TKT-100396,2026-06-08 11:00:00,2026-06-09 13:18:24,Самара,web,low,access,b2b,L1,48.0,26.31,0,5.0,resolved
TKT-100397,2026-01-09 23:00:00,2026-01-11 15:14:56,Москва,chat,low,access,b2b,L1,48.0,40.25,0,4.0,resolved
TKT-100398,2026-02-05 14:00:00,2026-02-06 01:16:48,Санкт-Петербург,chat,high,integration,b2c,Integration,8.0,11.28,0,4.0,resolved
TKT-100399,2026-02-20 17:00:00,2026-02-21 18:42:42,Казань,chat,medium,security,b2b,Integration,24.0,25.71,0,4.0,closed
TKT-100400,2026-02-26 11:00:00,2026-02-26 17:18:57,Москва,email,high,reporting,b2b,L2,8.0,6.32,0,5.0,closed
TKT-100401,2026-06-30 00:00:00,2026-06-30 19:51:54,Новосибирск,phone,medium,access,b2c,L1,24.0,19.87,0,5.0,closed
TKT-100402,2026-05-21 02:00:00,2026-05-23 06:37:40,Новосибирск,email,low,integration,b2b,Integration,48.0,52.63,0,3.0,closed
TKT-100403,2026-02-27 06:00:00,2026-02-27 10:30:11,Самара,email,high,,b2c,L1,8.0,4.5,0,4.0,closed
TKT-100404,2026-06-25 05:00:00,2026-06-26 09:18:20,Екатеринбург,email,low,other,b2b,L1,48.0,28.31,0,4.0,closed
TKT-100405,2026-04-01 20:00:00,2026-04-02 16:09:08,Новосибирск,email,medium,access,b2c,L1,24.0,20.15,0,4.0,closed
TKT-100406,2026-04-01 20:00:00,2026-04-02 16:33:33,Казань,phone,medium,reporting,b2b,L2,24.0,20.56,0,4.0,closed
TKT-100407,2026-03-20 20:00:00,2026-03-22 01:43:55,Москва,phone,medium,payment,b2c,Billing,24.0,29.73,0,4.0,closed
TKT-100408,2026-01-27 15:00:00,2026-01-28 10:57:44,Москва,chat,medium,reporting,b2b,L2,24.0,19.96,0,5.0,closed
TKT-100409,2026-06-19 13:00:00,2026-06-21 09:06:14,Новосибирск,email,medium,integration,b2b,Integration,24.0,44.1,0,2.0,closed
TKT-100410,2026-01-03 15:00:00,2026-01-03 21:12:06,Владивосток,chat,critical,security,b2c,Security,4.0,6.2,1,2.0,closed
TKT-100411,2026-02-01 09:00:00,2026-02-01 13:29:00,Москва,chat,critical,payment,b2b,Billing,4.0,4.48,0,4.0,closed
TKT-100412,2026-02-11 16:00:00,2026-02-12 14:28:53,Екатеринбург,phone,medium,other,b2b,L1,24.0,22.48,0,4.0,closed
TKT-100413,2026-02-20 19:00:00,2026-02-23 05:53:57,Самара,chat,low,integration,partner,Integration,48.0,58.9,0,5.0,closed
TKT-100414,2026-01-24 18:00:00,2026-01-25 05:56:47,Ростов-на-Дону,chat,high,security,b2b,Security,8.0,11.95,0,4.0,resolved
TKT-100415,2026-01-04 14:00:00,2026-01-04 20:11:28,Екатеринбург,chat,critical,other,b2c,L1,4.0,6.19,0,4.0,resolved
TKT-100416,2026-05-03 01:00:00,2026-05-04 02:39:23,Новосибирск,web,medium,other,b2c,L1,24.0,25.66,1,3.0,closed
TKT-100417,2026-06-25 17:00:00,2026-06-27 04:52:46,Самара,phone,medium,payment,b2b,L2,24.0,35.88,0,3.0,resolved
TKT-100418,2026-01-23 08:00:00,2026-01-24 03:16:29,Ростов-на-Дону,chat,medium,payment,b2c,Billing,24.0,19.27,0,3.0,closed
TKT-100419,2026-02-23 17:00:00,2026-02-24 12:44:13,Москва,chat,low,payment,b2b,Billing,48.0,19.74,0,5.0,resolved
TKT-100420,2026-04-02 12:00:00,2026-04-03 19:28:47,Владивосток,email,medium,payment,b2c,Billing,24.0,31.48,0,4.0,closed
TKT-100421,2026-06-17 21:00:00,2026-06-19 03:48:24,Москва,web,medium,reporting,b2b,L2,24.0,30.81,0,4.0,resolved
TKT-100422,2026-05-06 08:00:00,2026-05-06 19:34:53,Ростов-на-Дону,chat,high,other,b2b,Security,8.0,11.58,1,2.0,closed
TKT-100423,2026-05-19 22:00:00,2026-05-20 07:30:38,Москва,email,high,other,b2b,L1,8.0,9.51,0,4.0,closed
TKT-100424,2026-04-16 20:00:00,2026-04-17 06:37:54,Москва,web,high,integration,partner,Integration,8.0,10.63,0,4.0,resolved
TKT-100425,2026-03-17 07:00:00,2026-03-17 22:56:48,Москва,phone,medium,reporting,b2c,L2,24.0,15.95,0,5.0,resolved
TKT-100426,2026-02-06 11:00:00,2026-02-07 09:42:12,Казань,email,medium,other,partner,L1,24.0,22.7,0,3.0,closed
TKT-100427,2026-06-06 12:00:00,2026-06-06 22:45:41,Санкт-Петербург,email,high,other,b2c,L1,8.0,10.76,0,4.0,closed
TKT-100428,2026-05-26 18:00:00,2026-05-27 02:15:42,Москва,email,high,payment,b2c,Billing,8.0,8.26,0,4.0,closed
TKT-100429,2026-01-05 16:00:00,2026-01-07 06:32:38,Казань,phone,medium,integration,b2c,Integration,24.0,38.54,0,3.0,resolved
TKT-100430,2026-05-10 20:00:00,2026-05-11 07:35:50,Казань,email,high,security,partner,Security,8.0,11.6,0,2.0,closed
TKT-100431,2026-01-16 08:00:00,2026-01-17 13:41:56,Самара,web,low,payment,b2c,Billing,48.0,29.7,0,4.0,resolved
TKT-100432,2026-05-14 12:00:00,2026-05-15 11:53:02,Ростов-на-Дону,web,high,integration,b2b,Integration,8.0,23.88,0,3.0,closed
TKT-100433,2026-05-30 10:00:00,2026-06-01 18:19:10,Новосибирск,chat,low,other,b2c,L1,48.0,56.32,0,5.0,closed
TKT-100434,2026-01-24 21:00:00,2026-01-25 22:03:32,Москва,phone,low,other,b2c,L1,48.0,25.06,0,5.0,resolved
TKT-100435,2026-03-20 07:00:00,2026-03-21 04:13:40,Санкт-Петербург,chat,medium,other,b2b,L1,24.0,21.23,0,5.0,closed
TKT-100436,2026-01-23 14:00:00,2026-01-26 01:22:14,Владивосток,email,low,security,b2b,Security,48.0,59.37,1,3.0,closed
TKT-100437,2026-04-13 02:00:00,2026-04-13 19:08:24,Москва,phone,low,payment,b2b,Billing,48.0,17.14,0,5.0,resolved
TKT-100438,2026-06-17 20:00:00,2026-06-19 09:38:14,Казань,email,low,payment,b2c,Billing,48.0,37.64,0,4.0,resolved
TKT-100439,2026-01-15 09:00:00,2026-01-16 15:38:54,Владивосток,email,medium,integration,b2b,Integration,24.0,30.65,0,3.0,resolved
TKT-100440,2026-03-13 08:00:00,2026-03-13 20:22:57,Владивосток,chat,high,integration,b2c,Integration,8.0,12.38,1,2.0,resolved
TKT-100441,2026-06-26 13:00:00,2026-06-29 09:24:02,Казань,email,low,integration,b2b,Integration,48.0,68.4,0,2.0,resolved
TKT-100442,2026-02-24 11:00:00,2026-02-25 19:37:17,Новосибирск,chat,medium,reporting,b2c,L2,24.0,32.62,0,4.0,closed
TKT-100443,2026-01-24 20:00:00,2026-01-25 06:00:00,Казань,phone,high,integration,b2b,Integration,8.0,10.0,0,3.0,resolved
TKT-100444,2026-03-30 12:00:00,2026-04-01 03:31:40,Самара,web,low,security,partner,Security,48.0,39.53,0,4.0,closed
TKT-100445,2026-04-03 12:00:00,2026-04-05 07:03:31,Москва,phone,low,payment,b2c,Billing,48.0,43.06,0,3.0,closed
TKT-100446,2026-04-30 02:00:00,2026-04-30 10:19:26,Москва,web,high,payment,b2b,Billing,8.0,8.32,0,4.0,closed
TKT-100447,2026-02-26 00:00:00,2026-02-26 07:04:21,Новосибирск,chat,high,access,b2b,L1,8.0,7.07,0,5.0,closed
TKT-100448,2026-06-22 09:00:00,2026-06-23 04:20:56,Санкт-Петербург,web,medium,access,b2b,L1,24.0,19.35,0,5.0,resolved
TKT-100449,2026-04-05 23:00:00,2026-04-06 17:46:10,Новосибирск,chat,high,other,b2b,L1,8.0,18.77,0,1.0,resolved
TKT-100450,2026-02-21 22:00:00,2026-02-22 21:46:23,Санкт-Петербург,email,low,integration,b2c,Integration,48.0,23.77,0,4.0,resolved
TKT-100451,2026-06-23 15:00:00,2026-06-24 17:56:10,Ростов-на-Дону,web,medium,payment,partner,Billing,24.0,26.94,0,3.0,closed
TKT-100452,2026-06-17 15:00:00,2026-06-18 07:38:18,Ростов-на-Дону,email,high,security,b2c,Billing,8.0,16.64,1,2.0,closed
TKT-100453,2026-04-01 09:00:00,2026-04-02 12:30:16,Екатеринбург,email,medium,integration,b2c,Integration,24.0,27.5,0,4.0,closed
TKT-100454,2026-01-05 04:00:00,2026-01-05 12:17:58,Самара,email,high,access,b2b,L1,8.0,8.3,0,4.0,resolved
TKT-100455,2026-04-19 00:00:00,2026-04-20 07:19:05,Санкт-Петербург,chat,medium,payment,b2c,Billing,24.0,31.32,0,4.0,closed
TKT-100456,2026-04-11 08:00:00,2026-04-11 16:05:40,Екатеринбург,chat,high,access,b2c,L1,8.0,8.09,0,6.0,resolved
TKT-100457,2026-01-27 07:00:00,2026-01-27 23:51:22,Москва,chat,medium,reporting,b2b,L2,24.0,16.86,0,5.0,closed
TKT-100458,2026-04-25 04:00:00,2026-04-26 05:54:23,Ростов-на-Дону,web,medium,payment,partner,Billing,24.0,25.91,0,4.0,resolved
TKT-100459,2026-06-02 06:00:00,2026-06-03 19:53:21,Ростов-на-Дону,chat,low,access,b2b,L1,48.0,37.89,0,5.0,closed
TKT-100460,2026-01-20 00:00:00,2026-01-21 06:32:35,Владивосток,chat,low,access,b2c,L1,48.0,30.54,0,3.0,closed
TKT-100461,2026-05-11 14:00:00,2026-05-12 00:14:04,Ростов-на-Дону,chat,high,reporting,partner,L2,8.0,10.23,1,3.0,resolved
TKT-100462,2026-01-26 22:00:00,2026-01-28 07:43:48,Владивосток,web,low,access,b2c,L1,48.0,33.73,0,5.0,closed
TKT-100463,2026-05-16 16:00:00,2026-05-18 12:41:19,Москва,email,low,other,b2b,L1,48.0,44.69,0,5.0,closed
TKT-100464,2026-03-17 10:00:00,2026-03-18 10:01:16,Владивосток,email,low,access,b2c,L2,48.0,24.02,0,4.0,resolved
TKT-100465,2026-01-02 10:00:00,2026-01-03 13:32:11,Новосибирск,chat,low,reporting,b2b,L2,48.0,27.54,0,4.0,closed
TKT-100466,2026-06-24 07:00:00,2026-06-24 15:50:05,Казань,phone,high,integration,b2c,Integration,8.0,8.83,0,3.0,closed
TKT-100467,2026-01-31 03:00:00,2026-02-01 16:34:24,Екатеринбург,web,medium,integration,b2b,Integration,24.0,37.57,0,4.0,resolved
TKT-100468,2026-04-18 14:00:00,2026-04-18 18:40:23,Санкт-Петербург,chat,critical,access,b2c,L1,4.0,4.67,0,4.0,resolved
TKT-100469,2026-02-02 13:00:00,2026-02-04 23:11:43,Санкт-Петербург,phone,low,security,partner,Security,48.0,58.2,0,3.0,resolved
TKT-100470,2026-06-18 00:00:00,2026-06-18 15:28:23,Санкт-Петербург,chat,medium,other,b2b,L1,24.0,15.47,0,4.0,resolved
TKT-100471,2026-05-14 09:00:00,2026-05-15 16:55:30,Москва,email,medium,access,b2b,L1,24.0,31.93,0,2.0,closed
TKT-100472,2026-05-26 06:00:00,2026-05-27 00:16:34,Екатеринбург,email,medium,access,b2c,L1,24.0,18.28,0,4.0,closed
TKT-100473,2026-03-20 04:00:00,2026-03-20 12:54:46,Ростов-на-Дону,email,high,other,b2b,L1,8.0,8.91,0,4.0,closed
TKT-100474,2026-03-26 16:00:00,2026-03-27 02:00:11,Новосибирск,chat,critical,integration,b2b,Integration,4.0,10.0,0,3.0,closed
TKT-100475,2026-04-25 12:00:00,2026-04-25 18:06:25,Екатеринбург,chat,high,access,b2b,L1,8.0,6.11,0,3.0,closed
TKT-100476,2026-05-23 15:00:00,2026-05-25 06:31:32,Казань,chat,low,payment,b2b,Billing,48.0,39.53,0,4.0,closed
TKT-100477,2026-06-03 17:00:00,2026-06-04 22:16:40,Казань,chat,medium,reporting,b2c,L2,24.0,29.28,0,4.0,closed
TKT-100478,2026-01-04 23:00:00,2026-01-06 18:05:05,Москва,chat,medium,reporting,b2c,L2,24.0,43.08,1,1.0,resolved
TKT-100479,2026-05-01 19:00:00,2026-05-03 00:44:17,Ростов-на-Дону,phone,medium,reporting,b2b,L2,24.0,29.74,1,3.0,resolved
TKT-100480,2026-01-20 14:00:00,2026-01-21 00:37:05,Москва,phone,high,other,b2c,L2,8.0,10.62,0,4.0,closed
TKT-100481,2026-02-22 21:00:00,2026-02-24 13:13:46,Самара,chat,medium,integration,b2b,Integration,24.0,40.23,0,4.0,closed
TKT-100482,2026-05-31 11:00:00,2026-06-01 16:46:25,Самара,chat,medium,payment,b2b,Billing,24.0,29.77,0,4.0,closed
TKT-100483,2026-02-15 23:00:00,2026-02-16 08:17:44,Новосибирск,chat,high,integration,b2c,Integration,8.0,9.3,0,4.0,resolved
TKT-100484,2026-05-25 18:00:00,2026-05-26 09:37:30,Ростов-на-Дону,phone,high,payment,b2b,Billing,8.0,15.63,0,3.0,closed
TKT-100485,2026-03-25 15:00:00,2026-03-26 15:34:44,Санкт-Петербург,chat,low,payment,b2c,Billing,48.0,24.58,0,4.0,resolved
TKT-100486,2026-02-12 21:00:00,2026-02-14 21:41:53,Ростов-на-Дону,chat,low,access,partner,L1,48.0,48.7,0,4.0,closed
TKT-100487,2026-03-02 12:00:00,2026-03-03 12:37:03,Самара,phone,medium,payment,b2c,Billing,24.0,24.62,0,4.0,closed
TKT-100488,2026-04-07 17:00:00,2026-04-08 04:31:17,Ростов-на-Дону,phone,medium,reporting,b2c,L2,24.0,11.52,0,5.0,closed
TKT-100489,2026-05-19 06:00:00,2026-05-20 02:32:30,Новосибирск,email,medium,access,b2b,L1,24.0,20.54,0,5.0,closed
TKT-100490,2026-04-20 23:00:00,2026-04-22 16:54:44,Ростов-на-Дону,chat,medium,integration,b2b,Integration,24.0,41.91,0,3.0,resolved
TKT-100491,2026-06-18 14:00:00,2026-06-19 01:35:56,Владивосток,web,high,reporting,b2b,L2,8.0,11.6,0,3.0,closed
TKT-100492,2026-06-07 18:00:00,2026-06-08 07:42:13,Казань,email,high,reporting,b2c,L1,8.0,13.7,0,3.0,closed
TKT-100493,2026-05-17 11:00:00,2026-05-18 17:31:41,Ростов-на-Дону,web,medium,security,b2c,Security,24.0,30.53,1,4.0,closed
TKT-100494,2026-04-20 20:00:00,2026-04-21 19:22:07,Самара,email,medium,security,b2b,Security,24.0,23.37,0,4.0,resolved
TKT-100495,2026-02-22 01:00:00,2026-02-22 21:55:28,Казань,chat,medium,reporting,b2b,L2,24.0,20.92,0,4.0,resolved
TKT-100496,2026-03-16 02:00:00,2026-03-16 22:41:06,Владивосток,chat,medium,access,b2b,L1,24.0,20.69,0,4.0,resolved
TKT-100497,2026-01-22 12:00:00,2026-01-23 12:53:23,Казань,email,medium,integration,b2c,Integration,24.0,24.89,0,4.0,closed
TKT-100498,2026-03-09 17:00:00,2026-03-11 03:27:38,Екатеринбург,web,medium,reporting,b2c,L2,24.0,34.46,0,3.0,closed
TKT-100499,2026-06-17 19:00:00,2026-06-18 15:09:48,Москва,chat,medium,payment,b2c,Billing,24.0,20.16,0,5.0,closed
TKT-100500,2026-03-19 10:00:00,2026-03-20 16:16:12,Москва,web,low,access,partner,L1,48.0,30.27,0,4.0,closed
TKT-100501,2026-01-21 15:00:00,2026-01-23 05:38:14,Ростов-на-Дону,chat,low,payment,b2b,Billing,48.0,38.64,0,5.0,closed
TKT-100502,2026-04-28 13:00:00,2026-04-30 00:14:45,Казань,web,low,integration,b2c,Integration,48.0,35.25,0,4.0,resolved
TKT-100503,2026-06-24 23:00:00,2026-06-25 09:02:59,Казань,web,high,integration,b2c,Integration,8.0,10.05,0,3.0,closed
TKT-100504,2026-06-07 15:00:00,2026-06-08 12:11:40,Санкт-Петербург,chat,medium,access,b2b,L1,24.0,21.19,0,5.0,resolved
TKT-100505,2026-02-19 10:00:00,2026-02-23 13:51:28,Екатеринбург,email,low,security,partner,Security,48.0,99.86,0,3.0,resolved
TKT-100506,2026-03-24 23:00:00,2026-03-25 09:04:58,Ростов-на-Дону,phone,high,other,b2b,L1,8.0,10.08,0,4.0,resolved
TKT-100507,2026-04-07 02:00:00,2026-04-07 17:57:53,Ростов-на-Дону,chat,medium,payment,b2c,Billing,24.0,15.96,0,5.0,resolved
TKT-100508,2026-02-14 23:00:00,2026-02-15 05:45:33,Москва,web,medium,other,b2c,L1,24.0,6.76,0,5.0,resolved
TKT-100509,2026-02-18 03:00:00,2026-02-18 08:22:22,Новосибирск,chat,critical,access,partner,L1,4.0,5.37,0,4.0,closed
TKT-100510,2026-02-12 06:00:00,2026-02-13 13:41:46,Казань,email,low,other,b2c,L1,48.0,31.7,0,4.0,resolved
TKT-100511,2026-06-30 19:00:00,2026-07-03 11:50:27,Новосибирск,email,low,other,b2b,L1,48.0,64.84,0,4.0,resolved
TKT-100512,2026-05-16 17:00:00,2026-05-17 09:03:53,Казань,phone,medium,access,b2c,L1,24.0,16.06,0,4.0,resolved
TKT-100513,2026-06-02 23:00:00,2026-06-06 02:46:32,Казань,web,low,security,b2c,L1,48.0,75.78,0,4.0,closed
TKT-100514,2026-05-28 17:00:00,2026-05-30 00:48:48,Екатеринбург,email,medium,other,b2c,L1,24.0,31.81,0,3.0,closed
TKT-100515,2026-06-23 15:00:00,2026-06-25 07:15:30,Новосибирск,phone,low,other,b2c,L1,48.0,40.26,0,4.0,resolved
TKT-100516,2026-01-20 08:00:00,2026-01-21 12:49:20,Екатеринбург,web,low,other,b2b,L1,48.0,28.82,0,5.0,resolved
TKT-100517,2026-06-09 00:00:00,2026-06-11 19:06:12,Екатеринбург,email,low,integration,b2c,Integration,48.0,67.1,0,3.0,closed
TKT-100518,2026-01-13 02:00:00,2026-01-13 22:01:04,Ростов-на-Дону,email,medium,,b2c,L1,24.0,20.02,0,4.0,closed
TKT-100519,2026-03-28 07:00:00,2026-03-29 16:33:05,Самара,phone,low,other,b2b,L1,48.0,33.55,0,4.0,closed
TKT-100520,2026-04-18 00:00:00,2026-04-20 05:04:28,Санкт-Петербург,phone,low,reporting,b2c,L2,48.0,53.07,0,4.0,closed
TKT-100521,2026-03-06 12:00:00,2026-03-06 20:11:51,Ростов-на-Дону,email,high,reporting,partner,L2,8.0,8.2,0,4.0,closed
TKT-100522,2026-01-27 18:00:00,2026-01-28 13:16:12,Ростов-на-Дону,web,medium,integration,b2c,Integration,24.0,19.27,0,4.0,closed
TKT-100523,2026-02-04 23:00:00,2026-02-06 09:33:12,Москва,chat,medium,reporting,partner,L2,24.0,34.55,0,3.0,closed
TKT-100524,2026-05-30 11:00:00,2026-05-31 19:10:42,Новосибирск,web,low,access,b2b,L1,48.0,32.18,0,5.0,closed
TKT-100525,2026-02-27 21:00:00,2026-02-28 14:09:03,Санкт-Петербург,web,medium,reporting,partner,L2,24.0,17.15,0,4.0,resolved
TKT-100526,2026-02-26 23:00:00,2026-02-27 15:16:46,Самара,web,medium,access,b2b,L1,24.0,16.28,0,5.0,closed
TKT-100527,2026-06-17 20:00:00,2026-06-18 22:56:10,Санкт-Петербург,chat,medium,reporting,b2c,L2,24.0,26.94,0,4.0,closed
TKT-100528,2026-01-27 11:00:00,2026-01-28 17:14:43,Новосибирск,email,low,other,b2c,L1,48.0,30.25,0,4.0,resolved
TKT-100529,2026-06-15 07:00:00,2026-06-15 21:07:46,Санкт-Петербург,chat,high,integration,b2c,Integration,8.0,14.13,0,3.0,closed
TKT-100530,2026-06-16 23:00:00,2026-06-17 14:28:02,Екатеринбург,email,high,integration,partner,Integration,8.0,15.47,0,2.0,closed
TKT-100531,2026-04-19 05:00:00,2026-04-21 08:54:07,Владивосток,phone,low,payment,b2c,Billing,48.0,51.9,0,3.0,resolved
TKT-100532,2026-01-30 09:00:00,2026-01-31 00:23:57,Казань,email,low,other,b2c,L1,48.0,15.4,0,5.0,closed
TKT-100533,2026-01-29 01:00:00,2026-01-31 16:23:22,Ростов-на-Дону,chat,low,reporting,b2b,L2,48.0,63.39,0,4.0,resolved
TKT-100534,2026-02-21 19:00:00,2026-02-22 19:11:13,Владивосток,email,medium,payment,b2c,Billing,24.0,24.19,0,4.0,closed
TKT-100535,2026-04-15 15:00:00,2026-04-17 08:11:54,Ростов-на-Дону,chat,low,access,b2c,L1,48.0,41.2,0,4.0,closed
TKT-100536,2026-01-28 02:00:00,2026-01-28 07:03:36,Москва,email,high,payment,b2b,Billing,8.0,5.06,0,5.0,resolved
TKT-100537,2026-03-24 05:00:00,2026-03-24 16:02:11,Ростов-на-Дону,phone,high,integration,b2c,Integration,8.0,11.04,0,4.0,closed
TKT-100538,2026-01-21 13:00:00,2026-01-21 18:21:35,Москва,web,high,other,b2c,L1,8.0,5.36,0,5.0,closed
TKT-100539,2026-04-08 12:00:00,2026-04-10 02:10:20,Казань,email,medium,reporting,b2c,L2,24.0,38.17,0,3.0,resolved
TKT-100540,2026-01-04 19:00:00,2026-01-04 23:20:33,Ростов-на-Дону,web,critical,payment,b2c,Billing,4.0,4.34,0,4.0,closed
TKT-100541,2026-05-09 06:00:00,2026-05-11 06:38:44,Самара,web,low,other,b2b,L1,48.0,48.65,0,5.0,resolved
TKT-100542,2026-01-11 22:00:00,2026-01-12 16:32:24,Екатеринбург,chat,medium,payment,b2c,Billing,24.0,18.54,0,4.0,closed
TKT-100543,2026-02-05 10:00:00,2026-02-06 02:47:49,Казань,phone,medium,other,b2b,L1,24.0,16.8,0,4.0,resolved
TKT-100544,2026-02-01 19:00:00,2026-02-02 00:01:23,Ростов-на-Дону,chat,critical,payment,b2b,Billing,4.0,5.02,0,4.0,resolved
TKT-100545,2026-05-31 05:00:00,2026-06-01 18:19:19,Самара,email,medium,reporting,b2c,L2,24.0,37.32,0,4.0,closed
TKT-100546,2026-01-10 00:00:00,2026-01-10 04:09:52,Казань,chat,high,other,b2b,L1,8.0,4.16,0,4.0,resolved
TKT-100547,2026-03-19 01:00:00,2026-03-20 05:20:45,Ростов-на-Дону,email,low,payment,b2b,Billing,48.0,28.35,0,5.0,closed
TKT-100548,2026-04-17 08:00:00,2026-04-17 10:50:11,Москва,web,critical,reporting,b2c,L2,4.0,2.84,0,5.0,closed
TKT-100549,2026-04-04 22:00:00,2026-04-05 12:14:54,Москва,web,medium,other,b2b,L1,24.0,14.25,0,4.0,closed
TKT-100550,2026-05-04 01:00:00,2026-05-04 18:50:04,Новосибирск,web,medium,access,b2b,L1,24.0,17.83,0,4.0,resolved
TKT-100551,2026-05-26 08:00:00,2026-05-26 11:21:59,Владивосток,chat,critical,access,b2b,L1,4.0,3.37,0,4.0,closed
TKT-100552,2026-03-13 02:00:00,2026-03-13 19:21:39,Санкт-Петербург,chat,medium,reporting,b2c,L2,24.0,17.36,0,4.0,closed
TKT-100553,2026-05-30 22:00:00,2026-05-31 12:16:35,Санкт-Петербург,web,medium,payment,b2b,Billing,24.0,14.28,0,4.0,resolved
TKT-100554,2026-02-27 16:00:00,2026-02-28 03:15:20,Москва,email,medium,access,b2c,L1,24.0,11.26,0,5.0,closed
TKT-100555,2026-06-28 18:00:00,2026-07-02 16:34:59,Ростов-на-Дону,email,low,integration,b2c,Integration,48.0,94.58,0,3.0,closed
TKT-100556,2026-04-02 17:00:00,2026-04-04 04:54:19,Москва,chat,medium,security,b2b,Security,24.0,35.91,1,2.0,closed
TKT-100557,2026-05-14 15:00:00,2026-05-16 18:39:00,Екатеринбург,chat,low,payment,partner,Billing,48.0,51.65,0,4.0,closed
TKT-100558,2026-06-08 18:00:00,2026-06-10 11:10:50,Владивосток,chat,low,payment,b2b,Billing,48.0,41.18,0,3.0,closed
TKT-100559,2026-05-24 00:00:00,2026-05-24 05:17:07,Москва,email,high,other,b2c,L1,8.0,5.29,0,5.0,closed
TKT-100560,2026-06-04 20:00:00,2026-06-05 23:54:21,Екатеринбург,phone,medium,integration,b2b,Billing,24.0,27.91,0,4.0,closed
TKT-100561,2026-04-08 17:00:00,2026-04-09 15:52:48,Екатеринбург,email,medium,other,b2c,L1,24.0,22.88,0,4.0,closed
TKT-100562,2026-01-08 17:00:00,2026-01-10 06:14:43,Ростов-на-Дону,email,medium,integration,b2b,Integration,24.0,37.25,0,3.0,closed
TKT-100563,2026-03-31 09:00:00,2026-04-01 10:31:44,Санкт-Петербург,email,medium,other,b2c,L1,24.0,25.53,0,4.0,closed
TKT-100564,2026-02-02 19:00:00,2026-02-03 20:49:48,Казань,chat,medium,reporting,b2b,L2,24.0,25.83,0,3.0,closed
TKT-100565,2026-06-10 09:00:00,2026-06-10 15:19:59,Москва,web,high,access,b2c,L1,8.0,6.33,0,5.0,resolved
TKT-100566,2026-02-12 01:00:00,2026-02-12 05:21:48,Самара,chat,critical,other,b2b,L1,4.0,4.36,0,5.0,resolved
TKT-100567,2026-02-11 21:00:00,2026-02-13 00:13:32,Ростов-на-Дону,phone,medium,integration,b2b,Integration,24.0,27.23,0,4.0,closed
TKT-100568,2026-02-15 05:00:00,2026-02-15 19:22:51,Москва,phone,medium,access,b2b,L1,24.0,14.38,0,4.0,closed
TKT-100569,2026-04-27 02:00:00,2026-04-28 14:12:16,Казань,chat,medium,access,b2c,L1,24.0,36.2,0,4.0,closed
TKT-100570,2026-04-14 14:00:00,2026-04-15 05:02:22,Ростов-на-Дону,web,medium,reporting,b2c,L2,24.0,15.04,0,5.0,closed
TKT-100571,2026-06-21 05:00:00,2026-06-21 23:28:41,Москва,phone,medium,access,partner,L1,24.0,18.48,0,5.0,closed
TKT-100572,2026-03-17 20:00:00,2026-03-19 04:40:50,Санкт-Петербург,chat,medium,payment,b2c,Billing,24.0,32.68,0,2.0,closed
TKT-100573,2026-02-21 10:00:00,2026-02-21 21:33:06,Екатеринбург,email,medium,access,partner,L1,24.0,11.55,0,5.0,closed
TKT-100574,2026-01-09 00:00:00,2026-01-09 21:40:24,Санкт-Петербург,email,medium,integration,b2b,Integration,24.0,21.67,0,5.0,resolved
TKT-100575,2026-01-02 22:00:00,2026-01-03 20:25:56,Санкт-Петербург,web,medium,integration,b2c,Integration,24.0,22.43,0,4.0,closed
TKT-100576,2026-03-09 12:00:00,2026-03-10 16:42:46,Казань,web,medium,integration,b2c,Integration,24.0,28.71,0,3.0,resolved
TKT-100577,2026-06-17 06:00:00,2026-06-18 09:20:10,Москва,web,low,payment,b2c,Billing,48.0,27.34,0,5.0,closed
TKT-100578,2026-04-05 16:00:00,2026-04-07 09:46:00,Екатеринбург,web,low,access,partner,L1,48.0,41.77,0,3.0,closed
TKT-100579,2026-06-11 12:00:00,2026-06-12 01:06:41,Самара,email,high,reporting,b2c,L2,8.0,13.11,0,4.0,closed
TKT-100580,2026-01-19 00:00:00,2026-01-20 03:13:11,Новосибирск,web,medium,payment,partner,Billing,24.0,27.22,0,3.0,closed
TKT-100581,2026-01-17 18:00:00,2026-01-18 17:52:34,Москва,chat,low,reporting,b2c,L1,48.0,23.88,0,5.0,resolved
TKT-100582,2026-05-31 09:00:00,2026-06-01 07:18:25,Ростов-на-Дону,web,medium,access,b2b,L1,24.0,22.31,0,4.0,resolved
TKT-100583,2026-01-20 16:00:00,2026-01-20 20:27:02,Москва,email,high,access,b2c,Billing,8.0,4.45,0,4.0,resolved
TKT-100584,2026-01-10 21:00:00,2026-01-11 15:53:02,Самара,chat,medium,payment,b2c,Billing,24.0,18.88,0,5.0,closed
TKT-100585,2026-03-15 14:00:00,2026-03-16 12:12:48,Санкт-Петербург,phone,high,integration,partner,Integration,8.0,22.21,0,2.0,closed
TKT-100586,2026-06-17 16:00:00,2026-06-18 07:57:35,Ростов-на-Дону,web,high,integration,b2c,Integration,8.0,15.96,0,2.0,resolved
TKT-100587,2026-05-05 06:00:00,2026-05-06 05:43:15,Москва,phone,medium,security,b2b,Security,24.0,23.72,0,3.0,resolved
TKT-100588,2026-01-18 05:00:00,2026-01-19 01:15:48,Москва,chat,medium,payment,b2b,Billing,24.0,20.26,1,2.0,closed
TKT-100589,2026-06-01 09:00:00,2026-06-03 05:23:40,Екатеринбург,chat,low,integration,b2b,Integration,48.0,44.39,0,3.0,closed
TKT-100590,2026-06-02 20:00:00,2026-06-03 00:00:37,Москва,web,critical,reporting,b2c,L2,4.0,4.01,0,4.0,resolved
TKT-100591,2026-05-25 12:00:00,2026-05-26 01:40:30,Москва,chat,medium,access,b2b,L1,24.0,13.68,0,5.0,resolved
TKT-100592,2026-06-13 08:00:00,2026-06-13 20:41:05,Самара,chat,high,integration,b2c,Integration,8.0,12.68,0,3.0,closed
TKT-100593,2026-02-13 18:00:00,2026-02-15 00:53:13,Ростов-на-Дону,chat,medium,payment,b2c,Security,24.0,30.89,1,4.0,resolved
TKT-100594,2026-06-27 20:00:00,2026-06-30 15:28:48,Москва,chat,low,integration,b2c,Integration,48.0,67.48,0,3.0,resolved
TKT-100595,2026-02-28 21:00:00,2026-03-02 08:14:36,Ростов-на-Дону,chat,low,access,b2b,L1,48.0,35.24,0,4.0,resolved
TKT-100596,2026-05-26 07:00:00,2026-05-27 11:19:53,Ростов-на-Дону,chat,medium,security,b2c,Security,24.0,28.33,0,3.0,closed
TKT-100597,2026-04-15 17:00:00,2026-04-16 12:31:18,Ростов-на-Дону,web,medium,other,b2b,L1,24.0,19.52,0,5.0,closed
TKT-100598,2026-05-22 14:00:00,2026-05-24 03:22:24,Самара,web,low,access,partner,L1,48.0,37.37,0,5.0,resolved
TKT-100599,2026-04-24 10:00:00,2026-04-24 18:48:56,Новосибирск,web,high,reporting,b2b,L2,0.0,8.82,1,2.0,closed
TKT-100600,2026-04-27 09:00:00,2026-04-27 22:41:27,Екатеринбург,chat,high,security,b2b,Security,8.0,13.69,0,3.0,closed
TKT-100601,2026-04-22 02:00:00,2026-04-23 10:00:48,Новосибирск,chat,medium,payment,b2b,Billing,24.0,32.01,1,3.0,closed
TKT-100602,2026-05-21 06:00:00,2026-05-22 20:27:59,Владивосток,phone,medium,security,b2c,Security,24.0,38.47,0,2.0,closed
TKT-100603,2026-05-14 13:00:00,2026-05-16 07:23:27,Москва,web,low,reporting,b2b,L2,48.0,42.39,0,4.0,resolved
TKT-100604,2026-01-25 21:00:00,2026-01-26 08:15:51,Санкт-Петербург,chat,high,other,b2c,L1,8.0,11.26,1,3.0,closed
TKT-100605,2026-05-30 20:00:00,2026-05-31 15:58:05,Москва,phone,medium,other,b2c,L1,24.0,19.97,0,4.0,closed
TKT-100606,2026-04-08 04:00:00,2026-04-08 16:33:48,Владивосток,phone,high,access,b2c,L1,8.0,12.56,0,4.0,closed
TKT-100607,2026-02-28 16:00:00,2026-03-02 02:07:59,Казань,phone,medium,integration,b2b,Integration,24.0,34.13,1,3.0,closed
TKT-100608,2026-04-04 02:00:00,2026-04-05 01:13:01,Новосибирск,phone,medium,integration,b2b,Integration,24.0,23.22,0,5.0,resolved
TKT-100609,2026-06-25 16:00:00,2026-06-26 08:34:00,Ростов-на-Дону,email,medium,access,b2b,L1,24.0,16.57,0,4.0,resolved
TKT-100610,2026-06-05 08:00:00,2026-06-07 03:19:28,Владивосток,chat,low,payment,b2b,Billing,48.0,43.32,0,4.0,closed
TKT-100611,2026-05-31 10:00:00,2026-05-31 16:29:02,Москва,chat,high,other,b2c,Security,8.0,6.48,0,4.0,closed
TKT-100612,2026-03-25 17:00:00,2026-03-26 11:23:43,,email,medium,access,b2b,L1,24.0,18.4,0,5.0,closed
TKT-100613,2026-05-22 10:00:00,2026-05-24 06:06:20,Ростов-на-Дону,web,medium,integration,b2b,Integration,24.0,44.11,0,2.0,closed
TKT-100614,2026-03-11 19:00:00,2026-03-12 01:10:40,Москва,phone,critical,other,b2b,L1,4.0,6.18,1,2.0,resolved
TKT-100615,2026-05-05 12:00:00,2026-05-05 18:46:52,Самара,email,critical,payment,b2c,L1,4.0,6.78,0,3.0,resolved
TKT-100616,2026-04-26 23:00:00,2026-04-27 10:00:00,Санкт-Петербург,web,high,integration,b2b,Integration,8.0,11.0,0,3.0,closed
TKT-100617,2026-02-15 15:00:00,2026-02-16 09:59:40,Новосибирск,phone,low,other,b2c,L1,48.0,18.99,0,5.0,closed
TKT-100618,2026-02-18 07:00:00,2026-02-19 13:54:31,Екатеринбург,phone,medium,integration,b2b,Integration,24.0,30.91,0,5.0,closed
TKT-100619,2026-01-12 18:00:00,2026-01-13 00:15:26,Санкт-Петербург,chat,high,access,partner,L1,8.0,6.26,0,4.0,closed
TKT-100620,2026-01-26 09:00:00,2026-01-27 00:27:03,Москва,web,medium,access,b2c,L1,24.0,15.45,0,4.0,closed
TKT-100621,2026-03-20 12:00:00,2026-03-22 22:18:56,Москва,chat,low,other,b2b,L1,48.0,58.32,0,4.0,closed
TKT-100622,2026-03-28 03:00:00,2026-03-28 15:20:01,Москва,chat,high,payment,b2b,Billing,8.0,12.33,0,3.0,resolved
TKT-100623,2026-01-30 02:00:00,2026-01-31 16:01:32,Новосибирск,email,medium,integration,b2b,Integration,24.0,38.03,1,3.0,closed
TKT-100624,2026-03-17 13:00:00,2026-03-18 01:58:14,Санкт-Петербург,phone,medium,access,b2b,L1,24.0,12.97,1,4.0,closed
TKT-100625,2026-04-20 04:00:00,2026-04-20 09:53:17,Москва,phone,critical,integration,b2b,Integration,4.0,5.89,1,2.0,resolved
TKT-100626,2026-02-12 23:00:00,2026-02-13 17:09:20,Самара,chat,medium,other,b2c,L1,24.0,18.16,0,3.0,resolved
TKT-100627,2026-03-03 20:00:00,2026-03-04 19:37:17,Самара,chat,medium,integration,b2c,Integration,24.0,23.62,0,3.0,resolved
TKT-100628,2026-03-08 16:00:00,2026-03-09 16:56:18,Екатеринбург,web,medium,other,b2b,L1,24.0,24.94,0,3.0,resolved
TKT-100629,2026-04-02 17:00:00,2026-04-04 01:19:38,Владивосток,phone,medium,payment,b2c,Billing,24.0,32.33,0,4.0,closed
TKT-100630,2026-03-08 14:00:00,2026-03-10 03:33:32,Казань,email,low,integration,b2b,Integration,48.0,37.56,0,3.0,resolved
TKT-100631,2026-05-14 01:00:00,2026-05-14 14:57:18,Ростов-на-Дону,web,high,other,partner,L1,8.0,13.96,0,4.0,closed
TKT-100632,2026-03-01 09:00:00,2026-03-01 20:16:12,Москва,phone,high,integration,b2b,Integration,8.0,11.27,0,3.0,resolved
TKT-100633,2026-03-20 11:00:00,2026-03-21 00:48:03,Самара,web,medium,payment,b2c,Billing,24.0,13.8,0,4.0,resolved
TKT-100634,2026-03-10 21:00:00,2026-03-11 19:41:57,Владивосток,web,medium,other,b2c,L1,24.0,22.7,0,4.0,resolved
TKT-100635,2026-02-03 05:00:00,2026-02-03 15:06:41,Ростов-на-Дону,web,high,payment,b2b,Billing,8.0,10.11,0,4.0,resolved
TKT-100636,2026-05-05 11:00:00,2026-05-09 02:09:44,Новосибирск,phone,low,integration,b2b,Integration,48.0,87.16,0,2.0,closed
TKT-100637,2026-02-12 08:00:00,2026-02-13 02:54:24,Новосибирск,phone,medium,other,b2b,L1,24.0,18.91,0,4.0,resolved
TKT-100638,2026-02-23 03:00:00,2026-02-23 23:51:35,Санкт-Петербург,email,medium,access,b2c,L1,24.0,20.86,0,5.0,resolved
TKT-100639,2026-05-24 02:00:00,2026-05-25 09:35:07,Новосибирск,chat,medium,payment,b2c,Billing,24.0,31.59,1,3.0,resolved
TKT-100640,2026-06-21 08:00:00,2026-06-22 08:37:44,Самара,phone,low,access,b2c,L1,48.0,24.63,0,4.0,closed
TKT-100641,2026-05-02 01:00:00,2026-05-03 03:00:29,Владивосток,chat,medium,integration,b2c,Integration,24.0,26.01,0,4.0,closed
TKT-100642,2026-06-15 01:00:00,2026-06-16 19:46:43,Екатеринбург,web,medium,payment,b2c,Billing,24.0,42.78,0,3.0,closed
TKT-100643,2026-06-04 08:00:00,2026-06-05 19:28:43,Москва,email,medium,reporting,b2c,L2,24.0,35.48,0,4.0,closed
TKT-100644,2026-03-29 04:00:00,2026-03-30 16:57:30,Новосибирск,chat,low,access,b2c,L1,48.0,36.96,0,4.0,closed
TKT-100645,2026-05-20 13:00:00,2026-05-22 01:35:22,Москва,chat,medium,reporting,b2c,L2,24.0,36.59,0,4.0,closed
TKT-100646,2026-03-01 00:00:00,2026-03-02 07:11:40,Санкт-Петербург,chat,medium,payment,b2b,Billing,24.0,31.19,0,3.0,closed
TKT-100647,2026-03-25 07:00:00,2026-03-27 06:17:43,Санкт-Петербург,email,low,payment,b2c,Billing,48.0,47.3,0,5.0,closed
TKT-100648,2026-04-07 10:00:00,2026-04-08 18:18:03,Самара,email,low,payment,b2b,Billing,48.0,32.3,0,4.0,resolved
TKT-100649,2026-06-23 23:00:00,2026-06-26 21:38:34,Москва,web,low,reporting,b2b,L2,48.0,70.64,0,4.0,closed
TKT-100650,2026-06-03 15:00:00,2026-06-05 06:17:47,Москва,chat,medium,integration,b2c,Integration,24.0,39.3,0,4.0,closed
TKT-100651,2026-03-30 21:00:00,2026-04-01 05:12:49,Москва,email,low,payment,b2b,Billing,48.0,32.21,0,5.0,closed
TKT-100652,2026-04-29 08:00:00,2026-04-29 12:21:27,Ростов-на-Дону,email,critical,other,b2b,L1,4.0,4.36,0,3.0,closed
TKT-100653,2026-02-06 10:00:00,2026-02-07 08:25:02,Самара,chat,medium,reporting,b2b,L2,24.0,22.42,0,5.0,closed
TKT-100654,2026-05-26 10:00:00,2026-05-26 15:55:17,Москва,email,high,payment,b2c,Billing,8.0,5.92,0,5.0,resolved
TKT-100655,2026-04-11 21:00:00,2026-04-12 02:38:52,Москва,phone,critical,other,b2c,L1,4.0,5.65,0,3.0,closed
TKT-100656,2026-04-07 23:00:00,2026-04-09 09:26:44,Екатеринбург,web,low,payment,b2b,Billing,48.0,34.45,1,3.0,closed
TKT-100657,2026-05-19 23:00:00,2026-05-20 21:14:54,Санкт-Петербург,email,medium,access,b2b,L2,24.0,22.25,1,3.0,closed
TKT-100658,2026-04-25 18:00:00,2026-04-26 06:17:18,Новосибирск,phone,high,integration,b2c,Integration,8.0,12.29,0,3.0,closed
TKT-100659,2026-01-14 12:00:00,2026-01-15 03:07:32,Казань,email,medium,access,partner,L1,24.0,15.13,0,5.0,closed
TKT-100660,2026-02-22 12:00:00,2026-02-23 08:08:40,Владивосток,chat,medium,payment,b2b,Billing,24.0,20.14,0,4.0,closed
TKT-100661,2026-02-01 23:00:00,2026-02-03 03:06:01,Санкт-Петербург,web,medium,security,partner,Security,24.0,28.1,0,3.0,closed
TKT-100662,2026-05-14 06:00:00,2026-05-17 01:59:58,Новосибирск,chat,low,access,partner,L1,48.0,68.0,0,4.0,resolved
TKT-100663,2026-01-07 08:00:00,2026-01-09 00:09:56,Москва,web,medium,security,b2b,Security,24.0,40.17,0,3.0,closed
TKT-100664,2026-02-06 21:00:00,2026-02-07 02:35:18,Владивосток,email,critical,other,b2c,L1,4.0,5.59,0,5.0,closed
TKT-100665,2026-04-19 09:00:00,2026-04-19 15:21:57,Владивосток,chat,critical,reporting,b2c,L2,4.0,6.37,0,3.0,closed
TKT-100666,2026-05-06 05:00:00,2026-05-08 12:27:55,Самара,chat,low,reporting,b2c,L2,48.0,55.47,0,4.0,resolved
TKT-100667,2026-04-02 13:00:00,2026-04-03 02:44:21,Казань,chat,high,reporting,b2b,L2,8.0,13.74,0,3.0,closed
TKT-100668,2026-06-05 07:00:00,2026-06-06 00:23:20,Москва,web,medium,other,b2c,L1,24.0,17.39,0,4.0,closed
TKT-100669,2026-06-16 21:00:00,2026-06-17 08:47:05,Ростов-на-Дону,email,high,payment,b2c,Billing,8.0,11.78,0,2.0,closed
TKT-100670,2026-01-24 21:00:00,2026-01-25 12:36:21,Самара,web,low,access,b2c,L1,48.0,15.61,0,5.0,resolved
TKT-100671,2026-06-22 07:00:00,2026-06-22 17:51:58,Москва,web,critical,integration,partner,Integration,4.0,10.87,0,2.0,closed
TKT-100672,2026-04-22 12:00:00,2026-04-23 12:33:15,Казань,chat,high,integration,b2c,Integration,8.0,24.55,0,2.0,resolved
TKT-100673,2026-04-26 23:00:00,2026-04-28 09:07:43,Казань,chat,low,access,b2c,L1,48.0,34.13,0,4.0,resolved
TKT-100674,2026-01-18 17:00:00,2026-01-19 12:03:32,Ростов-на-Дону,chat,low,reporting,b2c,L2,48.0,19.06,0,4.0,closed
TKT-100675,2026-04-23 05:00:00,2026-04-23 14:07:37,Самара,chat,high,access,b2b,L1,8.0,9.13,0,4.0,closed
TKT-100676,2026-05-12 14:00:00,2026-05-13 23:05:25,Новосибирск,web,low,other,b2b,L1,48.0,33.09,0,4.0,resolved
TKT-100677,2026-04-16 14:00:00,2026-04-17 12:58:58,Новосибирск,chat,medium,payment,b2b,Billing,24.0,22.98,0,4.0,closed
TKT-100678,2026-01-16 15:00:00,2026-01-16 22:29:36,Санкт-Петербург,web,high,access,b2c,Billing,8.0,7.49,0,5.0,closed
TKT-100679,2026-04-05 00:00:00,2026-04-05 21:12:31,Казань,phone,medium,access,b2b,L1,24.0,21.21,0,5.0,resolved
TKT-100680,2026-06-19 07:00:00,2026-06-20 05:28:37,Москва,chat,medium,payment,b2c,Billing,24.0,22.48,0,3.0,resolved
TKT-100681,2026-05-11 20:00:00,2026-05-12 19:28:35,Ростов-на-Дону,phone,medium,payment,b2b,Billing,24.0,23.48,0,4.0,closed
TKT-100682,2026-01-25 05:00:00,2026-01-26 09:50:01,Казань,chat,low,access,b2b,L1,48.0,28.83,0,5.0,closed
TKT-100683,2026-06-23 07:00:00,2026-06-23 12:58:28,Казань,web,critical,payment,b2c,Billing,4.0,5.97,0,3.0,closed
TKT-100684,2026-06-23 07:00:00,2026-06-24 02:52:21,Санкт-Петербург,email,medium,payment,b2b,Billing,24.0,19.87,0,3.0,closed
TKT-100685,2026-01-31 04:00:00,2026-02-01 09:27:34,Москва,web,low,payment,partner,Billing,48.0,29.46,0,5.0,closed
TKT-100686,2026-05-25 03:00:00,2026-05-26 12:03:48,Новосибирск,web,medium,payment,b2b,Billing,24.0,33.06,0,3.0,closed
TKT-100687,2026-03-15 08:00:00,2026-03-15 12:59:39,Санкт-Петербург,web,critical,payment,partner,Billing,4.0,4.99,0,5.0,closed
TKT-100688,2026-04-18 20:00:00,2026-04-19 21:33:38,Москва,chat,low,payment,b2b,Billing,48.0,25.56,0,4.0,resolved
TKT-100689,2026-03-22 00:00:00,2026-03-22 09:28:18,Самара,web,high,access,partner,L1,8.0,9.47,0,4.0,resolved
TKT-100690,2026-05-22 06:00:00,2026-05-22 09:40:00,Казань,chat,high,access,b2c,L1,8.0,3.67,0,4.0,resolved
TKT-100691,2026-06-30 01:00:00,2026-06-30 11:09:20,Казань,phone,high,payment,b2b,Billing,8.0,10.16,0,3.0,closed
TKT-100692,2026-05-24 13:00:00,2026-05-24 20:18:02,Казань,email,critical,security,b2b,Security,4.0,7.3,0,3.0,closed
TKT-100693,2026-06-18 06:00:00,2026-06-18 16:48:31,Ростов-на-Дону,chat,high,other,b2b,L1,8.0,10.81,0,4.0,closed
TKT-100694,2026-06-21 19:00:00,2026-06-22 01:31:13,Санкт-Петербург,chat,critical,other,b2c,L1,4.0,6.52,0,3.0,resolved
TKT-100695,2026-01-17 14:00:00,2026-01-20 05:47:04,Самара,chat,low,integration,b2c,Integration,48.0,63.78,0,4.0,closed
TKT-100696,2026-02-15 18:00:00,2026-02-16 04:27:40,Владивосток,chat,high,integration,b2b,Integration,8.0,10.46,0,3.0,resolved
TKT-100697,2026-05-11 15:00:00,2026-05-13 02:36:23,Новосибирск,web,medium,payment,b2b,Billing,24.0,35.61,0,3.0,closed
TKT-100698,2026-04-17 10:00:00,2026-04-18 23:46:10,Казань,email,medium,security,b2c,Security,24.0,37.77,0,4.0,resolved
TKT-100699,2026-01-10 20:00:00,2026-01-11 02:52:20,Самара,phone,high,security,b2c,Security,8.0,6.87,0,4.0,closed
TKT-100700,2026-01-18 11:00:00,2026-01-18 18:33:16,Казань,email,critical,other,b2c,L1,4.0,7.55,0,3.0,resolved
TKT-100701,2026-04-05 22:00:00,2026-04-06 03:43:18,Казань,phone,high,other,b2c,L1,8.0,5.72,0,4.0,closed
TKT-100702,2026-04-22 23:00:00,2026-04-24 14:25:50,Екатеринбург,web,medium,integration,b2c,L1,24.0,39.43,0,3.0,closed
TKT-100703,2026-01-31 14:00:00,2026-02-01 21:44:33,Санкт-Петербург,chat,medium,security,partner,Security,24.0,31.74,0,5.0,closed
TKT-100704,2026-02-01 16:00:00,2026-02-02 22:04:27,Москва,phone,medium,security,b2b,Security,24.0,30.07,0,4.0,resolved
TKT-100705,2026-01-24 06:00:00,2026-01-25 00:31:41,Казань,web,medium,payment,b2b,Billing,24.0,18.53,0,4.0,closed
TKT-100706,2026-04-13 19:00:00,2026-04-14 20:18:23,Москва,web,medium,other,b2b,L1,24.0,25.31,0,4.0,closed
TKT-100707,2026-01-02 16:00:00,2026-01-03 09:23:10,Казань,chat,low,access,b2c,L1,48.0,17.39,0,4.0,closed
TKT-100708,2026-04-14 21:00:00,2026-04-16 11:32:04,Екатеринбург,chat,low,other,b2b,L1,48.0,38.53,0,4.0,closed
TKT-100709,2026-03-28 06:00:00,2026-03-28 18:29:52,Владивосток,phone,high,security,partner,Billing,8.0,12.5,0,4.0,closed
TKT-100710,2026-03-26 18:00:00,2026-03-27 07:15:45,Москва,chat,medium,access,b2c,L1,24.0,13.26,0,4.0,closed
TKT-100711,2026-05-03 11:00:00,2026-05-03 18:29:59,Новосибирск,web,critical,reporting,b2c,L2,4.0,7.5,0,4.0,closed
TKT-100712,2026-04-05 04:00:00,2026-04-06 07:08:51,Казань,chat,medium,access,b2c,L1,24.0,27.15,0,4.0,closed
TKT-100713,2026-05-12 04:00:00,2026-05-14 07:48:59,Москва,web,low,security,b2b,Security,48.0,51.82,0,4.0,resolved
TKT-100714,2026-05-19 13:00:00,2026-05-22 18:19:43,Санкт-Петербург,email,low,security,b2c,Security,48.0,77.33,0,4.0,closed
TKT-100715,2026-06-16 07:00:00,2026-06-18 01:39:15,Москва,email,low,reporting,b2b,L2,48.0,42.65,0,3.0,resolved
TKT-100716,2026-05-25 02:00:00,2026-05-25 05:43:47,Москва,web,critical,other,b2c,L1,4.0,3.73,0,4.0,closed
TKT-100717,2026-04-04 10:00:00,2026-04-05 15:20:25,Санкт-Петербург,web,low,access,partner,L1,48.0,29.34,0,4.0,closed
TKT-100718,2026-03-31 15:00:00,2026-04-01 12:49:39,Казань,web,medium,payment,b2c,L2,24.0,21.83,0,5.0,resolved
TKT-100719,2026-02-12 07:00:00,2026-02-12 12:41:37,Екатеринбург,web,critical,integration,b2c,Integration,4.0,5.69,0,4.0,closed
TKT-100720,2026-04-19 22:00:00,2026-04-20 02:37:40,Москва,chat,critical,access,b2b,L1,4.0,4.63,0,3.0,closed
TKT-100043,2026-05-07 22:00:00,2026-05-10 13:02:03,Ростов-на-Дону,email,low,reporting,b2c,L2,48.0,65.53,0,3.0,resolved
TKT-100288,2026-04-14 12:00:00,2026-04-16 00:10:44,Казань,email,medium,other,b2c,L1,24.0,38.68,0,2.0,closed
